parcel,year,SD_Cover,n.transects,SE_Cover,CI_95_Cover_Lower,CI_95_Cover_Upper,Cover,Shrub,Herb,Grass,Tree,TLC
LAW090,2022,6.6372156495738,19,1.5226816991041505,8.748332879133049,15.146403962972215,11.947368421052632,11.5,0.07894736842105261,0.2368421052631579,0.13157894736842105,16.13157894736842
LAW090,2024,6.071666293444277,20,1.357665856883559,6.783372703693842,12.466627296306157,9.625,9.4,0,0,0.22499999999999998,10.05
LAW094,2022,2.7456904030632594,20,0.6139550386418244,7.239977335797478,9.810022664202522,8.525,7.8,0,0.7250000000000001,0,14.65
LAW094,2024,4.834837938828647,20,1.0811026291415824,6.162226191922603,10.687773808077399,8.425,8.425,0,0,0,8.45
LAW095,2022,5.829315659031647,20,1.3034746075898749,6.096796292003959,11.55320370799604,8.825,7.625,0,1.2,0,11.65
LAW095,2024,7.679903713760453,20,1.717278676462146,5.330694422042264,12.519305577957738,8.925,8.925,0,0,0,9.7
LAW118,2023,9.47678868655009,15,2.446896317235691,10.085262685411124,20.58140398125554,15.333333333333332,14.666666666666668,0.46666666666666656,0.16666666666666666,0,35.4
LAW118,2025,8.74642784226795,6,3.570714214271425,-0.6788130994545192,17.67881309945452,8.5,8.5,0,0,0,10.166666666666666
LAW129,2025,4.392801304031779,14,1.1740255319900506,2.1779577530873544,7.250613675484074,4.714285714285714,4.214285714285714,0.5,0,0,8.142857142857142
