parcel,quad,parcel_code,segment_key,species,hits,survey_year,source_file,length_m,n_possible_hits,intercept_spacing_m,denominator_source,percent_cover
IND131S,IND,131S,1.1-1.2,ATPO,40,2025,Re_Veg Parcels 2025 IND_BLK_TIN_BGP_BIS_LAW.xlsx,100.12,200,0.5,gis_post_distance,20
IND131S,IND,131S,1.2-1.3,ATPO,0,2025,Re_Veg Parcels 2025 IND_BLK_TIN_BGP_BIS_LAW.xlsx,101.33,203,0.5,gis_post_distance,0
IND131S,IND,131S,1.3-1.4,ATPO,0,2025,Re_Veg Parcels 2025 IND_BLK_TIN_BGP_BIS_LAW.xlsx,98.46,197,0.5,gis_post_distance,0
IND131S,IND,131S,1.4-1.5,ATPO,0,2025,Re_Veg Parcels 2025 IND_BLK_TIN_BGP_BIS_LAW.xlsx,99.44,199,0.5,gis_post_distance,0
IND131S,IND,131S,1.5-1.6,ATPO,0,2025,Re_Veg Parcels 2025 IND_BLK_TIN_BGP_BIS_LAW.xlsx,101.37,203,0.5,gis_post_distance,0
IND131S,IND,131S,1.6-1.0,ATPO,0,2025,Re_Veg Parcels 2025 IND_BLK_TIN_BGP_BIS_LAW.xlsx,85.41,171,0.5,gis_post_distance,0
IND131S,IND,131S,2.1-2.2,ATPO,0,2025,Re_Veg Parcels 2025 IND_BLK_TIN_BGP_BIS_LAW.xlsx,NA,NA,NA,NA,NA
IND131S,IND,131S,2.2-2.3,ATPO,0,2025,Re_Veg Parcels 2025 IND_BLK_TIN_BGP_BIS_LAW.xlsx,NA,NA,NA,NA,NA
IND131S,IND,131S,2.3-2.4,ATPO,0,2025,Re_Veg Parcels 2025 IND_BLK_TIN_BGP_BIS_LAW.xlsx,101.02,202,0.5,gis_post_distance,0
IND131S,IND,131S,2.4-2.5,ATPO,0,2025,Re_Veg Parcels 2025 IND_BLK_TIN_BGP_BIS_LAW.xlsx,99.2,198,0.5,gis_post_distance,0
IND131S,IND,131S,2.5-2.6,ATPO,9,2025,Re_Veg Parcels 2025 IND_BLK_TIN_BGP_BIS_LAW.xlsx,99.8,200,0.5,gis_post_distance,4.5
IND131S,IND,131S,2.6-2.7,ATPO,31,2025,Re_Veg Parcels 2025 IND_BLK_TIN_BGP_BIS_LAW.xlsx,98.56,197,0.5,gis_post_distance,15.736040609137056
IND131S,IND,131S,2.7-2.0,ATPO,39,2025,Re_Veg Parcels 2025 IND_BLK_TIN_BGP_BIS_LAW.xlsx,101.99,204,0.5,gis_post_distance,19.11764705882353
IND131S,IND,131S,3.1-3.2,ATPO,69,2025,Re_Veg Parcels 2025 IND_BLK_TIN_BGP_BIS_LAW.xlsx,100.17,200,0.5,gis_post_distance,34.5
IND131S,IND,131S,3.2-3.3,ATPO,1,2025,Re_Veg Parcels 2025 IND_BLK_TIN_BGP_BIS_LAW.xlsx,100.98,202,0.5,gis_post_distance,0.49504950495049505
IND131S,IND,131S,3.3-3.4,ATPO,4,2025,Re_Veg Parcels 2025 IND_BLK_TIN_BGP_BIS_LAW.xlsx,100.32,201,0.5,gis_post_distance,1.9900497512437811
IND131S,IND,131S,3.4-3.5,ATPO,0,2025,Re_Veg Parcels 2025 IND_BLK_TIN_BGP_BIS_LAW.xlsx,99.68,199,0.5,gis_post_distance,0
IND131S,IND,131S,3.5-3.6,ATPO,0,2025,Re_Veg Parcels 2025 IND_BLK_TIN_BGP_BIS_LAW.xlsx,98.12,196,0.5,gis_post_distance,0
IND131S,IND,131S,3.6-3.7,ATPO,0,2025,Re_Veg Parcels 2025 IND_BLK_TIN_BGP_BIS_LAW.xlsx,98.74,197,0.5,gis_post_distance,0
IND131S,IND,131S,3.7-3.0,ATPO,0,2025,Re_Veg Parcels 2025 IND_BLK_TIN_BGP_BIS_LAW.xlsx,NA,NA,NA,NA,NA
IND131S,IND,131S,4.1-4.2,ATPO,0,2025,Re_Veg Parcels 2025 IND_BLK_TIN_BGP_BIS_LAW.xlsx,102.5,205,0.5,gis_post_distance,0
IND131S,IND,131S,4.2-4.0,ATPO,0,2025,Re_Veg Parcels 2025 IND_BLK_TIN_BGP_BIS_LAW.xlsx,147,294,0.5,gis_post_distance,0
IND131S,IND,131S,5.1-5.0,ATPO,0,2025,Re_Veg Parcels 2025 IND_BLK_TIN_BGP_BIS_LAW.xlsx,82.86,166,0.5,gis_post_distance,0
IND131S,IND,131S,1.1-1.2,SATR12,0,2025,Re_Veg Parcels 2025 IND_BLK_TIN_BGP_BIS_LAW.xlsx,100.12,200,0.5,gis_post_distance,0
IND131S,IND,131S,1.2-1.3,SATR12,8,2025,Re_Veg Parcels 2025 IND_BLK_TIN_BGP_BIS_LAW.xlsx,101.33,203,0.5,gis_post_distance,3.9408866995073892
IND131S,IND,131S,1.3-1.4,SATR12,9,2025,Re_Veg Parcels 2025 IND_BLK_TIN_BGP_BIS_LAW.xlsx,98.46,197,0.5,gis_post_distance,4.568527918781726
IND131S,IND,131S,1.4-1.5,SATR12,2,2025,Re_Veg Parcels 2025 IND_BLK_TIN_BGP_BIS_LAW.xlsx,99.44,199,0.5,gis_post_distance,1.0050251256281406
IND131S,IND,131S,1.5-1.6,SATR12,4,2025,Re_Veg Parcels 2025 IND_BLK_TIN_BGP_BIS_LAW.xlsx,101.37,203,0.5,gis_post_distance,1.9704433497536946
IND131S,IND,131S,1.6-1.0,SATR12,3,2025,Re_Veg Parcels 2025 IND_BLK_TIN_BGP_BIS_LAW.xlsx,85.41,171,0.5,gis_post_distance,1.7543859649122806
IND131S,IND,131S,2.1-2.2,SATR12,3,2025,Re_Veg Parcels 2025 IND_BLK_TIN_BGP_BIS_LAW.xlsx,NA,NA,NA,NA,NA
IND131S,IND,131S,2.2-2.3,SATR12,4,2025,Re_Veg Parcels 2025 IND_BLK_TIN_BGP_BIS_LAW.xlsx,NA,NA,NA,NA,NA
IND131S,IND,131S,2.3-2.4,SATR12,0,2025,Re_Veg Parcels 2025 IND_BLK_TIN_BGP_BIS_LAW.xlsx,101.02,202,0.5,gis_post_distance,0
IND131S,IND,131S,2.4-2.5,SATR12,20,2025,Re_Veg Parcels 2025 IND_BLK_TIN_BGP_BIS_LAW.xlsx,99.2,198,0.5,gis_post_distance,10.1010101010101
IND131S,IND,131S,2.5-2.6,SATR12,17,2025,Re_Veg Parcels 2025 IND_BLK_TIN_BGP_BIS_LAW.xlsx,99.8,200,0.5,gis_post_distance,8.5
IND131S,IND,131S,2.6-2.7,SATR12,5,2025,Re_Veg Parcels 2025 IND_BLK_TIN_BGP_BIS_LAW.xlsx,98.56,197,0.5,gis_post_distance,2.5380710659898478
IND131S,IND,131S,2.7-2.0,SATR12,0,2025,Re_Veg Parcels 2025 IND_BLK_TIN_BGP_BIS_LAW.xlsx,101.99,204,0.5,gis_post_distance,0
IND131S,IND,131S,3.1-3.2,SATR12,0,2025,Re_Veg Parcels 2025 IND_BLK_TIN_BGP_BIS_LAW.xlsx,100.17,200,0.5,gis_post_distance,0
IND131S,IND,131S,3.2-3.3,SATR12,10,2025,Re_Veg Parcels 2025 IND_BLK_TIN_BGP_BIS_LAW.xlsx,100.98,202,0.5,gis_post_distance,4.9504950495049505
IND131S,IND,131S,3.3-3.4,SATR12,13,2025,Re_Veg Parcels 2025 IND_BLK_TIN_BGP_BIS_LAW.xlsx,100.32,201,0.5,gis_post_distance,6.467661691542288
IND131S,IND,131S,3.4-3.5,SATR12,2,2025,Re_Veg Parcels 2025 IND_BLK_TIN_BGP_BIS_LAW.xlsx,99.68,199,0.5,gis_post_distance,1.0050251256281406
IND131S,IND,131S,3.5-3.6,SATR12,1,2025,Re_Veg Parcels 2025 IND_BLK_TIN_BGP_BIS_LAW.xlsx,98.12,196,0.5,gis_post_distance,0.5102040816326531
IND131S,IND,131S,3.6-3.7,SATR12,10,2025,Re_Veg Parcels 2025 IND_BLK_TIN_BGP_BIS_LAW.xlsx,98.74,197,0.5,gis_post_distance,5.0761421319796955
IND131S,IND,131S,3.7-3.0,SATR12,1,2025,Re_Veg Parcels 2025 IND_BLK_TIN_BGP_BIS_LAW.xlsx,NA,NA,NA,NA,NA
IND131S,IND,131S,4.1-4.2,SATR12,4,2025,Re_Veg Parcels 2025 IND_BLK_TIN_BGP_BIS_LAW.xlsx,102.5,205,0.5,gis_post_distance,1.951219512195122
IND131S,IND,131S,4.2-4.0,SATR12,1,2025,Re_Veg Parcels 2025 IND_BLK_TIN_BGP_BIS_LAW.xlsx,147,294,0.5,gis_post_distance,0.3401360544217687
IND131S,IND,131S,5.1-5.0,SATR12,0,2025,Re_Veg Parcels 2025 IND_BLK_TIN_BGP_BIS_LAW.xlsx,82.86,166,0.5,gis_post_distance,0
IND131S,IND,131S,1.1-1.2,ATTO,0,2025,Re_Veg Parcels 2025 IND_BLK_TIN_BGP_BIS_LAW.xlsx,100.12,200,0.5,gis_post_distance,0
IND131S,IND,131S,1.2-1.3,ATTO,0,2025,Re_Veg Parcels 2025 IND_BLK_TIN_BGP_BIS_LAW.xlsx,101.33,203,0.5,gis_post_distance,0
IND131S,IND,131S,1.3-1.4,ATTO,0,2025,Re_Veg Parcels 2025 IND_BLK_TIN_BGP_BIS_LAW.xlsx,98.46,197,0.5,gis_post_distance,0
IND131S,IND,131S,1.4-1.5,ATTO,0,2025,Re_Veg Parcels 2025 IND_BLK_TIN_BGP_BIS_LAW.xlsx,99.44,199,0.5,gis_post_distance,0
IND131S,IND,131S,1.5-1.6,ATTO,0,2025,Re_Veg Parcels 2025 IND_BLK_TIN_BGP_BIS_LAW.xlsx,101.37,203,0.5,gis_post_distance,0
IND131S,IND,131S,1.6-1.0,ATTO,0,2025,Re_Veg Parcels 2025 IND_BLK_TIN_BGP_BIS_LAW.xlsx,85.41,171,0.5,gis_post_distance,0
IND131S,IND,131S,2.1-2.2,ATTO,1,2025,Re_Veg Parcels 2025 IND_BLK_TIN_BGP_BIS_LAW.xlsx,NA,NA,NA,NA,NA
IND131S,IND,131S,2.2-2.3,ATTO,0,2025,Re_Veg Parcels 2025 IND_BLK_TIN_BGP_BIS_LAW.xlsx,NA,NA,NA,NA,NA
IND131S,IND,131S,2.3-2.4,ATTO,0,2025,Re_Veg Parcels 2025 IND_BLK_TIN_BGP_BIS_LAW.xlsx,101.02,202,0.5,gis_post_distance,0
IND131S,IND,131S,2.4-2.5,ATTO,0,2025,Re_Veg Parcels 2025 IND_BLK_TIN_BGP_BIS_LAW.xlsx,99.2,198,0.5,gis_post_distance,0
IND131S,IND,131S,2.5-2.6,ATTO,0,2025,Re_Veg Parcels 2025 IND_BLK_TIN_BGP_BIS_LAW.xlsx,99.8,200,0.5,gis_post_distance,0
IND131S,IND,131S,2.6-2.7,ATTO,0,2025,Re_Veg Parcels 2025 IND_BLK_TIN_BGP_BIS_LAW.xlsx,98.56,197,0.5,gis_post_distance,0
IND131S,IND,131S,2.7-2.0,ATTO,0,2025,Re_Veg Parcels 2025 IND_BLK_TIN_BGP_BIS_LAW.xlsx,101.99,204,0.5,gis_post_distance,0
IND131S,IND,131S,3.1-3.2,ATTO,0,2025,Re_Veg Parcels 2025 IND_BLK_TIN_BGP_BIS_LAW.xlsx,100.17,200,0.5,gis_post_distance,0
IND131S,IND,131S,3.2-3.3,ATTO,8,2025,Re_Veg Parcels 2025 IND_BLK_TIN_BGP_BIS_LAW.xlsx,100.98,202,0.5,gis_post_distance,3.9603960396039604
IND131S,IND,131S,3.3-3.4,ATTO,0,2025,Re_Veg Parcels 2025 IND_BLK_TIN_BGP_BIS_LAW.xlsx,100.32,201,0.5,gis_post_distance,0
IND131S,IND,131S,3.4-3.5,ATTO,0,2025,Re_Veg Parcels 2025 IND_BLK_TIN_BGP_BIS_LAW.xlsx,99.68,199,0.5,gis_post_distance,0
IND131S,IND,131S,3.5-3.6,ATTO,0,2025,Re_Veg Parcels 2025 IND_BLK_TIN_BGP_BIS_LAW.xlsx,98.12,196,0.5,gis_post_distance,0
IND131S,IND,131S,3.6-3.7,ATTO,12,2025,Re_Veg Parcels 2025 IND_BLK_TIN_BGP_BIS_LAW.xlsx,98.74,197,0.5,gis_post_distance,6.091370558375635
IND131S,IND,131S,3.7-3.0,ATTO,12,2025,Re_Veg Parcels 2025 IND_BLK_TIN_BGP_BIS_LAW.xlsx,NA,NA,NA,NA,NA
IND131S,IND,131S,4.1-4.2,ATTO,5,2025,Re_Veg Parcels 2025 IND_BLK_TIN_BGP_BIS_LAW.xlsx,102.5,205,0.5,gis_post_distance,2.4390243902439024
IND131S,IND,131S,4.2-4.0,ATTO,17,2025,Re_Veg Parcels 2025 IND_BLK_TIN_BGP_BIS_LAW.xlsx,147,294,0.5,gis_post_distance,5.782312925170068
IND131S,IND,131S,5.1-5.0,ATTO,48,2025,Re_Veg Parcels 2025 IND_BLK_TIN_BGP_BIS_LAW.xlsx,82.86,166,0.5,gis_post_distance,28.915662650602407
IND131S,IND,131S,1.1-1.2,ATCA2,0,2025,Re_Veg Parcels 2025 IND_BLK_TIN_BGP_BIS_LAW.xlsx,100.12,200,0.5,gis_post_distance,0
IND131S,IND,131S,1.2-1.3,ATCA2,0,2025,Re_Veg Parcels 2025 IND_BLK_TIN_BGP_BIS_LAW.xlsx,101.33,203,0.5,gis_post_distance,0
IND131S,IND,131S,1.3-1.4,ATCA2,0,2025,Re_Veg Parcels 2025 IND_BLK_TIN_BGP_BIS_LAW.xlsx,98.46,197,0.5,gis_post_distance,0
IND131S,IND,131S,1.4-1.5,ATCA2,0,2025,Re_Veg Parcels 2025 IND_BLK_TIN_BGP_BIS_LAW.xlsx,99.44,199,0.5,gis_post_distance,0
IND131S,IND,131S,1.5-1.6,ATCA2,4,2025,Re_Veg Parcels 2025 IND_BLK_TIN_BGP_BIS_LAW.xlsx,101.37,203,0.5,gis_post_distance,1.9704433497536946
IND131S,IND,131S,1.6-1.0,ATCA2,3,2025,Re_Veg Parcels 2025 IND_BLK_TIN_BGP_BIS_LAW.xlsx,85.41,171,0.5,gis_post_distance,1.7543859649122806
IND131S,IND,131S,2.1-2.2,ATCA2,0,2025,Re_Veg Parcels 2025 IND_BLK_TIN_BGP_BIS_LAW.xlsx,NA,NA,NA,NA,NA
IND131S,IND,131S,2.2-2.3,ATCA2,0,2025,Re_Veg Parcels 2025 IND_BLK_TIN_BGP_BIS_LAW.xlsx,NA,NA,NA,NA,NA
IND131S,IND,131S,2.3-2.4,ATCA2,0,2025,Re_Veg Parcels 2025 IND_BLK_TIN_BGP_BIS_LAW.xlsx,101.02,202,0.5,gis_post_distance,0
IND131S,IND,131S,2.4-2.5,ATCA2,0,2025,Re_Veg Parcels 2025 IND_BLK_TIN_BGP_BIS_LAW.xlsx,99.2,198,0.5,gis_post_distance,0
IND131S,IND,131S,2.5-2.6,ATCA2,0,2025,Re_Veg Parcels 2025 IND_BLK_TIN_BGP_BIS_LAW.xlsx,99.8,200,0.5,gis_post_distance,0
IND131S,IND,131S,2.6-2.7,ATCA2,2,2025,Re_Veg Parcels 2025 IND_BLK_TIN_BGP_BIS_LAW.xlsx,98.56,197,0.5,gis_post_distance,1.015228426395939
IND131S,IND,131S,2.7-2.0,ATCA2,0,2025,Re_Veg Parcels 2025 IND_BLK_TIN_BGP_BIS_LAW.xlsx,101.99,204,0.5,gis_post_distance,0
IND131S,IND,131S,3.1-3.2,ATCA2,7,2025,Re_Veg Parcels 2025 IND_BLK_TIN_BGP_BIS_LAW.xlsx,100.17,200,0.5,gis_post_distance,3.5000000000000004
IND131S,IND,131S,3.2-3.3,ATCA2,47,2025,Re_Veg Parcels 2025 IND_BLK_TIN_BGP_BIS_LAW.xlsx,100.98,202,0.5,gis_post_distance,23.26732673267327
IND131S,IND,131S,3.3-3.4,ATCA2,7,2025,Re_Veg Parcels 2025 IND_BLK_TIN_BGP_BIS_LAW.xlsx,100.32,201,0.5,gis_post_distance,3.482587064676617
IND131S,IND,131S,3.4-3.5,ATCA2,0,2025,Re_Veg Parcels 2025 IND_BLK_TIN_BGP_BIS_LAW.xlsx,99.68,199,0.5,gis_post_distance,0
IND131S,IND,131S,3.5-3.6,ATCA2,0,2025,Re_Veg Parcels 2025 IND_BLK_TIN_BGP_BIS_LAW.xlsx,98.12,196,0.5,gis_post_distance,0
IND131S,IND,131S,3.6-3.7,ATCA2,0,2025,Re_Veg Parcels 2025 IND_BLK_TIN_BGP_BIS_LAW.xlsx,98.74,197,0.5,gis_post_distance,0
IND131S,IND,131S,3.7-3.0,ATCA2,0,2025,Re_Veg Parcels 2025 IND_BLK_TIN_BGP_BIS_LAW.xlsx,NA,NA,NA,NA,NA
IND131S,IND,131S,4.1-4.2,ATCA2,2,2025,Re_Veg Parcels 2025 IND_BLK_TIN_BGP_BIS_LAW.xlsx,102.5,205,0.5,gis_post_distance,0.975609756097561
IND131S,IND,131S,4.2-4.0,ATCA2,0,2025,Re_Veg Parcels 2025 IND_BLK_TIN_BGP_BIS_LAW.xlsx,147,294,0.5,gis_post_distance,0
IND131S,IND,131S,5.1-5.0,ATCA2,0,2025,Re_Veg Parcels 2025 IND_BLK_TIN_BGP_BIS_LAW.xlsx,82.86,166,0.5,gis_post_distance,0
IND131S,IND,131S,1.1-1.2,ERNA10,0,2025,Re_Veg Parcels 2025 IND_BLK_TIN_BGP_BIS_LAW.xlsx,100.12,200,0.5,gis_post_distance,0
IND131S,IND,131S,1.2-1.3,ERNA10,0,2025,Re_Veg Parcels 2025 IND_BLK_TIN_BGP_BIS_LAW.xlsx,101.33,203,0.5,gis_post_distance,0
IND131S,IND,131S,1.3-1.4,ERNA10,0,2025,Re_Veg Parcels 2025 IND_BLK_TIN_BGP_BIS_LAW.xlsx,98.46,197,0.5,gis_post_distance,0
IND131S,IND,131S,1.4-1.5,ERNA10,0,2025,Re_Veg Parcels 2025 IND_BLK_TIN_BGP_BIS_LAW.xlsx,99.44,199,0.5,gis_post_distance,0
IND131S,IND,131S,1.5-1.6,ERNA10,0,2025,Re_Veg Parcels 2025 IND_BLK_TIN_BGP_BIS_LAW.xlsx,101.37,203,0.5,gis_post_distance,0
IND131S,IND,131S,1.6-1.0,ERNA10,1,2025,Re_Veg Parcels 2025 IND_BLK_TIN_BGP_BIS_LAW.xlsx,85.41,171,0.5,gis_post_distance,0.5847953216374269
IND131S,IND,131S,2.1-2.2,ERNA10,1,2025,Re_Veg Parcels 2025 IND_BLK_TIN_BGP_BIS_LAW.xlsx,NA,NA,NA,NA,NA
IND131S,IND,131S,2.2-2.3,ERNA10,13,2025,Re_Veg Parcels 2025 IND_BLK_TIN_BGP_BIS_LAW.xlsx,NA,NA,NA,NA,NA
IND131S,IND,131S,2.3-2.4,ERNA10,0,2025,Re_Veg Parcels 2025 IND_BLK_TIN_BGP_BIS_LAW.xlsx,101.02,202,0.5,gis_post_distance,0
IND131S,IND,131S,2.4-2.5,ERNA10,0,2025,Re_Veg Parcels 2025 IND_BLK_TIN_BGP_BIS_LAW.xlsx,99.2,198,0.5,gis_post_distance,0
IND131S,IND,131S,2.5-2.6,ERNA10,0,2025,Re_Veg Parcels 2025 IND_BLK_TIN_BGP_BIS_LAW.xlsx,99.8,200,0.5,gis_post_distance,0
IND131S,IND,131S,2.6-2.7,ERNA10,0,2025,Re_Veg Parcels 2025 IND_BLK_TIN_BGP_BIS_LAW.xlsx,98.56,197,0.5,gis_post_distance,0
IND131S,IND,131S,2.7-2.0,ERNA10,0,2025,Re_Veg Parcels 2025 IND_BLK_TIN_BGP_BIS_LAW.xlsx,101.99,204,0.5,gis_post_distance,0
IND131S,IND,131S,3.1-3.2,ERNA10,5,2025,Re_Veg Parcels 2025 IND_BLK_TIN_BGP_BIS_LAW.xlsx,100.17,200,0.5,gis_post_distance,2.5
IND131S,IND,131S,3.2-3.3,ERNA10,8,2025,Re_Veg Parcels 2025 IND_BLK_TIN_BGP_BIS_LAW.xlsx,100.98,202,0.5,gis_post_distance,3.9603960396039604
IND131S,IND,131S,3.3-3.4,ERNA10,5,2025,Re_Veg Parcels 2025 IND_BLK_TIN_BGP_BIS_LAW.xlsx,100.32,201,0.5,gis_post_distance,2.4875621890547266
IND131S,IND,131S,3.4-3.5,ERNA10,26,2025,Re_Veg Parcels 2025 IND_BLK_TIN_BGP_BIS_LAW.xlsx,99.68,199,0.5,gis_post_distance,13.06532663316583
IND131S,IND,131S,3.5-3.6,ERNA10,4,2025,Re_Veg Parcels 2025 IND_BLK_TIN_BGP_BIS_LAW.xlsx,98.12,196,0.5,gis_post_distance,2.0408163265306123
IND131S,IND,131S,3.6-3.7,ERNA10,0,2025,Re_Veg Parcels 2025 IND_BLK_TIN_BGP_BIS_LAW.xlsx,98.74,197,0.5,gis_post_distance,0
IND131S,IND,131S,3.7-3.0,ERNA10,0,2025,Re_Veg Parcels 2025 IND_BLK_TIN_BGP_BIS_LAW.xlsx,NA,NA,NA,NA,NA
IND131S,IND,131S,4.1-4.2,ERNA10,0,2025,Re_Veg Parcels 2025 IND_BLK_TIN_BGP_BIS_LAW.xlsx,102.5,205,0.5,gis_post_distance,0
IND131S,IND,131S,4.2-4.0,ERNA10,0,2025,Re_Veg Parcels 2025 IND_BLK_TIN_BGP_BIS_LAW.xlsx,147,294,0.5,gis_post_distance,0
IND131S,IND,131S,5.1-5.0,ERNA10,6,2025,Re_Veg Parcels 2025 IND_BLK_TIN_BGP_BIS_LAW.xlsx,82.86,166,0.5,gis_post_distance,3.614457831325301
IND131S,IND,131S,1.1-1.2,ARTRT,0,2025,Re_Veg Parcels 2025 IND_BLK_TIN_BGP_BIS_LAW.xlsx,100.12,200,0.5,gis_post_distance,0
IND131S,IND,131S,1.2-1.3,ARTRT,0,2025,Re_Veg Parcels 2025 IND_BLK_TIN_BGP_BIS_LAW.xlsx,101.33,203,0.5,gis_post_distance,0
IND131S,IND,131S,1.3-1.4,ARTRT,0,2025,Re_Veg Parcels 2025 IND_BLK_TIN_BGP_BIS_LAW.xlsx,98.46,197,0.5,gis_post_distance,0
IND131S,IND,131S,1.4-1.5,ARTRT,0,2025,Re_Veg Parcels 2025 IND_BLK_TIN_BGP_BIS_LAW.xlsx,99.44,199,0.5,gis_post_distance,0
IND131S,IND,131S,1.5-1.6,ARTRT,0,2025,Re_Veg Parcels 2025 IND_BLK_TIN_BGP_BIS_LAW.xlsx,101.37,203,0.5,gis_post_distance,0
IND131S,IND,131S,1.6-1.0,ARTRT,0,2025,Re_Veg Parcels 2025 IND_BLK_TIN_BGP_BIS_LAW.xlsx,85.41,171,0.5,gis_post_distance,0
IND131S,IND,131S,2.1-2.2,ARTRT,2,2025,Re_Veg Parcels 2025 IND_BLK_TIN_BGP_BIS_LAW.xlsx,NA,NA,NA,NA,NA
IND131S,IND,131S,2.2-2.3,ARTRT,4,2025,Re_Veg Parcels 2025 IND_BLK_TIN_BGP_BIS_LAW.xlsx,NA,NA,NA,NA,NA
IND131S,IND,131S,2.3-2.4,ARTRT,0,2025,Re_Veg Parcels 2025 IND_BLK_TIN_BGP_BIS_LAW.xlsx,101.02,202,0.5,gis_post_distance,0
IND131S,IND,131S,2.4-2.5,ARTRT,0,2025,Re_Veg Parcels 2025 IND_BLK_TIN_BGP_BIS_LAW.xlsx,99.2,198,0.5,gis_post_distance,0
IND131S,IND,131S,2.5-2.6,ARTRT,0,2025,Re_Veg Parcels 2025 IND_BLK_TIN_BGP_BIS_LAW.xlsx,99.8,200,0.5,gis_post_distance,0
IND131S,IND,131S,2.6-2.7,ARTRT,0,2025,Re_Veg Parcels 2025 IND_BLK_TIN_BGP_BIS_LAW.xlsx,98.56,197,0.5,gis_post_distance,0
IND131S,IND,131S,2.7-2.0,ARTRT,0,2025,Re_Veg Parcels 2025 IND_BLK_TIN_BGP_BIS_LAW.xlsx,101.99,204,0.5,gis_post_distance,0
IND131S,IND,131S,3.1-3.2,ARTRT,0,2025,Re_Veg Parcels 2025 IND_BLK_TIN_BGP_BIS_LAW.xlsx,100.17,200,0.5,gis_post_distance,0
IND131S,IND,131S,3.2-3.3,ARTRT,0,2025,Re_Veg Parcels 2025 IND_BLK_TIN_BGP_BIS_LAW.xlsx,100.98,202,0.5,gis_post_distance,0
IND131S,IND,131S,3.3-3.4,ARTRT,0,2025,Re_Veg Parcels 2025 IND_BLK_TIN_BGP_BIS_LAW.xlsx,100.32,201,0.5,gis_post_distance,0
IND131S,IND,131S,3.4-3.5,ARTRT,0,2025,Re_Veg Parcels 2025 IND_BLK_TIN_BGP_BIS_LAW.xlsx,99.68,199,0.5,gis_post_distance,0
IND131S,IND,131S,3.5-3.6,ARTRT,0,2025,Re_Veg Parcels 2025 IND_BLK_TIN_BGP_BIS_LAW.xlsx,98.12,196,0.5,gis_post_distance,0
IND131S,IND,131S,3.6-3.7,ARTRT,0,2025,Re_Veg Parcels 2025 IND_BLK_TIN_BGP_BIS_LAW.xlsx,98.74,197,0.5,gis_post_distance,0
IND131S,IND,131S,3.7-3.0,ARTRT,0,2025,Re_Veg Parcels 2025 IND_BLK_TIN_BGP_BIS_LAW.xlsx,NA,NA,NA,NA,NA
IND131S,IND,131S,4.1-4.2,ARTRT,4,2025,Re_Veg Parcels 2025 IND_BLK_TIN_BGP_BIS_LAW.xlsx,102.5,205,0.5,gis_post_distance,1.951219512195122
IND131S,IND,131S,4.2-4.0,ARTRT,0,2025,Re_Veg Parcels 2025 IND_BLK_TIN_BGP_BIS_LAW.xlsx,147,294,0.5,gis_post_distance,0
IND131S,IND,131S,5.1-5.0,ARTRT,0,2025,Re_Veg Parcels 2025 IND_BLK_TIN_BGP_BIS_LAW.xlsx,82.86,166,0.5,gis_post_distance,0
IND131S,IND,131S,1.1-1.2,ARTRP2,0,2025,Re_Veg Parcels 2025 IND_BLK_TIN_BGP_BIS_LAW.xlsx,100.12,200,0.5,gis_post_distance,0
IND131S,IND,131S,1.2-1.3,ARTRP2,0,2025,Re_Veg Parcels 2025 IND_BLK_TIN_BGP_BIS_LAW.xlsx,101.33,203,0.5,gis_post_distance,0
IND131S,IND,131S,1.3-1.4,ARTRP2,0,2025,Re_Veg Parcels 2025 IND_BLK_TIN_BGP_BIS_LAW.xlsx,98.46,197,0.5,gis_post_distance,0
IND131S,IND,131S,1.4-1.5,ARTRP2,0,2025,Re_Veg Parcels 2025 IND_BLK_TIN_BGP_BIS_LAW.xlsx,99.44,199,0.5,gis_post_distance,0
IND131S,IND,131S,1.5-1.6,ARTRP2,0,2025,Re_Veg Parcels 2025 IND_BLK_TIN_BGP_BIS_LAW.xlsx,101.37,203,0.5,gis_post_distance,0
IND131S,IND,131S,1.6-1.0,ARTRP2,0,2025,Re_Veg Parcels 2025 IND_BLK_TIN_BGP_BIS_LAW.xlsx,85.41,171,0.5,gis_post_distance,0
IND131S,IND,131S,2.1-2.2,ARTRP2,2,2025,Re_Veg Parcels 2025 IND_BLK_TIN_BGP_BIS_LAW.xlsx,NA,NA,NA,NA,NA
IND131S,IND,131S,2.2-2.3,ARTRP2,2,2025,Re_Veg Parcels 2025 IND_BLK_TIN_BGP_BIS_LAW.xlsx,NA,NA,NA,NA,NA
IND131S,IND,131S,2.3-2.4,ARTRP2,0,2025,Re_Veg Parcels 2025 IND_BLK_TIN_BGP_BIS_LAW.xlsx,101.02,202,0.5,gis_post_distance,0
IND131S,IND,131S,2.4-2.5,ARTRP2,0,2025,Re_Veg Parcels 2025 IND_BLK_TIN_BGP_BIS_LAW.xlsx,99.2,198,0.5,gis_post_distance,0
IND131S,IND,131S,2.5-2.6,ARTRP2,0,2025,Re_Veg Parcels 2025 IND_BLK_TIN_BGP_BIS_LAW.xlsx,99.8,200,0.5,gis_post_distance,0
IND131S,IND,131S,2.6-2.7,ARTRP2,0,2025,Re_Veg Parcels 2025 IND_BLK_TIN_BGP_BIS_LAW.xlsx,98.56,197,0.5,gis_post_distance,0
IND131S,IND,131S,2.7-2.0,ARTRP2,0,2025,Re_Veg Parcels 2025 IND_BLK_TIN_BGP_BIS_LAW.xlsx,101.99,204,0.5,gis_post_distance,0
IND131S,IND,131S,3.1-3.2,ARTRP2,0,2025,Re_Veg Parcels 2025 IND_BLK_TIN_BGP_BIS_LAW.xlsx,100.17,200,0.5,gis_post_distance,0
IND131S,IND,131S,3.2-3.3,ARTRP2,0,2025,Re_Veg Parcels 2025 IND_BLK_TIN_BGP_BIS_LAW.xlsx,100.98,202,0.5,gis_post_distance,0
IND131S,IND,131S,3.3-3.4,ARTRP2,0,2025,Re_Veg Parcels 2025 IND_BLK_TIN_BGP_BIS_LAW.xlsx,100.32,201,0.5,gis_post_distance,0
IND131S,IND,131S,3.4-3.5,ARTRP2,0,2025,Re_Veg Parcels 2025 IND_BLK_TIN_BGP_BIS_LAW.xlsx,99.68,199,0.5,gis_post_distance,0
IND131S,IND,131S,3.5-3.6,ARTRP2,0,2025,Re_Veg Parcels 2025 IND_BLK_TIN_BGP_BIS_LAW.xlsx,98.12,196,0.5,gis_post_distance,0
IND131S,IND,131S,3.6-3.7,ARTRP2,0,2025,Re_Veg Parcels 2025 IND_BLK_TIN_BGP_BIS_LAW.xlsx,98.74,197,0.5,gis_post_distance,0
IND131S,IND,131S,3.7-3.0,ARTRP2,0,2025,Re_Veg Parcels 2025 IND_BLK_TIN_BGP_BIS_LAW.xlsx,NA,NA,NA,NA,NA
IND131S,IND,131S,4.1-4.2,ARTRP2,0,2025,Re_Veg Parcels 2025 IND_BLK_TIN_BGP_BIS_LAW.xlsx,102.5,205,0.5,gis_post_distance,0
IND131S,IND,131S,4.2-4.0,ARTRP2,0,2025,Re_Veg Parcels 2025 IND_BLK_TIN_BGP_BIS_LAW.xlsx,147,294,0.5,gis_post_distance,0
IND131S,IND,131S,5.1-5.0,ARTRP2,0,2025,Re_Veg Parcels 2025 IND_BLK_TIN_BGP_BIS_LAW.xlsx,82.86,166,0.5,gis_post_distance,0
IND131S,IND,131S,1.1-1.2,DAWR2,0,2025,Re_Veg Parcels 2025 IND_BLK_TIN_BGP_BIS_LAW.xlsx,100.12,200,0.5,gis_post_distance,0
IND131S,IND,131S,1.2-1.3,DAWR2,0,2025,Re_Veg Parcels 2025 IND_BLK_TIN_BGP_BIS_LAW.xlsx,101.33,203,0.5,gis_post_distance,0
IND131S,IND,131S,1.3-1.4,DAWR2,0,2025,Re_Veg Parcels 2025 IND_BLK_TIN_BGP_BIS_LAW.xlsx,98.46,197,0.5,gis_post_distance,0
IND131S,IND,131S,1.4-1.5,DAWR2,0,2025,Re_Veg Parcels 2025 IND_BLK_TIN_BGP_BIS_LAW.xlsx,99.44,199,0.5,gis_post_distance,0
IND131S,IND,131S,1.5-1.6,DAWR2,0,2025,Re_Veg Parcels 2025 IND_BLK_TIN_BGP_BIS_LAW.xlsx,101.37,203,0.5,gis_post_distance,0
IND131S,IND,131S,1.6-1.0,DAWR2,0,2025,Re_Veg Parcels 2025 IND_BLK_TIN_BGP_BIS_LAW.xlsx,85.41,171,0.5,gis_post_distance,0
IND131S,IND,131S,2.1-2.2,DAWR2,0,2025,Re_Veg Parcels 2025 IND_BLK_TIN_BGP_BIS_LAW.xlsx,NA,NA,NA,NA,NA
IND131S,IND,131S,2.2-2.3,DAWR2,1,2025,Re_Veg Parcels 2025 IND_BLK_TIN_BGP_BIS_LAW.xlsx,NA,NA,NA,NA,NA
IND131S,IND,131S,2.3-2.4,DAWR2,0,2025,Re_Veg Parcels 2025 IND_BLK_TIN_BGP_BIS_LAW.xlsx,101.02,202,0.5,gis_post_distance,0
IND131S,IND,131S,2.4-2.5,DAWR2,0,2025,Re_Veg Parcels 2025 IND_BLK_TIN_BGP_BIS_LAW.xlsx,99.2,198,0.5,gis_post_distance,0
IND131S,IND,131S,2.5-2.6,DAWR2,0,2025,Re_Veg Parcels 2025 IND_BLK_TIN_BGP_BIS_LAW.xlsx,99.8,200,0.5,gis_post_distance,0
IND131S,IND,131S,2.6-2.7,DAWR2,0,2025,Re_Veg Parcels 2025 IND_BLK_TIN_BGP_BIS_LAW.xlsx,98.56,197,0.5,gis_post_distance,0
IND131S,IND,131S,2.7-2.0,DAWR2,0,2025,Re_Veg Parcels 2025 IND_BLK_TIN_BGP_BIS_LAW.xlsx,101.99,204,0.5,gis_post_distance,0
IND131S,IND,131S,3.1-3.2,DAWR2,0,2025,Re_Veg Parcels 2025 IND_BLK_TIN_BGP_BIS_LAW.xlsx,100.17,200,0.5,gis_post_distance,0
IND131S,IND,131S,3.2-3.3,DAWR2,0,2025,Re_Veg Parcels 2025 IND_BLK_TIN_BGP_BIS_LAW.xlsx,100.98,202,0.5,gis_post_distance,0
IND131S,IND,131S,3.3-3.4,DAWR2,0,2025,Re_Veg Parcels 2025 IND_BLK_TIN_BGP_BIS_LAW.xlsx,100.32,201,0.5,gis_post_distance,0
IND131S,IND,131S,3.4-3.5,DAWR2,0,2025,Re_Veg Parcels 2025 IND_BLK_TIN_BGP_BIS_LAW.xlsx,99.68,199,0.5,gis_post_distance,0
IND131S,IND,131S,3.5-3.6,DAWR2,0,2025,Re_Veg Parcels 2025 IND_BLK_TIN_BGP_BIS_LAW.xlsx,98.12,196,0.5,gis_post_distance,0
IND131S,IND,131S,3.6-3.7,DAWR2,0,2025,Re_Veg Parcels 2025 IND_BLK_TIN_BGP_BIS_LAW.xlsx,98.74,197,0.5,gis_post_distance,0
IND131S,IND,131S,3.7-3.0,DAWR2,0,2025,Re_Veg Parcels 2025 IND_BLK_TIN_BGP_BIS_LAW.xlsx,NA,NA,NA,NA,NA
IND131S,IND,131S,4.1-4.2,DAWR2,0,2025,Re_Veg Parcels 2025 IND_BLK_TIN_BGP_BIS_LAW.xlsx,102.5,205,0.5,gis_post_distance,0
IND131S,IND,131S,4.2-4.0,DAWR2,0,2025,Re_Veg Parcels 2025 IND_BLK_TIN_BGP_BIS_LAW.xlsx,147,294,0.5,gis_post_distance,0
IND131S,IND,131S,5.1-5.0,DAWR2,0,2025,Re_Veg Parcels 2025 IND_BLK_TIN_BGP_BIS_LAW.xlsx,82.86,166,0.5,gis_post_distance,0
IND131S,IND,131S,1.1-1.2,FOPU2,0,2025,Re_Veg Parcels 2025 IND_BLK_TIN_BGP_BIS_LAW.xlsx,100.12,200,0.5,gis_post_distance,0
IND131S,IND,131S,1.2-1.3,FOPU2,0,2025,Re_Veg Parcels 2025 IND_BLK_TIN_BGP_BIS_LAW.xlsx,101.33,203,0.5,gis_post_distance,0
IND131S,IND,131S,1.3-1.4,FOPU2,0,2025,Re_Veg Parcels 2025 IND_BLK_TIN_BGP_BIS_LAW.xlsx,98.46,197,0.5,gis_post_distance,0
IND131S,IND,131S,1.4-1.5,FOPU2,0,2025,Re_Veg Parcels 2025 IND_BLK_TIN_BGP_BIS_LAW.xlsx,99.44,199,0.5,gis_post_distance,0
IND131S,IND,131S,1.5-1.6,FOPU2,0,2025,Re_Veg Parcels 2025 IND_BLK_TIN_BGP_BIS_LAW.xlsx,101.37,203,0.5,gis_post_distance,0
IND131S,IND,131S,1.6-1.0,FOPU2,0,2025,Re_Veg Parcels 2025 IND_BLK_TIN_BGP_BIS_LAW.xlsx,85.41,171,0.5,gis_post_distance,0
IND131S,IND,131S,2.1-2.2,FOPU2,0,2025,Re_Veg Parcels 2025 IND_BLK_TIN_BGP_BIS_LAW.xlsx,NA,NA,NA,NA,NA
IND131S,IND,131S,2.2-2.3,FOPU2,0,2025,Re_Veg Parcels 2025 IND_BLK_TIN_BGP_BIS_LAW.xlsx,NA,NA,NA,NA,NA
IND131S,IND,131S,2.3-2.4,FOPU2,0,2025,Re_Veg Parcels 2025 IND_BLK_TIN_BGP_BIS_LAW.xlsx,101.02,202,0.5,gis_post_distance,0
IND131S,IND,131S,2.4-2.5,FOPU2,0,2025,Re_Veg Parcels 2025 IND_BLK_TIN_BGP_BIS_LAW.xlsx,99.2,198,0.5,gis_post_distance,0
IND131S,IND,131S,2.5-2.6,FOPU2,0,2025,Re_Veg Parcels 2025 IND_BLK_TIN_BGP_BIS_LAW.xlsx,99.8,200,0.5,gis_post_distance,0
IND131S,IND,131S,2.6-2.7,FOPU2,0,2025,Re_Veg Parcels 2025 IND_BLK_TIN_BGP_BIS_LAW.xlsx,98.56,197,0.5,gis_post_distance,0
IND131S,IND,131S,2.7-2.0,FOPU2,1,2025,Re_Veg Parcels 2025 IND_BLK_TIN_BGP_BIS_LAW.xlsx,101.99,204,0.5,gis_post_distance,0.49019607843137253
IND131S,IND,131S,3.1-3.2,FOPU2,0,2025,Re_Veg Parcels 2025 IND_BLK_TIN_BGP_BIS_LAW.xlsx,100.17,200,0.5,gis_post_distance,0
IND131S,IND,131S,3.2-3.3,FOPU2,0,2025,Re_Veg Parcels 2025 IND_BLK_TIN_BGP_BIS_LAW.xlsx,100.98,202,0.5,gis_post_distance,0
IND131S,IND,131S,3.3-3.4,FOPU2,0,2025,Re_Veg Parcels 2025 IND_BLK_TIN_BGP_BIS_LAW.xlsx,100.32,201,0.5,gis_post_distance,0
IND131S,IND,131S,3.4-3.5,FOPU2,0,2025,Re_Veg Parcels 2025 IND_BLK_TIN_BGP_BIS_LAW.xlsx,99.68,199,0.5,gis_post_distance,0
IND131S,IND,131S,3.5-3.6,FOPU2,0,2025,Re_Veg Parcels 2025 IND_BLK_TIN_BGP_BIS_LAW.xlsx,98.12,196,0.5,gis_post_distance,0
IND131S,IND,131S,3.6-3.7,FOPU2,0,2025,Re_Veg Parcels 2025 IND_BLK_TIN_BGP_BIS_LAW.xlsx,98.74,197,0.5,gis_post_distance,0
IND131S,IND,131S,3.7-3.0,FOPU2,0,2025,Re_Veg Parcels 2025 IND_BLK_TIN_BGP_BIS_LAW.xlsx,NA,NA,NA,NA,NA
IND131S,IND,131S,4.1-4.2,FOPU2,0,2025,Re_Veg Parcels 2025 IND_BLK_TIN_BGP_BIS_LAW.xlsx,102.5,205,0.5,gis_post_distance,0
IND131S,IND,131S,4.2-4.0,FOPU2,0,2025,Re_Veg Parcels 2025 IND_BLK_TIN_BGP_BIS_LAW.xlsx,147,294,0.5,gis_post_distance,0
IND131S,IND,131S,5.1-5.0,FOPU2,0,2025,Re_Veg Parcels 2025 IND_BLK_TIN_BGP_BIS_LAW.xlsx,82.86,166,0.5,gis_post_distance,0
IND131N,IND,131N,1.1-1.2,ATTO,32,2025,Re_Veg Parcels 2025 IND_BLK_TIN_BGP_BIS_LAW.xlsx,98.54,197,0.5,gis_post_distance,16.243654822335024
IND131N,IND,131N,1.2-1.3,ATTO,6,2025,Re_Veg Parcels 2025 IND_BLK_TIN_BGP_BIS_LAW.xlsx,99.22,198,0.5,gis_post_distance,3.0303030303030303
IND131N,IND,131N,1.3-1.0,ATTO,0,2025,Re_Veg Parcels 2025 IND_BLK_TIN_BGP_BIS_LAW.xlsx,37.7,75,0.5,gis_post_distance,0
IND131N,IND,131N,2.1-2.2,ATTO,44,2025,Re_Veg Parcels 2025 IND_BLK_TIN_BGP_BIS_LAW.xlsx,100.42,201,0.5,gis_post_distance,21.890547263681594
IND131N,IND,131N,2.2-2.3,ATTO,37,2025,Re_Veg Parcels 2025 IND_BLK_TIN_BGP_BIS_LAW.xlsx,98.41,197,0.5,gis_post_distance,18.781725888324875
IND131N,IND,131N,2.3-2.4,ATTO,4,2025,Re_Veg Parcels 2025 IND_BLK_TIN_BGP_BIS_LAW.xlsx,100.75,201,0.5,gis_post_distance,1.9900497512437811
IND131N,IND,131N,2.4-2.0,ATTO,0,2025,Re_Veg Parcels 2025 IND_BLK_TIN_BGP_BIS_LAW.xlsx,100.41,201,0.5,gis_post_distance,0
IND131N,IND,131N,3.1-3.2,ATTO,55,2025,Re_Veg Parcels 2025 IND_BLK_TIN_BGP_BIS_LAW.xlsx,100.64,201,0.5,gis_post_distance,27.363184079601986
IND131N,IND,131N,3.2-3.3,ATTO,35,2025,Re_Veg Parcels 2025 IND_BLK_TIN_BGP_BIS_LAW.xlsx,98.28,197,0.5,gis_post_distance,17.766497461928935
IND131N,IND,131N,3.3-3.0,ATTO,0,2025,Re_Veg Parcels 2025 IND_BLK_TIN_BGP_BIS_LAW.xlsx,16.47,33,0.5,gis_post_distance,0
IND131N,IND,131N,1.1-1.2,ATPO,1,2025,Re_Veg Parcels 2025 IND_BLK_TIN_BGP_BIS_LAW.xlsx,98.54,197,0.5,gis_post_distance,0.5076142131979695
IND131N,IND,131N,1.2-1.3,ATPO,15,2025,Re_Veg Parcels 2025 IND_BLK_TIN_BGP_BIS_LAW.xlsx,99.22,198,0.5,gis_post_distance,7.575757575757576
IND131N,IND,131N,1.3-1.0,ATPO,0,2025,Re_Veg Parcels 2025 IND_BLK_TIN_BGP_BIS_LAW.xlsx,37.7,75,0.5,gis_post_distance,0
IND131N,IND,131N,2.1-2.2,ATPO,0,2025,Re_Veg Parcels 2025 IND_BLK_TIN_BGP_BIS_LAW.xlsx,100.42,201,0.5,gis_post_distance,0
IND131N,IND,131N,2.2-2.3,ATPO,4,2025,Re_Veg Parcels 2025 IND_BLK_TIN_BGP_BIS_LAW.xlsx,98.41,197,0.5,gis_post_distance,2.030456852791878
IND131N,IND,131N,2.3-2.4,ATPO,21,2025,Re_Veg Parcels 2025 IND_BLK_TIN_BGP_BIS_LAW.xlsx,100.75,201,0.5,gis_post_distance,10.44776119402985
IND131N,IND,131N,2.4-2.0,ATPO,38,2025,Re_Veg Parcels 2025 IND_BLK_TIN_BGP_BIS_LAW.xlsx,100.41,201,0.5,gis_post_distance,18.90547263681592
IND131N,IND,131N,3.1-3.2,ATPO,0,2025,Re_Veg Parcels 2025 IND_BLK_TIN_BGP_BIS_LAW.xlsx,100.64,201,0.5,gis_post_distance,0
IND131N,IND,131N,3.2-3.3,ATPO,12,2025,Re_Veg Parcels 2025 IND_BLK_TIN_BGP_BIS_LAW.xlsx,98.28,197,0.5,gis_post_distance,6.091370558375635
IND131N,IND,131N,3.3-3.0,ATPO,16,2025,Re_Veg Parcels 2025 IND_BLK_TIN_BGP_BIS_LAW.xlsx,16.47,33,0.5,gis_post_distance,48.484848484848484
IND131N,IND,131N,1.1-1.2,ATCA,0,2025,Re_Veg Parcels 2025 IND_BLK_TIN_BGP_BIS_LAW.xlsx,98.54,197,0.5,gis_post_distance,0
IND131N,IND,131N,1.2-1.3,ATCA,4,2025,Re_Veg Parcels 2025 IND_BLK_TIN_BGP_BIS_LAW.xlsx,99.22,198,0.5,gis_post_distance,2.0202020202020203
IND131N,IND,131N,1.3-1.0,ATCA,8,2025,Re_Veg Parcels 2025 IND_BLK_TIN_BGP_BIS_LAW.xlsx,37.7,75,0.5,gis_post_distance,10.666666666666668
IND131N,IND,131N,2.1-2.2,ATCA,0,2025,Re_Veg Parcels 2025 IND_BLK_TIN_BGP_BIS_LAW.xlsx,100.42,201,0.5,gis_post_distance,0
IND131N,IND,131N,2.2-2.3,ATCA,0,2025,Re_Veg Parcels 2025 IND_BLK_TIN_BGP_BIS_LAW.xlsx,98.41,197,0.5,gis_post_distance,0
IND131N,IND,131N,2.3-2.4,ATCA,8,2025,Re_Veg Parcels 2025 IND_BLK_TIN_BGP_BIS_LAW.xlsx,100.75,201,0.5,gis_post_distance,3.9800995024875623
IND131N,IND,131N,2.4-2.0,ATCA,8,2025,Re_Veg Parcels 2025 IND_BLK_TIN_BGP_BIS_LAW.xlsx,100.41,201,0.5,gis_post_distance,3.9800995024875623
IND131N,IND,131N,3.1-3.2,ATCA,0,2025,Re_Veg Parcels 2025 IND_BLK_TIN_BGP_BIS_LAW.xlsx,100.64,201,0.5,gis_post_distance,0
IND131N,IND,131N,3.2-3.3,ATCA,0,2025,Re_Veg Parcels 2025 IND_BLK_TIN_BGP_BIS_LAW.xlsx,98.28,197,0.5,gis_post_distance,0
IND131N,IND,131N,3.3-3.0,ATCA,0,2025,Re_Veg Parcels 2025 IND_BLK_TIN_BGP_BIS_LAW.xlsx,16.47,33,0.5,gis_post_distance,0
IND131N,IND,131N,1.1-1.2,FOPU2,0,2025,Re_Veg Parcels 2025 IND_BLK_TIN_BGP_BIS_LAW.xlsx,98.54,197,0.5,gis_post_distance,0
IND131N,IND,131N,1.2-1.3,FOPU2,0,2025,Re_Veg Parcels 2025 IND_BLK_TIN_BGP_BIS_LAW.xlsx,99.22,198,0.5,gis_post_distance,0
IND131N,IND,131N,1.3-1.0,FOPU2,0,2025,Re_Veg Parcels 2025 IND_BLK_TIN_BGP_BIS_LAW.xlsx,37.7,75,0.5,gis_post_distance,0
IND131N,IND,131N,2.1-2.2,FOPU2,0,2025,Re_Veg Parcels 2025 IND_BLK_TIN_BGP_BIS_LAW.xlsx,100.42,201,0.5,gis_post_distance,0
IND131N,IND,131N,2.2-2.3,FOPU2,0,2025,Re_Veg Parcels 2025 IND_BLK_TIN_BGP_BIS_LAW.xlsx,98.41,197,0.5,gis_post_distance,0
IND131N,IND,131N,2.3-2.4,FOPU2,0,2025,Re_Veg Parcels 2025 IND_BLK_TIN_BGP_BIS_LAW.xlsx,100.75,201,0.5,gis_post_distance,0
IND131N,IND,131N,2.4-2.0,FOPU2,7,2025,Re_Veg Parcels 2025 IND_BLK_TIN_BGP_BIS_LAW.xlsx,100.41,201,0.5,gis_post_distance,3.482587064676617
IND131N,IND,131N,3.1-3.2,FOPU2,0,2025,Re_Veg Parcels 2025 IND_BLK_TIN_BGP_BIS_LAW.xlsx,100.64,201,0.5,gis_post_distance,0
IND131N,IND,131N,3.2-3.3,FOPU2,0,2025,Re_Veg Parcels 2025 IND_BLK_TIN_BGP_BIS_LAW.xlsx,98.28,197,0.5,gis_post_distance,0
IND131N,IND,131N,3.3-3.0,FOPU2,0,2025,Re_Veg Parcels 2025 IND_BLK_TIN_BGP_BIS_LAW.xlsx,16.47,33,0.5,gis_post_distance,0
IND131N,IND,131N,1.1-1.2,SATR12,0,2025,Re_Veg Parcels 2025 IND_BLK_TIN_BGP_BIS_LAW.xlsx,98.54,197,0.5,gis_post_distance,0
IND131N,IND,131N,1.2-1.3,SATR12,1,2025,Re_Veg Parcels 2025 IND_BLK_TIN_BGP_BIS_LAW.xlsx,99.22,198,0.5,gis_post_distance,0.5050505050505051
IND131N,IND,131N,1.3-1.0,SATR12,0,2025,Re_Veg Parcels 2025 IND_BLK_TIN_BGP_BIS_LAW.xlsx,37.7,75,0.5,gis_post_distance,0
IND131N,IND,131N,2.1-2.2,SATR12,0,2025,Re_Veg Parcels 2025 IND_BLK_TIN_BGP_BIS_LAW.xlsx,100.42,201,0.5,gis_post_distance,0
IND131N,IND,131N,2.2-2.3,SATR12,0,2025,Re_Veg Parcels 2025 IND_BLK_TIN_BGP_BIS_LAW.xlsx,98.41,197,0.5,gis_post_distance,0
IND131N,IND,131N,2.3-2.4,SATR12,0,2025,Re_Veg Parcels 2025 IND_BLK_TIN_BGP_BIS_LAW.xlsx,100.75,201,0.5,gis_post_distance,0
IND131N,IND,131N,2.4-2.0,SATR12,0,2025,Re_Veg Parcels 2025 IND_BLK_TIN_BGP_BIS_LAW.xlsx,100.41,201,0.5,gis_post_distance,0
IND131N,IND,131N,3.1-3.2,SATR12,0,2025,Re_Veg Parcels 2025 IND_BLK_TIN_BGP_BIS_LAW.xlsx,100.64,201,0.5,gis_post_distance,0
IND131N,IND,131N,3.2-3.3,SATR12,0,2025,Re_Veg Parcels 2025 IND_BLK_TIN_BGP_BIS_LAW.xlsx,98.28,197,0.5,gis_post_distance,0
IND131N,IND,131N,3.3-3.0,SATR12,0,2025,Re_Veg Parcels 2025 IND_BLK_TIN_BGP_BIS_LAW.xlsx,16.47,33,0.5,gis_post_distance,0
IND123,IND,123,1.1-1.2,ATTO,0,2025,Re_Veg Parcels 2025 IND_BLK_TIN_BGP_BIS_LAW.xlsx,98.99,198,0.5,gis_post_distance,0
IND123,IND,123,1.2-1.3,ATTO,0,2025,Re_Veg Parcels 2025 IND_BLK_TIN_BGP_BIS_LAW.xlsx,101.75,204,0.5,gis_post_distance,0
IND123,IND,123,1.3-1.0,ATTO,0,2025,Re_Veg Parcels 2025 IND_BLK_TIN_BGP_BIS_LAW.xlsx,60.07,120,0.5,gis_post_distance,0
IND123,IND,123,2.1-2.2,ATTO,3,2025,Re_Veg Parcels 2025 IND_BLK_TIN_BGP_BIS_LAW.xlsx,100.52,201,0.5,gis_post_distance,1.4925373134328357
IND123,IND,123,2.2-2.3,ATTO,3,2025,Re_Veg Parcels 2025 IND_BLK_TIN_BGP_BIS_LAW.xlsx,99.85,200,0.5,gis_post_distance,1.5
IND123,IND,123,2.3-2.4,ATTO,0,2025,Re_Veg Parcels 2025 IND_BLK_TIN_BGP_BIS_LAW.xlsx,100.63,201,0.5,gis_post_distance,0
IND123,IND,123,2.4-2.0,ATTO,0,2025,Re_Veg Parcels 2025 IND_BLK_TIN_BGP_BIS_LAW.xlsx,36.81,74,0.5,gis_post_distance,0
IND123,IND,123,3.1-3.2,ATTO,26,2025,Re_Veg Parcels 2025 IND_BLK_TIN_BGP_BIS_LAW.xlsx,100.86,202,0.5,gis_post_distance,12.871287128712872
IND123,IND,123,3.2-3.3,ATTO,10,2025,Re_Veg Parcels 2025 IND_BLK_TIN_BGP_BIS_LAW.xlsx,100.53,201,0.5,gis_post_distance,4.975124378109453
IND123,IND,123,3.3-3.0,ATTO,25,2025,Re_Veg Parcels 2025 IND_BLK_TIN_BGP_BIS_LAW.xlsx,NA,NA,NA,NA,NA
IND123,IND,123,4.1-4.2,ATTO,37,2025,Re_Veg Parcels 2025 IND_BLK_TIN_BGP_BIS_LAW.xlsx,101.19,202,0.5,gis_post_distance,18.316831683168317
IND123,IND,123,4.2-4.3,ATTO,52,2025,Re_Veg Parcels 2025 IND_BLK_TIN_BGP_BIS_LAW.xlsx,100.85,202,0.5,gis_post_distance,25.742574257425744
IND123,IND,123,4.3-4.0,ATTO,7,2025,Re_Veg Parcels 2025 IND_BLK_TIN_BGP_BIS_LAW.xlsx,84.84,170,0.5,gis_post_distance,4.117647058823529
IND123,IND,123,5.1-5.2,ATTO,70,2025,Re_Veg Parcels 2025 IND_BLK_TIN_BGP_BIS_LAW.xlsx,100.88,202,0.5,gis_post_distance,34.65346534653465
IND123,IND,123,5.2-5.3,ATTO,74,2025,Re_Veg Parcels 2025 IND_BLK_TIN_BGP_BIS_LAW.xlsx,100.08,200,0.5,gis_post_distance,37
IND123,IND,123,5.3-5.0,ATTO,21,2025,Re_Veg Parcels 2025 IND_BLK_TIN_BGP_BIS_LAW.xlsx,56.38,113,0.5,gis_post_distance,18.58407079646018
IND123,IND,123,6.1-6.0,ATTO,65,2025,Re_Veg Parcels 2025 IND_BLK_TIN_BGP_BIS_LAW.xlsx,97.92,196,0.5,gis_post_distance,33.16326530612245
IND123,IND,123,1.1-1.2,ATPO,37,2025,Re_Veg Parcels 2025 IND_BLK_TIN_BGP_BIS_LAW.xlsx,98.99,198,0.5,gis_post_distance,18.68686868686869
IND123,IND,123,1.2-1.3,ATPO,27,2025,Re_Veg Parcels 2025 IND_BLK_TIN_BGP_BIS_LAW.xlsx,101.75,204,0.5,gis_post_distance,13.23529411764706
IND123,IND,123,1.3-1.0,ATPO,21,2025,Re_Veg Parcels 2025 IND_BLK_TIN_BGP_BIS_LAW.xlsx,60.07,120,0.5,gis_post_distance,17.5
IND123,IND,123,2.1-2.2,ATPO,22,2025,Re_Veg Parcels 2025 IND_BLK_TIN_BGP_BIS_LAW.xlsx,100.52,201,0.5,gis_post_distance,10.945273631840797
IND123,IND,123,2.2-2.3,ATPO,9,2025,Re_Veg Parcels 2025 IND_BLK_TIN_BGP_BIS_LAW.xlsx,99.85,200,0.5,gis_post_distance,4.5
IND123,IND,123,2.3-2.4,ATPO,20,2025,Re_Veg Parcels 2025 IND_BLK_TIN_BGP_BIS_LAW.xlsx,100.63,201,0.5,gis_post_distance,9.950248756218906
IND123,IND,123,2.4-2.0,ATPO,1,2025,Re_Veg Parcels 2025 IND_BLK_TIN_BGP_BIS_LAW.xlsx,36.81,74,0.5,gis_post_distance,1.3513513513513513
IND123,IND,123,3.1-3.2,ATPO,0,2025,Re_Veg Parcels 2025 IND_BLK_TIN_BGP_BIS_LAW.xlsx,100.86,202,0.5,gis_post_distance,0
IND123,IND,123,3.2-3.3,ATPO,0,2025,Re_Veg Parcels 2025 IND_BLK_TIN_BGP_BIS_LAW.xlsx,100.53,201,0.5,gis_post_distance,0
IND123,IND,123,3.3-3.0,ATPO,0,2025,Re_Veg Parcels 2025 IND_BLK_TIN_BGP_BIS_LAW.xlsx,NA,NA,NA,NA,NA
IND123,IND,123,4.1-4.2,ATPO,1,2025,Re_Veg Parcels 2025 IND_BLK_TIN_BGP_BIS_LAW.xlsx,101.19,202,0.5,gis_post_distance,0.49504950495049505
IND123,IND,123,4.2-4.3,ATPO,0,2025,Re_Veg Parcels 2025 IND_BLK_TIN_BGP_BIS_LAW.xlsx,100.85,202,0.5,gis_post_distance,0
IND123,IND,123,4.3-4.0,ATPO,0,2025,Re_Veg Parcels 2025 IND_BLK_TIN_BGP_BIS_LAW.xlsx,84.84,170,0.5,gis_post_distance,0
IND123,IND,123,5.1-5.2,ATPO,0,2025,Re_Veg Parcels 2025 IND_BLK_TIN_BGP_BIS_LAW.xlsx,100.88,202,0.5,gis_post_distance,0
IND123,IND,123,5.2-5.3,ATPO,0,2025,Re_Veg Parcels 2025 IND_BLK_TIN_BGP_BIS_LAW.xlsx,100.08,200,0.5,gis_post_distance,0
IND123,IND,123,5.3-5.0,ATPO,0,2025,Re_Veg Parcels 2025 IND_BLK_TIN_BGP_BIS_LAW.xlsx,56.38,113,0.5,gis_post_distance,0
IND123,IND,123,6.1-6.0,ATPO,0,2025,Re_Veg Parcels 2025 IND_BLK_TIN_BGP_BIS_LAW.xlsx,97.92,196,0.5,gis_post_distance,0
IND123,IND,123,1.1-1.2,SATR12,0,2025,Re_Veg Parcels 2025 IND_BLK_TIN_BGP_BIS_LAW.xlsx,98.99,198,0.5,gis_post_distance,0
IND123,IND,123,1.2-1.3,SATR12,0,2025,Re_Veg Parcels 2025 IND_BLK_TIN_BGP_BIS_LAW.xlsx,101.75,204,0.5,gis_post_distance,0
IND123,IND,123,1.3-1.0,SATR12,0,2025,Re_Veg Parcels 2025 IND_BLK_TIN_BGP_BIS_LAW.xlsx,60.07,120,0.5,gis_post_distance,0
IND123,IND,123,2.1-2.2,SATR12,2,2025,Re_Veg Parcels 2025 IND_BLK_TIN_BGP_BIS_LAW.xlsx,100.52,201,0.5,gis_post_distance,0.9950248756218906
IND123,IND,123,2.2-2.3,SATR12,1,2025,Re_Veg Parcels 2025 IND_BLK_TIN_BGP_BIS_LAW.xlsx,99.85,200,0.5,gis_post_distance,0.5
IND123,IND,123,2.3-2.4,SATR12,4,2025,Re_Veg Parcels 2025 IND_BLK_TIN_BGP_BIS_LAW.xlsx,100.63,201,0.5,gis_post_distance,1.9900497512437811
IND123,IND,123,2.4-2.0,SATR12,3,2025,Re_Veg Parcels 2025 IND_BLK_TIN_BGP_BIS_LAW.xlsx,36.81,74,0.5,gis_post_distance,4.054054054054054
IND123,IND,123,3.1-3.2,SATR12,9,2025,Re_Veg Parcels 2025 IND_BLK_TIN_BGP_BIS_LAW.xlsx,100.86,202,0.5,gis_post_distance,4.455445544554455
IND123,IND,123,3.2-3.3,SATR12,4,2025,Re_Veg Parcels 2025 IND_BLK_TIN_BGP_BIS_LAW.xlsx,100.53,201,0.5,gis_post_distance,1.9900497512437811
IND123,IND,123,3.3-3.0,SATR12,0,2025,Re_Veg Parcels 2025 IND_BLK_TIN_BGP_BIS_LAW.xlsx,NA,NA,NA,NA,NA
IND123,IND,123,4.1-4.2,SATR12,0,2025,Re_Veg Parcels 2025 IND_BLK_TIN_BGP_BIS_LAW.xlsx,101.19,202,0.5,gis_post_distance,0
IND123,IND,123,4.2-4.3,SATR12,0,2025,Re_Veg Parcels 2025 IND_BLK_TIN_BGP_BIS_LAW.xlsx,100.85,202,0.5,gis_post_distance,0
IND123,IND,123,4.3-4.0,SATR12,0,2025,Re_Veg Parcels 2025 IND_BLK_TIN_BGP_BIS_LAW.xlsx,84.84,170,0.5,gis_post_distance,0
IND123,IND,123,5.1-5.2,SATR12,0,2025,Re_Veg Parcels 2025 IND_BLK_TIN_BGP_BIS_LAW.xlsx,100.88,202,0.5,gis_post_distance,0
IND123,IND,123,5.2-5.3,SATR12,0,2025,Re_Veg Parcels 2025 IND_BLK_TIN_BGP_BIS_LAW.xlsx,100.08,200,0.5,gis_post_distance,0
IND123,IND,123,5.3-5.0,SATR12,0,2025,Re_Veg Parcels 2025 IND_BLK_TIN_BGP_BIS_LAW.xlsx,56.38,113,0.5,gis_post_distance,0
IND123,IND,123,6.1-6.0,SATR12,0,2025,Re_Veg Parcels 2025 IND_BLK_TIN_BGP_BIS_LAW.xlsx,97.92,196,0.5,gis_post_distance,0
IND123,IND,123,1.1-1.2,ATCA2,0,2025,Re_Veg Parcels 2025 IND_BLK_TIN_BGP_BIS_LAW.xlsx,98.99,198,0.5,gis_post_distance,0
IND123,IND,123,1.2-1.3,ATCA2,0,2025,Re_Veg Parcels 2025 IND_BLK_TIN_BGP_BIS_LAW.xlsx,101.75,204,0.5,gis_post_distance,0
IND123,IND,123,1.3-1.0,ATCA2,0,2025,Re_Veg Parcels 2025 IND_BLK_TIN_BGP_BIS_LAW.xlsx,60.07,120,0.5,gis_post_distance,0
IND123,IND,123,2.1-2.2,ATCA2,0,2025,Re_Veg Parcels 2025 IND_BLK_TIN_BGP_BIS_LAW.xlsx,100.52,201,0.5,gis_post_distance,0
IND123,IND,123,2.2-2.3,ATCA2,0,2025,Re_Veg Parcels 2025 IND_BLK_TIN_BGP_BIS_LAW.xlsx,99.85,200,0.5,gis_post_distance,0
IND123,IND,123,2.3-2.4,ATCA2,0,2025,Re_Veg Parcels 2025 IND_BLK_TIN_BGP_BIS_LAW.xlsx,100.63,201,0.5,gis_post_distance,0
IND123,IND,123,2.4-2.0,ATCA2,6,2025,Re_Veg Parcels 2025 IND_BLK_TIN_BGP_BIS_LAW.xlsx,36.81,74,0.5,gis_post_distance,8.108108108108109
IND123,IND,123,3.1-3.2,ATCA2,0,2025,Re_Veg Parcels 2025 IND_BLK_TIN_BGP_BIS_LAW.xlsx,100.86,202,0.5,gis_post_distance,0
IND123,IND,123,3.2-3.3,ATCA2,0,2025,Re_Veg Parcels 2025 IND_BLK_TIN_BGP_BIS_LAW.xlsx,100.53,201,0.5,gis_post_distance,0
IND123,IND,123,3.3-3.0,ATCA2,0,2025,Re_Veg Parcels 2025 IND_BLK_TIN_BGP_BIS_LAW.xlsx,NA,NA,NA,NA,NA
IND123,IND,123,4.1-4.2,ATCA2,0,2025,Re_Veg Parcels 2025 IND_BLK_TIN_BGP_BIS_LAW.xlsx,101.19,202,0.5,gis_post_distance,0
IND123,IND,123,4.2-4.3,ATCA2,0,2025,Re_Veg Parcels 2025 IND_BLK_TIN_BGP_BIS_LAW.xlsx,100.85,202,0.5,gis_post_distance,0
IND123,IND,123,4.3-4.0,ATCA2,8,2025,Re_Veg Parcels 2025 IND_BLK_TIN_BGP_BIS_LAW.xlsx,84.84,170,0.5,gis_post_distance,4.705882352941177
IND123,IND,123,5.1-5.2,ATCA2,0,2025,Re_Veg Parcels 2025 IND_BLK_TIN_BGP_BIS_LAW.xlsx,100.88,202,0.5,gis_post_distance,0
IND123,IND,123,5.2-5.3,ATCA2,1,2025,Re_Veg Parcels 2025 IND_BLK_TIN_BGP_BIS_LAW.xlsx,100.08,200,0.5,gis_post_distance,0.5
IND123,IND,123,5.3-5.0,ATCA2,0,2025,Re_Veg Parcels 2025 IND_BLK_TIN_BGP_BIS_LAW.xlsx,56.38,113,0.5,gis_post_distance,0
IND123,IND,123,6.1-6.0,ATCA2,0,2025,Re_Veg Parcels 2025 IND_BLK_TIN_BGP_BIS_LAW.xlsx,97.92,196,0.5,gis_post_distance,0
IND105,IND,105,1.1-1.2,ATPO,47,2025,Re_Veg Parcels 2025 IND_BLK_TIN_BGP_BIS_LAW.xlsx,99.58,199,0.5,gis_post_distance,23.618090452261306
IND105,IND,105,1.2-1.0,ATPO,32,2025,Re_Veg Parcels 2025 IND_BLK_TIN_BGP_BIS_LAW.xlsx,111.84,224,0.5,gis_post_distance,14.285714285714285
IND105,IND,105,2.1-2.2,ATPO,6,2025,Re_Veg Parcels 2025 IND_BLK_TIN_BGP_BIS_LAW.xlsx,99.91,200,0.5,gis_post_distance,3
IND105,IND,105,2.2-2.0,ATPO,33,2025,Re_Veg Parcels 2025 IND_BLK_TIN_BGP_BIS_LAW.xlsx,105.43,211,0.5,gis_post_distance,15.639810426540285
IND105,IND,105,3.1-3.2,ATPO,21,2025,Re_Veg Parcels 2025 IND_BLK_TIN_BGP_BIS_LAW.xlsx,99.28,199,0.5,gis_post_distance,10.552763819095476
IND105,IND,105,3.2-3.0,ATPO,95,2025,Re_Veg Parcels 2025 IND_BLK_TIN_BGP_BIS_LAW.xlsx,96.95,194,0.5,gis_post_distance,48.96907216494845
IND105,IND,105,4.1-4.2,ATPO,6,2025,Re_Veg Parcels 2025 IND_BLK_TIN_BGP_BIS_LAW.xlsx,101.9,204,0.5,gis_post_distance,2.941176470588235
IND105,IND,105,4.2-4.0,ATPO,41,2025,Re_Veg Parcels 2025 IND_BLK_TIN_BGP_BIS_LAW.xlsx,88.27,177,0.5,gis_post_distance,23.163841807909606
IND105,IND,105,5.1-5.2,ATPO,1,2025,Re_Veg Parcels 2025 IND_BLK_TIN_BGP_BIS_LAW.xlsx,100.72,201,0.5,gis_post_distance,0.4975124378109453
IND105,IND,105,5.2-5.0,ATPO,15,2025,Re_Veg Parcels 2025 IND_BLK_TIN_BGP_BIS_LAW.xlsx,78.54,157,0.5,gis_post_distance,9.554140127388536
IND105,IND,105,6.1-6.2,ATPO,0,2025,Re_Veg Parcels 2025 IND_BLK_TIN_BGP_BIS_LAW.xlsx,101.12,202,0.5,gis_post_distance,0
IND105,IND,105,6.2-6.0,ATPO,0,2025,Re_Veg Parcels 2025 IND_BLK_TIN_BGP_BIS_LAW.xlsx,68.31,137,0.5,gis_post_distance,0
IND105,IND,105,1.1-1.2,ATTO,0,2025,Re_Veg Parcels 2025 IND_BLK_TIN_BGP_BIS_LAW.xlsx,99.58,199,0.5,gis_post_distance,0
IND105,IND,105,1.2-1.0,ATTO,0,2025,Re_Veg Parcels 2025 IND_BLK_TIN_BGP_BIS_LAW.xlsx,111.84,224,0.5,gis_post_distance,0
IND105,IND,105,2.1-2.2,ATTO,13,2025,Re_Veg Parcels 2025 IND_BLK_TIN_BGP_BIS_LAW.xlsx,99.91,200,0.5,gis_post_distance,6.5
IND105,IND,105,2.2-2.0,ATTO,4,2025,Re_Veg Parcels 2025 IND_BLK_TIN_BGP_BIS_LAW.xlsx,105.43,211,0.5,gis_post_distance,1.8957345971563981
IND105,IND,105,3.1-3.2,ATTO,10,2025,Re_Veg Parcels 2025 IND_BLK_TIN_BGP_BIS_LAW.xlsx,99.28,199,0.5,gis_post_distance,5.025125628140704
IND105,IND,105,3.2-3.0,ATTO,0,2025,Re_Veg Parcels 2025 IND_BLK_TIN_BGP_BIS_LAW.xlsx,96.95,194,0.5,gis_post_distance,0
IND105,IND,105,4.1-4.2,ATTO,26,2025,Re_Veg Parcels 2025 IND_BLK_TIN_BGP_BIS_LAW.xlsx,101.9,204,0.5,gis_post_distance,12.745098039215685
IND105,IND,105,4.2-4.0,ATTO,13,2025,Re_Veg Parcels 2025 IND_BLK_TIN_BGP_BIS_LAW.xlsx,88.27,177,0.5,gis_post_distance,7.344632768361582
IND105,IND,105,5.1-5.2,ATTO,44,2025,Re_Veg Parcels 2025 IND_BLK_TIN_BGP_BIS_LAW.xlsx,100.72,201,0.5,gis_post_distance,21.890547263681594
IND105,IND,105,5.2-5.0,ATTO,43,2025,Re_Veg Parcels 2025 IND_BLK_TIN_BGP_BIS_LAW.xlsx,78.54,157,0.5,gis_post_distance,27.388535031847134
IND105,IND,105,6.1-6.2,ATTO,32,2025,Re_Veg Parcels 2025 IND_BLK_TIN_BGP_BIS_LAW.xlsx,101.12,202,0.5,gis_post_distance,15.841584158415841
IND105,IND,105,6.2-6.0,ATTO,67,2025,Re_Veg Parcels 2025 IND_BLK_TIN_BGP_BIS_LAW.xlsx,68.31,137,0.5,gis_post_distance,48.9051094890511
IND105,IND,105,1.1-1.2,SATR12,0,2025,Re_Veg Parcels 2025 IND_BLK_TIN_BGP_BIS_LAW.xlsx,99.58,199,0.5,gis_post_distance,0
IND105,IND,105,1.2-1.0,SATR12,0,2025,Re_Veg Parcels 2025 IND_BLK_TIN_BGP_BIS_LAW.xlsx,111.84,224,0.5,gis_post_distance,0
IND105,IND,105,2.1-2.2,SATR12,5,2025,Re_Veg Parcels 2025 IND_BLK_TIN_BGP_BIS_LAW.xlsx,99.91,200,0.5,gis_post_distance,2.5
IND105,IND,105,2.2-2.0,SATR12,0,2025,Re_Veg Parcels 2025 IND_BLK_TIN_BGP_BIS_LAW.xlsx,105.43,211,0.5,gis_post_distance,0
IND105,IND,105,3.1-3.2,SATR12,9,2025,Re_Veg Parcels 2025 IND_BLK_TIN_BGP_BIS_LAW.xlsx,99.28,199,0.5,gis_post_distance,4.522613065326634
IND105,IND,105,3.2-3.0,SATR12,0,2025,Re_Veg Parcels 2025 IND_BLK_TIN_BGP_BIS_LAW.xlsx,96.95,194,0.5,gis_post_distance,0
IND105,IND,105,4.1-4.2,SATR12,45,2025,Re_Veg Parcels 2025 IND_BLK_TIN_BGP_BIS_LAW.xlsx,101.9,204,0.5,gis_post_distance,22.058823529411764
IND105,IND,105,4.2-4.0,SATR12,0,2025,Re_Veg Parcels 2025 IND_BLK_TIN_BGP_BIS_LAW.xlsx,88.27,177,0.5,gis_post_distance,0
IND105,IND,105,5.1-5.2,SATR12,1,2025,Re_Veg Parcels 2025 IND_BLK_TIN_BGP_BIS_LAW.xlsx,100.72,201,0.5,gis_post_distance,0.4975124378109453
IND105,IND,105,5.2-5.0,SATR12,0,2025,Re_Veg Parcels 2025 IND_BLK_TIN_BGP_BIS_LAW.xlsx,78.54,157,0.5,gis_post_distance,0
IND105,IND,105,6.1-6.2,SATR12,1,2025,Re_Veg Parcels 2025 IND_BLK_TIN_BGP_BIS_LAW.xlsx,101.12,202,0.5,gis_post_distance,0.49504950495049505
IND105,IND,105,6.2-6.0,SATR12,0,2025,Re_Veg Parcels 2025 IND_BLK_TIN_BGP_BIS_LAW.xlsx,68.31,137,0.5,gis_post_distance,0
IND105,IND,105,1.1-1.2,ATCA2,0,2025,Re_Veg Parcels 2025 IND_BLK_TIN_BGP_BIS_LAW.xlsx,99.58,199,0.5,gis_post_distance,0
IND105,IND,105,1.2-1.0,ATCA2,0,2025,Re_Veg Parcels 2025 IND_BLK_TIN_BGP_BIS_LAW.xlsx,111.84,224,0.5,gis_post_distance,0
IND105,IND,105,2.1-2.2,ATCA2,0,2025,Re_Veg Parcels 2025 IND_BLK_TIN_BGP_BIS_LAW.xlsx,99.91,200,0.5,gis_post_distance,0
IND105,IND,105,2.2-2.0,ATCA2,0,2025,Re_Veg Parcels 2025 IND_BLK_TIN_BGP_BIS_LAW.xlsx,105.43,211,0.5,gis_post_distance,0
IND105,IND,105,3.1-3.2,ATCA2,0,2025,Re_Veg Parcels 2025 IND_BLK_TIN_BGP_BIS_LAW.xlsx,99.28,199,0.5,gis_post_distance,0
IND105,IND,105,3.2-3.0,ATCA2,0,2025,Re_Veg Parcels 2025 IND_BLK_TIN_BGP_BIS_LAW.xlsx,96.95,194,0.5,gis_post_distance,0
IND105,IND,105,4.1-4.2,ATCA2,0,2025,Re_Veg Parcels 2025 IND_BLK_TIN_BGP_BIS_LAW.xlsx,101.9,204,0.5,gis_post_distance,0
IND105,IND,105,4.2-4.0,ATCA2,0,2025,Re_Veg Parcels 2025 IND_BLK_TIN_BGP_BIS_LAW.xlsx,88.27,177,0.5,gis_post_distance,0
IND105,IND,105,5.1-5.2,ATCA2,0,2025,Re_Veg Parcels 2025 IND_BLK_TIN_BGP_BIS_LAW.xlsx,100.72,201,0.5,gis_post_distance,0
IND105,IND,105,5.2-5.0,ATCA2,8,2025,Re_Veg Parcels 2025 IND_BLK_TIN_BGP_BIS_LAW.xlsx,78.54,157,0.5,gis_post_distance,5.095541401273886
IND105,IND,105,6.1-6.2,ATCA2,5,2025,Re_Veg Parcels 2025 IND_BLK_TIN_BGP_BIS_LAW.xlsx,101.12,202,0.5,gis_post_distance,2.4752475247524752
IND105,IND,105,6.2-6.0,ATCA2,0,2025,Re_Veg Parcels 2025 IND_BLK_TIN_BGP_BIS_LAW.xlsx,68.31,137,0.5,gis_post_distance,0
BLK16E,BKK,16E,1s-1n,ATTO,13,2025,Re_Veg Parcels 2025 IND_BLK_TIN_BGP_BIS_LAW.xlsx,83,166,0.5,blk16e_transects.geojson,7.83132530120482
BLK16E,BKK,16E,2n-2s,ATTO,25,2025,Re_Veg Parcels 2025 IND_BLK_TIN_BGP_BIS_LAW.xlsx,100,200,0.5,blk16e_transects.geojson,12.5
BLK16E,BKK,16E,3s-3n,ATTO,26,2025,Re_Veg Parcels 2025 IND_BLK_TIN_BGP_BIS_LAW.xlsx,60,120,0.5,blk16e_transects.geojson,21.666666666666668
BLK16E,BKK,16E,4n-4s,ATTO,15,2025,Re_Veg Parcels 2025 IND_BLK_TIN_BGP_BIS_LAW.xlsx,60,120,0.5,blk16e_transects.geojson,12.5
BLK16E,BKK,16E,5s-5n,ATTO,19,2025,Re_Veg Parcels 2025 IND_BLK_TIN_BGP_BIS_LAW.xlsx,80,160,0.5,blk16e_transects.geojson,11.875
BLK16E,BKK,16E,6n-6s,ATTO,20,2025,Re_Veg Parcels 2025 IND_BLK_TIN_BGP_BIS_LAW.xlsx,100,200,0.5,blk16e_transects.geojson,10
BLK16E,BKK,16E,7s-7n,ATTO,16,2025,Re_Veg Parcels 2025 IND_BLK_TIN_BGP_BIS_LAW.xlsx,69,138,0.5,blk16e_transects.geojson,11.594202898550725
BLK16E,BKK,16E,1s-1n,ERNA10,18,2025,Re_Veg Parcels 2025 IND_BLK_TIN_BGP_BIS_LAW.xlsx,83,166,0.5,blk16e_transects.geojson,10.843373493975903
BLK16E,BKK,16E,2n-2s,ERNA10,20,2025,Re_Veg Parcels 2025 IND_BLK_TIN_BGP_BIS_LAW.xlsx,100,200,0.5,blk16e_transects.geojson,10
BLK16E,BKK,16E,3s-3n,ERNA10,0,2025,Re_Veg Parcels 2025 IND_BLK_TIN_BGP_BIS_LAW.xlsx,60,120,0.5,blk16e_transects.geojson,0
BLK16E,BKK,16E,4n-4s,ERNA10,9,2025,Re_Veg Parcels 2025 IND_BLK_TIN_BGP_BIS_LAW.xlsx,60,120,0.5,blk16e_transects.geojson,7.5
BLK16E,BKK,16E,5s-5n,ERNA10,9,2025,Re_Veg Parcels 2025 IND_BLK_TIN_BGP_BIS_LAW.xlsx,80,160,0.5,blk16e_transects.geojson,5.625
BLK16E,BKK,16E,6n-6s,ERNA10,15,2025,Re_Veg Parcels 2025 IND_BLK_TIN_BGP_BIS_LAW.xlsx,100,200,0.5,blk16e_transects.geojson,7.5
BLK16E,BKK,16E,7s-7n,ERNA10,4,2025,Re_Veg Parcels 2025 IND_BLK_TIN_BGP_BIS_LAW.xlsx,69,138,0.5,blk16e_transects.geojson,2.898550724637681
BLK16E,BKK,16E,1s-1n,MALE3,16,2025,Re_Veg Parcels 2025 IND_BLK_TIN_BGP_BIS_LAW.xlsx,83,166,0.5,blk16e_transects.geojson,9.63855421686747
BLK16E,BKK,16E,2n-2s,MALE3,18,2025,Re_Veg Parcels 2025 IND_BLK_TIN_BGP_BIS_LAW.xlsx,100,200,0.5,blk16e_transects.geojson,9
BLK16E,BKK,16E,3s-3n,MALE3,2,2025,Re_Veg Parcels 2025 IND_BLK_TIN_BGP_BIS_LAW.xlsx,60,120,0.5,blk16e_transects.geojson,1.6666666666666667
BLK16E,BKK,16E,4n-4s,MALE3,19,2025,Re_Veg Parcels 2025 IND_BLK_TIN_BGP_BIS_LAW.xlsx,60,120,0.5,blk16e_transects.geojson,15.833333333333332
BLK16E,BKK,16E,5s-5n,MALE3,0,2025,Re_Veg Parcels 2025 IND_BLK_TIN_BGP_BIS_LAW.xlsx,80,160,0.5,blk16e_transects.geojson,0
BLK16E,BKK,16E,6n-6s,MALE3,12,2025,Re_Veg Parcels 2025 IND_BLK_TIN_BGP_BIS_LAW.xlsx,100,200,0.5,blk16e_transects.geojson,6
BLK16E,BKK,16E,7s-7n,MALE3,0,2025,Re_Veg Parcels 2025 IND_BLK_TIN_BGP_BIS_LAW.xlsx,69,138,0.5,blk16e_transects.geojson,0
BLK16E,BKK,16E,1s-1n,LELA2,2,2025,Re_Veg Parcels 2025 IND_BLK_TIN_BGP_BIS_LAW.xlsx,83,166,0.5,blk16e_transects.geojson,1.2048192771084338
BLK16E,BKK,16E,2n-2s,LELA2,23,2025,Re_Veg Parcels 2025 IND_BLK_TIN_BGP_BIS_LAW.xlsx,100,200,0.5,blk16e_transects.geojson,11.5
BLK16E,BKK,16E,3s-3n,LELA2,0,2025,Re_Veg Parcels 2025 IND_BLK_TIN_BGP_BIS_LAW.xlsx,60,120,0.5,blk16e_transects.geojson,0
BLK16E,BKK,16E,4n-4s,LELA2,3,2025,Re_Veg Parcels 2025 IND_BLK_TIN_BGP_BIS_LAW.xlsx,60,120,0.5,blk16e_transects.geojson,2.5
BLK16E,BKK,16E,5s-5n,LELA2,16,2025,Re_Veg Parcels 2025 IND_BLK_TIN_BGP_BIS_LAW.xlsx,80,160,0.5,blk16e_transects.geojson,10
BLK16E,BKK,16E,6n-6s,LELA2,3,2025,Re_Veg Parcels 2025 IND_BLK_TIN_BGP_BIS_LAW.xlsx,100,200,0.5,blk16e_transects.geojson,1.5
BLK16E,BKK,16E,7s-7n,LELA2,0,2025,Re_Veg Parcels 2025 IND_BLK_TIN_BGP_BIS_LAW.xlsx,69,138,0.5,blk16e_transects.geojson,0
BLK16E,BKK,16E,1s-1n,HECU3,2,2025,Re_Veg Parcels 2025 IND_BLK_TIN_BGP_BIS_LAW.xlsx,83,166,0.5,blk16e_transects.geojson,1.2048192771084338
BLK16E,BKK,16E,2n-2s,HECU3,6,2025,Re_Veg Parcels 2025 IND_BLK_TIN_BGP_BIS_LAW.xlsx,100,200,0.5,blk16e_transects.geojson,3
BLK16E,BKK,16E,3s-3n,HECU3,7,2025,Re_Veg Parcels 2025 IND_BLK_TIN_BGP_BIS_LAW.xlsx,60,120,0.5,blk16e_transects.geojson,5.833333333333333
BLK16E,BKK,16E,4n-4s,HECU3,15,2025,Re_Veg Parcels 2025 IND_BLK_TIN_BGP_BIS_LAW.xlsx,60,120,0.5,blk16e_transects.geojson,12.5
BLK16E,BKK,16E,5s-5n,HECU3,13,2025,Re_Veg Parcels 2025 IND_BLK_TIN_BGP_BIS_LAW.xlsx,80,160,0.5,blk16e_transects.geojson,8.125
BLK16E,BKK,16E,6n-6s,HECU3,3,2025,Re_Veg Parcels 2025 IND_BLK_TIN_BGP_BIS_LAW.xlsx,100,200,0.5,blk16e_transects.geojson,1.5
BLK16E,BKK,16E,7s-7n,HECU3,0,2025,Re_Veg Parcels 2025 IND_BLK_TIN_BGP_BIS_LAW.xlsx,69,138,0.5,blk16e_transects.geojson,0
BLK16E,BKK,16E,1s-1n,DISP,5,2025,Re_Veg Parcels 2025 IND_BLK_TIN_BGP_BIS_LAW.xlsx,83,166,0.5,blk16e_transects.geojson,3.0120481927710845
BLK16E,BKK,16E,2n-2s,DISP,0,2025,Re_Veg Parcels 2025 IND_BLK_TIN_BGP_BIS_LAW.xlsx,100,200,0.5,blk16e_transects.geojson,0
BLK16E,BKK,16E,3s-3n,DISP,2,2025,Re_Veg Parcels 2025 IND_BLK_TIN_BGP_BIS_LAW.xlsx,60,120,0.5,blk16e_transects.geojson,1.6666666666666667
BLK16E,BKK,16E,4n-4s,DISP,13,2025,Re_Veg Parcels 2025 IND_BLK_TIN_BGP_BIS_LAW.xlsx,60,120,0.5,blk16e_transects.geojson,10.833333333333334
BLK16E,BKK,16E,5s-5n,DISP,7,2025,Re_Veg Parcels 2025 IND_BLK_TIN_BGP_BIS_LAW.xlsx,80,160,0.5,blk16e_transects.geojson,4.375
BLK16E,BKK,16E,6n-6s,DISP,10,2025,Re_Veg Parcels 2025 IND_BLK_TIN_BGP_BIS_LAW.xlsx,100,200,0.5,blk16e_transects.geojson,5
BLK16E,BKK,16E,7s-7n,DISP,7,2025,Re_Veg Parcels 2025 IND_BLK_TIN_BGP_BIS_LAW.xlsx,69,138,0.5,blk16e_transects.geojson,5.072463768115942
BLK16E,BKK,16E,1s-1n,SAVE4,0,2025,Re_Veg Parcels 2025 IND_BLK_TIN_BGP_BIS_LAW.xlsx,83,166,0.5,blk16e_transects.geojson,0
BLK16E,BKK,16E,2n-2s,SAVE4,0,2025,Re_Veg Parcels 2025 IND_BLK_TIN_BGP_BIS_LAW.xlsx,100,200,0.5,blk16e_transects.geojson,0
BLK16E,BKK,16E,3s-3n,SAVE4,0,2025,Re_Veg Parcels 2025 IND_BLK_TIN_BGP_BIS_LAW.xlsx,60,120,0.5,blk16e_transects.geojson,0
BLK16E,BKK,16E,4n-4s,SAVE4,0,2025,Re_Veg Parcels 2025 IND_BLK_TIN_BGP_BIS_LAW.xlsx,60,120,0.5,blk16e_transects.geojson,0
BLK16E,BKK,16E,5s-5n,SAVE4,3,2025,Re_Veg Parcels 2025 IND_BLK_TIN_BGP_BIS_LAW.xlsx,80,160,0.5,blk16e_transects.geojson,1.875
BLK16E,BKK,16E,6n-6s,SAVE4,11,2025,Re_Veg Parcels 2025 IND_BLK_TIN_BGP_BIS_LAW.xlsx,100,200,0.5,blk16e_transects.geojson,5.5
BLK16E,BKK,16E,7s-7n,SAVE4,4,2025,Re_Veg Parcels 2025 IND_BLK_TIN_BGP_BIS_LAW.xlsx,69,138,0.5,blk16e_transects.geojson,2.898550724637681
BLK16E,BKK,16E,1s-1n,BAHY,6,2025,Re_Veg Parcels 2025 IND_BLK_TIN_BGP_BIS_LAW.xlsx,83,166,0.5,blk16e_transects.geojson,3.614457831325301
BLK16E,BKK,16E,2n-2s,BAHY,6,2025,Re_Veg Parcels 2025 IND_BLK_TIN_BGP_BIS_LAW.xlsx,100,200,0.5,blk16e_transects.geojson,3
BLK16E,BKK,16E,3s-3n,BAHY,0,2025,Re_Veg Parcels 2025 IND_BLK_TIN_BGP_BIS_LAW.xlsx,60,120,0.5,blk16e_transects.geojson,0
BLK16E,BKK,16E,4n-4s,BAHY,1,2025,Re_Veg Parcels 2025 IND_BLK_TIN_BGP_BIS_LAW.xlsx,60,120,0.5,blk16e_transects.geojson,0.8333333333333334
BLK16E,BKK,16E,5s-5n,BAHY,0,2025,Re_Veg Parcels 2025 IND_BLK_TIN_BGP_BIS_LAW.xlsx,80,160,0.5,blk16e_transects.geojson,0
BLK16E,BKK,16E,6n-6s,BAHY,1,2025,Re_Veg Parcels 2025 IND_BLK_TIN_BGP_BIS_LAW.xlsx,100,200,0.5,blk16e_transects.geojson,0.5
BLK16E,BKK,16E,7s-7n,BAHY,0,2025,Re_Veg Parcels 2025 IND_BLK_TIN_BGP_BIS_LAW.xlsx,69,138,0.5,blk16e_transects.geojson,0
BLK16E,BKK,16E,1s-1n,SPAI,1,2025,Re_Veg Parcels 2025 IND_BLK_TIN_BGP_BIS_LAW.xlsx,83,166,0.5,blk16e_transects.geojson,0.6024096385542169
BLK16E,BKK,16E,2n-2s,SPAI,0,2025,Re_Veg Parcels 2025 IND_BLK_TIN_BGP_BIS_LAW.xlsx,100,200,0.5,blk16e_transects.geojson,0
BLK16E,BKK,16E,3s-3n,SPAI,0,2025,Re_Veg Parcels 2025 IND_BLK_TIN_BGP_BIS_LAW.xlsx,60,120,0.5,blk16e_transects.geojson,0
BLK16E,BKK,16E,4n-4s,SPAI,0,2025,Re_Veg Parcels 2025 IND_BLK_TIN_BGP_BIS_LAW.xlsx,60,120,0.5,blk16e_transects.geojson,0
BLK16E,BKK,16E,5s-5n,SPAI,11,2025,Re_Veg Parcels 2025 IND_BLK_TIN_BGP_BIS_LAW.xlsx,80,160,0.5,blk16e_transects.geojson,6.875000000000001
BLK16E,BKK,16E,6n-6s,SPAI,0,2025,Re_Veg Parcels 2025 IND_BLK_TIN_BGP_BIS_LAW.xlsx,100,200,0.5,blk16e_transects.geojson,0
BLK16E,BKK,16E,7s-7n,SPAI,0,2025,Re_Veg Parcels 2025 IND_BLK_TIN_BGP_BIS_LAW.xlsx,69,138,0.5,blk16e_transects.geojson,0
BLK16E,BKK,16E,1s-1n,ATRO,0,2025,Re_Veg Parcels 2025 IND_BLK_TIN_BGP_BIS_LAW.xlsx,83,166,0.5,blk16e_transects.geojson,0
BLK16E,BKK,16E,2n-2s,ATRO,0,2025,Re_Veg Parcels 2025 IND_BLK_TIN_BGP_BIS_LAW.xlsx,100,200,0.5,blk16e_transects.geojson,0
BLK16E,BKK,16E,3s-3n,ATRO,10,2025,Re_Veg Parcels 2025 IND_BLK_TIN_BGP_BIS_LAW.xlsx,60,120,0.5,blk16e_transects.geojson,8.333333333333332
BLK16E,BKK,16E,4n-4s,ATRO,0,2025,Re_Veg Parcels 2025 IND_BLK_TIN_BGP_BIS_LAW.xlsx,60,120,0.5,blk16e_transects.geojson,0
BLK16E,BKK,16E,5s-5n,ATRO,0,2025,Re_Veg Parcels 2025 IND_BLK_TIN_BGP_BIS_LAW.xlsx,80,160,0.5,blk16e_transects.geojson,0
BLK16E,BKK,16E,6n-6s,ATRO,0,2025,Re_Veg Parcels 2025 IND_BLK_TIN_BGP_BIS_LAW.xlsx,100,200,0.5,blk16e_transects.geojson,0
BLK16E,BKK,16E,7s-7n,ATRO,0,2025,Re_Veg Parcels 2025 IND_BLK_TIN_BGP_BIS_LAW.xlsx,69,138,0.5,blk16e_transects.geojson,0
BLK16E,BKK,16E,1s-1n,ARTRT,0,2025,Re_Veg Parcels 2025 IND_BLK_TIN_BGP_BIS_LAW.xlsx,83,166,0.5,blk16e_transects.geojson,0
BLK16E,BKK,16E,2n-2s,ARTRT,0,2025,Re_Veg Parcels 2025 IND_BLK_TIN_BGP_BIS_LAW.xlsx,100,200,0.5,blk16e_transects.geojson,0
BLK16E,BKK,16E,3s-3n,ARTRT,0,2025,Re_Veg Parcels 2025 IND_BLK_TIN_BGP_BIS_LAW.xlsx,60,120,0.5,blk16e_transects.geojson,0
BLK16E,BKK,16E,4n-4s,ARTRT,0,2025,Re_Veg Parcels 2025 IND_BLK_TIN_BGP_BIS_LAW.xlsx,60,120,0.5,blk16e_transects.geojson,0
BLK16E,BKK,16E,5s-5n,ARTRT,1,2025,Re_Veg Parcels 2025 IND_BLK_TIN_BGP_BIS_LAW.xlsx,80,160,0.5,blk16e_transects.geojson,0.625
BLK16E,BKK,16E,6n-6s,ARTRT,1,2025,Re_Veg Parcels 2025 IND_BLK_TIN_BGP_BIS_LAW.xlsx,100,200,0.5,blk16e_transects.geojson,0.5
BLK16E,BKK,16E,7s-7n,ARTRT,2,2025,Re_Veg Parcels 2025 IND_BLK_TIN_BGP_BIS_LAW.xlsx,69,138,0.5,blk16e_transects.geojson,1.4492753623188406
BLK16E,BKK,16E,1s-1n,MUAS,0,2025,Re_Veg Parcels 2025 IND_BLK_TIN_BGP_BIS_LAW.xlsx,83,166,0.5,blk16e_transects.geojson,0
BLK16E,BKK,16E,2n-2s,MUAS,4,2025,Re_Veg Parcels 2025 IND_BLK_TIN_BGP_BIS_LAW.xlsx,100,200,0.5,blk16e_transects.geojson,2
BLK16E,BKK,16E,3s-3n,MUAS,0,2025,Re_Veg Parcels 2025 IND_BLK_TIN_BGP_BIS_LAW.xlsx,60,120,0.5,blk16e_transects.geojson,0
BLK16E,BKK,16E,4n-4s,MUAS,0,2025,Re_Veg Parcels 2025 IND_BLK_TIN_BGP_BIS_LAW.xlsx,60,120,0.5,blk16e_transects.geojson,0
BLK16E,BKK,16E,5s-5n,MUAS,0,2025,Re_Veg Parcels 2025 IND_BLK_TIN_BGP_BIS_LAW.xlsx,80,160,0.5,blk16e_transects.geojson,0
BLK16E,BKK,16E,6n-6s,MUAS,0,2025,Re_Veg Parcels 2025 IND_BLK_TIN_BGP_BIS_LAW.xlsx,100,200,0.5,blk16e_transects.geojson,0
BLK16E,BKK,16E,7s-7n,MUAS,0,2025,Re_Veg Parcels 2025 IND_BLK_TIN_BGP_BIS_LAW.xlsx,69,138,0.5,blk16e_transects.geojson,0
BLK16E,BKK,16E,1s-1n,HEAN3,0,2025,Re_Veg Parcels 2025 IND_BLK_TIN_BGP_BIS_LAW.xlsx,83,166,0.5,blk16e_transects.geojson,0
BLK16E,BKK,16E,2n-2s,HEAN3,0,2025,Re_Veg Parcels 2025 IND_BLK_TIN_BGP_BIS_LAW.xlsx,100,200,0.5,blk16e_transects.geojson,0
BLK16E,BKK,16E,3s-3n,HEAN3,0,2025,Re_Veg Parcels 2025 IND_BLK_TIN_BGP_BIS_LAW.xlsx,60,120,0.5,blk16e_transects.geojson,0
BLK16E,BKK,16E,4n-4s,HEAN3,0,2025,Re_Veg Parcels 2025 IND_BLK_TIN_BGP_BIS_LAW.xlsx,60,120,0.5,blk16e_transects.geojson,0
BLK16E,BKK,16E,5s-5n,HEAN3,2,2025,Re_Veg Parcels 2025 IND_BLK_TIN_BGP_BIS_LAW.xlsx,80,160,0.5,blk16e_transects.geojson,1.25
BLK16E,BKK,16E,6n-6s,HEAN3,0,2025,Re_Veg Parcels 2025 IND_BLK_TIN_BGP_BIS_LAW.xlsx,100,200,0.5,blk16e_transects.geojson,0
BLK16E,BKK,16E,7s-7n,HEAN3,0,2025,Re_Veg Parcels 2025 IND_BLK_TIN_BGP_BIS_LAW.xlsx,69,138,0.5,blk16e_transects.geojson,0
BLK16E,BKK,16E,1s-1n,LACO13,0,2025,Re_Veg Parcels 2025 IND_BLK_TIN_BGP_BIS_LAW.xlsx,83,166,0.5,blk16e_transects.geojson,0
BLK16E,BKK,16E,2n-2s,LACO13,0,2025,Re_Veg Parcels 2025 IND_BLK_TIN_BGP_BIS_LAW.xlsx,100,200,0.5,blk16e_transects.geojson,0
BLK16E,BKK,16E,3s-3n,LACO13,0,2025,Re_Veg Parcels 2025 IND_BLK_TIN_BGP_BIS_LAW.xlsx,60,120,0.5,blk16e_transects.geojson,0
BLK16E,BKK,16E,4n-4s,LACO13,0,2025,Re_Veg Parcels 2025 IND_BLK_TIN_BGP_BIS_LAW.xlsx,60,120,0.5,blk16e_transects.geojson,0
BLK16E,BKK,16E,5s-5n,LACO13,2,2025,Re_Veg Parcels 2025 IND_BLK_TIN_BGP_BIS_LAW.xlsx,80,160,0.5,blk16e_transects.geojson,1.25
BLK16E,BKK,16E,6n-6s,LACO13,0,2025,Re_Veg Parcels 2025 IND_BLK_TIN_BGP_BIS_LAW.xlsx,100,200,0.5,blk16e_transects.geojson,0
BLK16E,BKK,16E,7s-7n,LACO13,0,2025,Re_Veg Parcels 2025 IND_BLK_TIN_BGP_BIS_LAW.xlsx,69,138,0.5,blk16e_transects.geojson,0
BLK16E,BKK,16E,1s-1n,STPA4,0,2025,Re_Veg Parcels 2025 IND_BLK_TIN_BGP_BIS_LAW.xlsx,83,166,0.5,blk16e_transects.geojson,0
BLK16E,BKK,16E,2n-2s,STPA4,0,2025,Re_Veg Parcels 2025 IND_BLK_TIN_BGP_BIS_LAW.xlsx,100,200,0.5,blk16e_transects.geojson,0
BLK16E,BKK,16E,3s-3n,STPA4,1,2025,Re_Veg Parcels 2025 IND_BLK_TIN_BGP_BIS_LAW.xlsx,60,120,0.5,blk16e_transects.geojson,0.8333333333333334
BLK16E,BKK,16E,4n-4s,STPA4,0,2025,Re_Veg Parcels 2025 IND_BLK_TIN_BGP_BIS_LAW.xlsx,60,120,0.5,blk16e_transects.geojson,0
BLK16E,BKK,16E,5s-5n,STPA4,0,2025,Re_Veg Parcels 2025 IND_BLK_TIN_BGP_BIS_LAW.xlsx,80,160,0.5,blk16e_transects.geojson,0
BLK16E,BKK,16E,6n-6s,STPA4,0,2025,Re_Veg Parcels 2025 IND_BLK_TIN_BGP_BIS_LAW.xlsx,100,200,0.5,blk16e_transects.geojson,0
BLK16E,BKK,16E,7s-7n,STPA4,1,2025,Re_Veg Parcels 2025 IND_BLK_TIN_BGP_BIS_LAW.xlsx,69,138,0.5,blk16e_transects.geojson,0.7246376811594203
BLK16E,BKK,16E,1s-1n,AMARA,0,2025,Re_Veg Parcels 2025 IND_BLK_TIN_BGP_BIS_LAW.xlsx,83,166,0.5,blk16e_transects.geojson,0
BLK16E,BKK,16E,2n-2s,AMARA,0,2025,Re_Veg Parcels 2025 IND_BLK_TIN_BGP_BIS_LAW.xlsx,100,200,0.5,blk16e_transects.geojson,0
BLK16E,BKK,16E,3s-3n,AMARA,0,2025,Re_Veg Parcels 2025 IND_BLK_TIN_BGP_BIS_LAW.xlsx,60,120,0.5,blk16e_transects.geojson,0
BLK16E,BKK,16E,4n-4s,AMARA,1,2025,Re_Veg Parcels 2025 IND_BLK_TIN_BGP_BIS_LAW.xlsx,60,120,0.5,blk16e_transects.geojson,0.8333333333333334
BLK16E,BKK,16E,5s-5n,AMARA,0,2025,Re_Veg Parcels 2025 IND_BLK_TIN_BGP_BIS_LAW.xlsx,80,160,0.5,blk16e_transects.geojson,0
BLK16E,BKK,16E,6n-6s,AMARA,0,2025,Re_Veg Parcels 2025 IND_BLK_TIN_BGP_BIS_LAW.xlsx,100,200,0.5,blk16e_transects.geojson,0
BLK16E,BKK,16E,7s-7n,AMARA,0,2025,Re_Veg Parcels 2025 IND_BLK_TIN_BGP_BIS_LAW.xlsx,69,138,0.5,blk16e_transects.geojson,0
BLK16E,BKK,16E,1s-1n,ATSE2,1,2025,Re_Veg Parcels 2025 IND_BLK_TIN_BGP_BIS_LAW.xlsx,83,166,0.5,blk16e_transects.geojson,0.6024096385542169
BLK16E,BKK,16E,2n-2s,ATSE2,0,2025,Re_Veg Parcels 2025 IND_BLK_TIN_BGP_BIS_LAW.xlsx,100,200,0.5,blk16e_transects.geojson,0
BLK16E,BKK,16E,3s-3n,ATSE2,0,2025,Re_Veg Parcels 2025 IND_BLK_TIN_BGP_BIS_LAW.xlsx,60,120,0.5,blk16e_transects.geojson,0
BLK16E,BKK,16E,4n-4s,ATSE2,0,2025,Re_Veg Parcels 2025 IND_BLK_TIN_BGP_BIS_LAW.xlsx,60,120,0.5,blk16e_transects.geojson,0
BLK16E,BKK,16E,5s-5n,ATSE2,0,2025,Re_Veg Parcels 2025 IND_BLK_TIN_BGP_BIS_LAW.xlsx,80,160,0.5,blk16e_transects.geojson,0
BLK16E,BKK,16E,6n-6s,ATSE2,0,2025,Re_Veg Parcels 2025 IND_BLK_TIN_BGP_BIS_LAW.xlsx,100,200,0.5,blk16e_transects.geojson,0
BLK16E,BKK,16E,7s-7n,ATSE2,0,2025,Re_Veg Parcels 2025 IND_BLK_TIN_BGP_BIS_LAW.xlsx,69,138,0.5,blk16e_transects.geojson,0
BLK16E,BKK,16E,1s-1n,ELTR3,1,2025,Re_Veg Parcels 2025 IND_BLK_TIN_BGP_BIS_LAW.xlsx,83,166,0.5,blk16e_transects.geojson,0.6024096385542169
BLK16E,BKK,16E,2n-2s,ELTR3,0,2025,Re_Veg Parcels 2025 IND_BLK_TIN_BGP_BIS_LAW.xlsx,100,200,0.5,blk16e_transects.geojson,0
BLK16E,BKK,16E,3s-3n,ELTR3,0,2025,Re_Veg Parcels 2025 IND_BLK_TIN_BGP_BIS_LAW.xlsx,60,120,0.5,blk16e_transects.geojson,0
BLK16E,BKK,16E,4n-4s,ELTR3,0,2025,Re_Veg Parcels 2025 IND_BLK_TIN_BGP_BIS_LAW.xlsx,60,120,0.5,blk16e_transects.geojson,0
BLK16E,BKK,16E,5s-5n,ELTR3,0,2025,Re_Veg Parcels 2025 IND_BLK_TIN_BGP_BIS_LAW.xlsx,80,160,0.5,blk16e_transects.geojson,0
BLK16E,BKK,16E,6n-6s,ELTR3,0,2025,Re_Veg Parcels 2025 IND_BLK_TIN_BGP_BIS_LAW.xlsx,100,200,0.5,blk16e_transects.geojson,0
BLK16E,BKK,16E,7s-7n,ELTR3,0,2025,Re_Veg Parcels 2025 IND_BLK_TIN_BGP_BIS_LAW.xlsx,69,138,0.5,blk16e_transects.geojson,0
BLK16E,BKK,16E,1s-1n,SYSU5,0,2025,Re_Veg Parcels 2025 IND_BLK_TIN_BGP_BIS_LAW.xlsx,83,166,0.5,blk16e_transects.geojson,0
BLK16E,BKK,16E,2n-2s,SYSU5,0,2025,Re_Veg Parcels 2025 IND_BLK_TIN_BGP_BIS_LAW.xlsx,100,200,0.5,blk16e_transects.geojson,0
BLK16E,BKK,16E,3s-3n,SYSU5,0,2025,Re_Veg Parcels 2025 IND_BLK_TIN_BGP_BIS_LAW.xlsx,60,120,0.5,blk16e_transects.geojson,0
BLK16E,BKK,16E,4n-4s,SYSU5,1,2025,Re_Veg Parcels 2025 IND_BLK_TIN_BGP_BIS_LAW.xlsx,60,120,0.5,blk16e_transects.geojson,0.8333333333333334
BLK16E,BKK,16E,5s-5n,SYSU5,0,2025,Re_Veg Parcels 2025 IND_BLK_TIN_BGP_BIS_LAW.xlsx,80,160,0.5,blk16e_transects.geojson,0
BLK16E,BKK,16E,6n-6s,SYSU5,0,2025,Re_Veg Parcels 2025 IND_BLK_TIN_BGP_BIS_LAW.xlsx,100,200,0.5,blk16e_transects.geojson,0
BLK16E,BKK,16E,7s-7n,SYSU5,0,2025,Re_Veg Parcels 2025 IND_BLK_TIN_BGP_BIS_LAW.xlsx,69,138,0.5,blk16e_transects.geojson,0
TIN054,TIN,54,1.1-1.0,ERDE6,2,2025,Re_Veg Parcels 2025 IND_BLK_TIN_BGP_BIS_LAW.xlsx,2.06,4,0.5,gis_post_distance,50
TIN054,TIN,54,2.1-2.0,ERDE6,0,2025,Re_Veg Parcels 2025 IND_BLK_TIN_BGP_BIS_LAW.xlsx,5.13,10,0.5,gis_post_distance,0
TIN054,TIN,54,3.1-3.0,ERDE6,1,2025,Re_Veg Parcels 2025 IND_BLK_TIN_BGP_BIS_LAW.xlsx,5.7,11,0.5,gis_post_distance,9.090909090909092
TIN054,TIN,54,4.1-4.0,ERDE6,7,2025,Re_Veg Parcels 2025 IND_BLK_TIN_BGP_BIS_LAW.xlsx,5.34,11,0.5,gis_post_distance,63.63636363636363
TIN054,TIN,54,5.1-5.0,ERDE6,0,2025,Re_Veg Parcels 2025 IND_BLK_TIN_BGP_BIS_LAW.xlsx,5.28,11,0.5,gis_post_distance,0
TIN054,TIN,54,6.1-6.0,ERDE6,1,2025,Re_Veg Parcels 2025 IND_BLK_TIN_BGP_BIS_LAW.xlsx,4.64,9,0.5,gis_post_distance,11.11111111111111
TIN054,TIN,54,7.1-7.0,ERDE6,0,2025,Re_Veg Parcels 2025 IND_BLK_TIN_BGP_BIS_LAW.xlsx,4.94,10,0.5,gis_post_distance,0
TIN054,TIN,54,8.1-8.0,ERDE6,0,2025,Re_Veg Parcels 2025 IND_BLK_TIN_BGP_BIS_LAW.xlsx,4.8,10,0.5,gis_post_distance,0
TIN054,TIN,54,9.1-9.0,ERDE6,0,2025,Re_Veg Parcels 2025 IND_BLK_TIN_BGP_BIS_LAW.xlsx,3.3,7,0.5,gis_post_distance,0
TIN054,TIN,54,10.1-10.0,ERDE6,1,2025,Re_Veg Parcels 2025 IND_BLK_TIN_BGP_BIS_LAW.xlsx,4.93,10,0.5,gis_post_distance,10
TIN054,TIN,54,11.1-11.0,ERDE6,0,2025,Re_Veg Parcels 2025 IND_BLK_TIN_BGP_BIS_LAW.xlsx,4.65,9,0.5,gis_post_distance,0
TIN054,TIN,54,12.1-12.0,ERDE6,0,2025,Re_Veg Parcels 2025 IND_BLK_TIN_BGP_BIS_LAW.xlsx,4.99,10,0.5,gis_post_distance,0
TIN054,TIN,54,13.1-13.0,ERDE6,0,2025,Re_Veg Parcels 2025 IND_BLK_TIN_BGP_BIS_LAW.xlsx,5.13,10,0.5,gis_post_distance,0
TIN054,TIN,54,14.1-14.0,ERDE6,0,2025,Re_Veg Parcels 2025 IND_BLK_TIN_BGP_BIS_LAW.xlsx,5.25,11,0.5,gis_post_distance,0
TIN054,TIN,54,15.1-15.0,ERDE6,0,2025,Re_Veg Parcels 2025 IND_BLK_TIN_BGP_BIS_LAW.xlsx,5.23,10,0.5,gis_post_distance,0
TIN054,TIN,54,16.1-16.0,ERDE6,0,2025,Re_Veg Parcels 2025 IND_BLK_TIN_BGP_BIS_LAW.xlsx,5.13,10,0.5,gis_post_distance,0
TIN054,TIN,54,1.1-1.0,ATCA2,0,2025,Re_Veg Parcels 2025 IND_BLK_TIN_BGP_BIS_LAW.xlsx,2.06,4,0.5,gis_post_distance,0
TIN054,TIN,54,2.1-2.0,ATCA2,0,2025,Re_Veg Parcels 2025 IND_BLK_TIN_BGP_BIS_LAW.xlsx,5.13,10,0.5,gis_post_distance,0
TIN054,TIN,54,3.1-3.0,ATCA2,2,2025,Re_Veg Parcels 2025 IND_BLK_TIN_BGP_BIS_LAW.xlsx,5.7,11,0.5,gis_post_distance,18.181818181818183
TIN054,TIN,54,4.1-4.0,ATCA2,0,2025,Re_Veg Parcels 2025 IND_BLK_TIN_BGP_BIS_LAW.xlsx,5.34,11,0.5,gis_post_distance,0
TIN054,TIN,54,5.1-5.0,ATCA2,0,2025,Re_Veg Parcels 2025 IND_BLK_TIN_BGP_BIS_LAW.xlsx,5.28,11,0.5,gis_post_distance,0
TIN054,TIN,54,6.1-6.0,ATCA2,5,2025,Re_Veg Parcels 2025 IND_BLK_TIN_BGP_BIS_LAW.xlsx,4.64,9,0.5,gis_post_distance,55.55555555555556
TIN054,TIN,54,7.1-7.0,ATCA2,1,2025,Re_Veg Parcels 2025 IND_BLK_TIN_BGP_BIS_LAW.xlsx,4.94,10,0.5,gis_post_distance,10
TIN054,TIN,54,8.1-8.0,ATCA2,0,2025,Re_Veg Parcels 2025 IND_BLK_TIN_BGP_BIS_LAW.xlsx,4.8,10,0.5,gis_post_distance,0
TIN054,TIN,54,9.1-9.0,ATCA2,0,2025,Re_Veg Parcels 2025 IND_BLK_TIN_BGP_BIS_LAW.xlsx,3.3,7,0.5,gis_post_distance,0
TIN054,TIN,54,10.1-10.0,ATCA2,0,2025,Re_Veg Parcels 2025 IND_BLK_TIN_BGP_BIS_LAW.xlsx,4.93,10,0.5,gis_post_distance,0
TIN054,TIN,54,11.1-11.0,ATCA2,1,2025,Re_Veg Parcels 2025 IND_BLK_TIN_BGP_BIS_LAW.xlsx,4.65,9,0.5,gis_post_distance,11.11111111111111
TIN054,TIN,54,12.1-12.0,ATCA2,0,2025,Re_Veg Parcels 2025 IND_BLK_TIN_BGP_BIS_LAW.xlsx,4.99,10,0.5,gis_post_distance,0
TIN054,TIN,54,13.1-13.0,ATCA2,0,2025,Re_Veg Parcels 2025 IND_BLK_TIN_BGP_BIS_LAW.xlsx,5.13,10,0.5,gis_post_distance,0
TIN054,TIN,54,14.1-14.0,ATCA2,0,2025,Re_Veg Parcels 2025 IND_BLK_TIN_BGP_BIS_LAW.xlsx,5.25,11,0.5,gis_post_distance,0
TIN054,TIN,54,15.1-15.0,ATCA2,0,2025,Re_Veg Parcels 2025 IND_BLK_TIN_BGP_BIS_LAW.xlsx,5.23,10,0.5,gis_post_distance,0
TIN054,TIN,54,16.1-16.0,ATCA2,2,2025,Re_Veg Parcels 2025 IND_BLK_TIN_BGP_BIS_LAW.xlsx,5.13,10,0.5,gis_post_distance,20
TIN054,TIN,54,1.1-1.0,ATTO,0,2025,Re_Veg Parcels 2025 IND_BLK_TIN_BGP_BIS_LAW.xlsx,2.06,4,0.5,gis_post_distance,0
TIN054,TIN,54,2.1-2.0,ATTO,1,2025,Re_Veg Parcels 2025 IND_BLK_TIN_BGP_BIS_LAW.xlsx,5.13,10,0.5,gis_post_distance,10
TIN054,TIN,54,3.1-3.0,ATTO,0,2025,Re_Veg Parcels 2025 IND_BLK_TIN_BGP_BIS_LAW.xlsx,5.7,11,0.5,gis_post_distance,0
TIN054,TIN,54,4.1-4.0,ATTO,0,2025,Re_Veg Parcels 2025 IND_BLK_TIN_BGP_BIS_LAW.xlsx,5.34,11,0.5,gis_post_distance,0
TIN054,TIN,54,5.1-5.0,ATTO,0,2025,Re_Veg Parcels 2025 IND_BLK_TIN_BGP_BIS_LAW.xlsx,5.28,11,0.5,gis_post_distance,0
TIN054,TIN,54,6.1-6.0,ATTO,0,2025,Re_Veg Parcels 2025 IND_BLK_TIN_BGP_BIS_LAW.xlsx,4.64,9,0.5,gis_post_distance,0
TIN054,TIN,54,7.1-7.0,ATTO,2,2025,Re_Veg Parcels 2025 IND_BLK_TIN_BGP_BIS_LAW.xlsx,4.94,10,0.5,gis_post_distance,20
TIN054,TIN,54,8.1-8.0,ATTO,0,2025,Re_Veg Parcels 2025 IND_BLK_TIN_BGP_BIS_LAW.xlsx,4.8,10,0.5,gis_post_distance,0
TIN054,TIN,54,9.1-9.0,ATTO,3,2025,Re_Veg Parcels 2025 IND_BLK_TIN_BGP_BIS_LAW.xlsx,3.3,7,0.5,gis_post_distance,42.857142857142854
TIN054,TIN,54,10.1-10.0,ATTO,1,2025,Re_Veg Parcels 2025 IND_BLK_TIN_BGP_BIS_LAW.xlsx,4.93,10,0.5,gis_post_distance,10
TIN054,TIN,54,11.1-11.0,ATTO,0,2025,Re_Veg Parcels 2025 IND_BLK_TIN_BGP_BIS_LAW.xlsx,4.65,9,0.5,gis_post_distance,0
TIN054,TIN,54,12.1-12.0,ATTO,0,2025,Re_Veg Parcels 2025 IND_BLK_TIN_BGP_BIS_LAW.xlsx,4.99,10,0.5,gis_post_distance,0
TIN054,TIN,54,13.1-13.0,ATTO,0,2025,Re_Veg Parcels 2025 IND_BLK_TIN_BGP_BIS_LAW.xlsx,5.13,10,0.5,gis_post_distance,0
TIN054,TIN,54,14.1-14.0,ATTO,0,2025,Re_Veg Parcels 2025 IND_BLK_TIN_BGP_BIS_LAW.xlsx,5.25,11,0.5,gis_post_distance,0
TIN054,TIN,54,15.1-15.0,ATTO,0,2025,Re_Veg Parcels 2025 IND_BLK_TIN_BGP_BIS_LAW.xlsx,5.23,10,0.5,gis_post_distance,0
TIN054,TIN,54,16.1-16.0,ATTO,0,2025,Re_Veg Parcels 2025 IND_BLK_TIN_BGP_BIS_LAW.xlsx,5.13,10,0.5,gis_post_distance,0
TIN054,TIN,54,1.1-1.0,SATR12,0,2025,Re_Veg Parcels 2025 IND_BLK_TIN_BGP_BIS_LAW.xlsx,2.06,4,0.5,gis_post_distance,0
TIN054,TIN,54,2.1-2.0,SATR12,0,2025,Re_Veg Parcels 2025 IND_BLK_TIN_BGP_BIS_LAW.xlsx,5.13,10,0.5,gis_post_distance,0
TIN054,TIN,54,3.1-3.0,SATR12,0,2025,Re_Veg Parcels 2025 IND_BLK_TIN_BGP_BIS_LAW.xlsx,5.7,11,0.5,gis_post_distance,0
TIN054,TIN,54,4.1-4.0,SATR12,0,2025,Re_Veg Parcels 2025 IND_BLK_TIN_BGP_BIS_LAW.xlsx,5.34,11,0.5,gis_post_distance,0
TIN054,TIN,54,5.1-5.0,SATR12,0,2025,Re_Veg Parcels 2025 IND_BLK_TIN_BGP_BIS_LAW.xlsx,5.28,11,0.5,gis_post_distance,0
TIN054,TIN,54,6.1-6.0,SATR12,1,2025,Re_Veg Parcels 2025 IND_BLK_TIN_BGP_BIS_LAW.xlsx,4.64,9,0.5,gis_post_distance,11.11111111111111
TIN054,TIN,54,7.1-7.0,SATR12,0,2025,Re_Veg Parcels 2025 IND_BLK_TIN_BGP_BIS_LAW.xlsx,4.94,10,0.5,gis_post_distance,0
TIN054,TIN,54,8.1-8.0,SATR12,0,2025,Re_Veg Parcels 2025 IND_BLK_TIN_BGP_BIS_LAW.xlsx,4.8,10,0.5,gis_post_distance,0
TIN054,TIN,54,9.1-9.0,SATR12,1,2025,Re_Veg Parcels 2025 IND_BLK_TIN_BGP_BIS_LAW.xlsx,3.3,7,0.5,gis_post_distance,14.285714285714285
TIN054,TIN,54,10.1-10.0,SATR12,0,2025,Re_Veg Parcels 2025 IND_BLK_TIN_BGP_BIS_LAW.xlsx,4.93,10,0.5,gis_post_distance,0
TIN054,TIN,54,11.1-11.0,SATR12,0,2025,Re_Veg Parcels 2025 IND_BLK_TIN_BGP_BIS_LAW.xlsx,4.65,9,0.5,gis_post_distance,0
TIN054,TIN,54,12.1-12.0,SATR12,1,2025,Re_Veg Parcels 2025 IND_BLK_TIN_BGP_BIS_LAW.xlsx,4.99,10,0.5,gis_post_distance,10
TIN054,TIN,54,13.1-13.0,SATR12,2,2025,Re_Veg Parcels 2025 IND_BLK_TIN_BGP_BIS_LAW.xlsx,5.13,10,0.5,gis_post_distance,20
TIN054,TIN,54,14.1-14.0,SATR12,0,2025,Re_Veg Parcels 2025 IND_BLK_TIN_BGP_BIS_LAW.xlsx,5.25,11,0.5,gis_post_distance,0
TIN054,TIN,54,15.1-15.0,SATR12,0,2025,Re_Veg Parcels 2025 IND_BLK_TIN_BGP_BIS_LAW.xlsx,5.23,10,0.5,gis_post_distance,0
TIN054,TIN,54,16.1-16.0,SATR12,0,2025,Re_Veg Parcels 2025 IND_BLK_TIN_BGP_BIS_LAW.xlsx,5.13,10,0.5,gis_post_distance,0
TIN054,TIN,54,1.1-1.0,BAHY,2,2025,Re_Veg Parcels 2025 IND_BLK_TIN_BGP_BIS_LAW.xlsx,2.06,4,0.5,gis_post_distance,50
TIN054,TIN,54,2.1-2.0,BAHY,1,2025,Re_Veg Parcels 2025 IND_BLK_TIN_BGP_BIS_LAW.xlsx,5.13,10,0.5,gis_post_distance,10
TIN054,TIN,54,3.1-3.0,BAHY,0,2025,Re_Veg Parcels 2025 IND_BLK_TIN_BGP_BIS_LAW.xlsx,5.7,11,0.5,gis_post_distance,0
TIN054,TIN,54,4.1-4.0,BAHY,0,2025,Re_Veg Parcels 2025 IND_BLK_TIN_BGP_BIS_LAW.xlsx,5.34,11,0.5,gis_post_distance,0
TIN054,TIN,54,5.1-5.0,BAHY,0,2025,Re_Veg Parcels 2025 IND_BLK_TIN_BGP_BIS_LAW.xlsx,5.28,11,0.5,gis_post_distance,0
TIN054,TIN,54,6.1-6.0,BAHY,0,2025,Re_Veg Parcels 2025 IND_BLK_TIN_BGP_BIS_LAW.xlsx,4.64,9,0.5,gis_post_distance,0
TIN054,TIN,54,7.1-7.0,BAHY,0,2025,Re_Veg Parcels 2025 IND_BLK_TIN_BGP_BIS_LAW.xlsx,4.94,10,0.5,gis_post_distance,0
TIN054,TIN,54,8.1-8.0,BAHY,0,2025,Re_Veg Parcels 2025 IND_BLK_TIN_BGP_BIS_LAW.xlsx,4.8,10,0.5,gis_post_distance,0
TIN054,TIN,54,9.1-9.0,BAHY,0,2025,Re_Veg Parcels 2025 IND_BLK_TIN_BGP_BIS_LAW.xlsx,3.3,7,0.5,gis_post_distance,0
TIN054,TIN,54,10.1-10.0,BAHY,0,2025,Re_Veg Parcels 2025 IND_BLK_TIN_BGP_BIS_LAW.xlsx,4.93,10,0.5,gis_post_distance,0
TIN054,TIN,54,11.1-11.0,BAHY,0,2025,Re_Veg Parcels 2025 IND_BLK_TIN_BGP_BIS_LAW.xlsx,4.65,9,0.5,gis_post_distance,0
TIN054,TIN,54,12.1-12.0,BAHY,0,2025,Re_Veg Parcels 2025 IND_BLK_TIN_BGP_BIS_LAW.xlsx,4.99,10,0.5,gis_post_distance,0
TIN054,TIN,54,13.1-13.0,BAHY,0,2025,Re_Veg Parcels 2025 IND_BLK_TIN_BGP_BIS_LAW.xlsx,5.13,10,0.5,gis_post_distance,0
TIN054,TIN,54,14.1-14.0,BAHY,0,2025,Re_Veg Parcels 2025 IND_BLK_TIN_BGP_BIS_LAW.xlsx,5.25,11,0.5,gis_post_distance,0
TIN054,TIN,54,15.1-15.0,BAHY,0,2025,Re_Veg Parcels 2025 IND_BLK_TIN_BGP_BIS_LAW.xlsx,5.23,10,0.5,gis_post_distance,0
TIN054,TIN,54,16.1-16.0,BAHY,0,2025,Re_Veg Parcels 2025 IND_BLK_TIN_BGP_BIS_LAW.xlsx,5.13,10,0.5,gis_post_distance,0
TIN054,TIN,54,1.1-1.0,SAVE4,0,2025,Re_Veg Parcels 2025 IND_BLK_TIN_BGP_BIS_LAW.xlsx,2.06,4,0.5,gis_post_distance,0
TIN054,TIN,54,2.1-2.0,SAVE4,1,2025,Re_Veg Parcels 2025 IND_BLK_TIN_BGP_BIS_LAW.xlsx,5.13,10,0.5,gis_post_distance,10
TIN054,TIN,54,3.1-3.0,SAVE4,0,2025,Re_Veg Parcels 2025 IND_BLK_TIN_BGP_BIS_LAW.xlsx,5.7,11,0.5,gis_post_distance,0
TIN054,TIN,54,4.1-4.0,SAVE4,0,2025,Re_Veg Parcels 2025 IND_BLK_TIN_BGP_BIS_LAW.xlsx,5.34,11,0.5,gis_post_distance,0
TIN054,TIN,54,5.1-5.0,SAVE4,0,2025,Re_Veg Parcels 2025 IND_BLK_TIN_BGP_BIS_LAW.xlsx,5.28,11,0.5,gis_post_distance,0
TIN054,TIN,54,6.1-6.0,SAVE4,0,2025,Re_Veg Parcels 2025 IND_BLK_TIN_BGP_BIS_LAW.xlsx,4.64,9,0.5,gis_post_distance,0
TIN054,TIN,54,7.1-7.0,SAVE4,1,2025,Re_Veg Parcels 2025 IND_BLK_TIN_BGP_BIS_LAW.xlsx,4.94,10,0.5,gis_post_distance,10
TIN054,TIN,54,8.1-8.0,SAVE4,0,2025,Re_Veg Parcels 2025 IND_BLK_TIN_BGP_BIS_LAW.xlsx,4.8,10,0.5,gis_post_distance,0
TIN054,TIN,54,9.1-9.0,SAVE4,0,2025,Re_Veg Parcels 2025 IND_BLK_TIN_BGP_BIS_LAW.xlsx,3.3,7,0.5,gis_post_distance,0
TIN054,TIN,54,10.1-10.0,SAVE4,0,2025,Re_Veg Parcels 2025 IND_BLK_TIN_BGP_BIS_LAW.xlsx,4.93,10,0.5,gis_post_distance,0
TIN054,TIN,54,11.1-11.0,SAVE4,0,2025,Re_Veg Parcels 2025 IND_BLK_TIN_BGP_BIS_LAW.xlsx,4.65,9,0.5,gis_post_distance,0
TIN054,TIN,54,12.1-12.0,SAVE4,0,2025,Re_Veg Parcels 2025 IND_BLK_TIN_BGP_BIS_LAW.xlsx,4.99,10,0.5,gis_post_distance,0
TIN054,TIN,54,13.1-13.0,SAVE4,0,2025,Re_Veg Parcels 2025 IND_BLK_TIN_BGP_BIS_LAW.xlsx,5.13,10,0.5,gis_post_distance,0
TIN054,TIN,54,14.1-14.0,SAVE4,0,2025,Re_Veg Parcels 2025 IND_BLK_TIN_BGP_BIS_LAW.xlsx,5.25,11,0.5,gis_post_distance,0
TIN054,TIN,54,15.1-15.0,SAVE4,0,2025,Re_Veg Parcels 2025 IND_BLK_TIN_BGP_BIS_LAW.xlsx,5.23,10,0.5,gis_post_distance,0
TIN054,TIN,54,16.1-16.0,SAVE4,0,2025,Re_Veg Parcels 2025 IND_BLK_TIN_BGP_BIS_LAW.xlsx,5.13,10,0.5,gis_post_distance,0
TIN054,TIN,54,1.1-1.0,SPAI,0,2025,Re_Veg Parcels 2025 IND_BLK_TIN_BGP_BIS_LAW.xlsx,2.06,4,0.5,gis_post_distance,0
TIN054,TIN,54,2.1-2.0,SPAI,0,2025,Re_Veg Parcels 2025 IND_BLK_TIN_BGP_BIS_LAW.xlsx,5.13,10,0.5,gis_post_distance,0
TIN054,TIN,54,3.1-3.0,SPAI,0,2025,Re_Veg Parcels 2025 IND_BLK_TIN_BGP_BIS_LAW.xlsx,5.7,11,0.5,gis_post_distance,0
TIN054,TIN,54,4.1-4.0,SPAI,0,2025,Re_Veg Parcels 2025 IND_BLK_TIN_BGP_BIS_LAW.xlsx,5.34,11,0.5,gis_post_distance,0
TIN054,TIN,54,5.1-5.0,SPAI,1,2025,Re_Veg Parcels 2025 IND_BLK_TIN_BGP_BIS_LAW.xlsx,5.28,11,0.5,gis_post_distance,9.090909090909092
TIN054,TIN,54,6.1-6.0,SPAI,0,2025,Re_Veg Parcels 2025 IND_BLK_TIN_BGP_BIS_LAW.xlsx,4.64,9,0.5,gis_post_distance,0
TIN054,TIN,54,7.1-7.0,SPAI,0,2025,Re_Veg Parcels 2025 IND_BLK_TIN_BGP_BIS_LAW.xlsx,4.94,10,0.5,gis_post_distance,0
TIN054,TIN,54,8.1-8.0,SPAI,0,2025,Re_Veg Parcels 2025 IND_BLK_TIN_BGP_BIS_LAW.xlsx,4.8,10,0.5,gis_post_distance,0
TIN054,TIN,54,9.1-9.0,SPAI,0,2025,Re_Veg Parcels 2025 IND_BLK_TIN_BGP_BIS_LAW.xlsx,3.3,7,0.5,gis_post_distance,0
TIN054,TIN,54,10.1-10.0,SPAI,0,2025,Re_Veg Parcels 2025 IND_BLK_TIN_BGP_BIS_LAW.xlsx,4.93,10,0.5,gis_post_distance,0
TIN054,TIN,54,11.1-11.0,SPAI,0,2025,Re_Veg Parcels 2025 IND_BLK_TIN_BGP_BIS_LAW.xlsx,4.65,9,0.5,gis_post_distance,0
TIN054,TIN,54,12.1-12.0,SPAI,0,2025,Re_Veg Parcels 2025 IND_BLK_TIN_BGP_BIS_LAW.xlsx,4.99,10,0.5,gis_post_distance,0
TIN054,TIN,54,13.1-13.0,SPAI,1,2025,Re_Veg Parcels 2025 IND_BLK_TIN_BGP_BIS_LAW.xlsx,5.13,10,0.5,gis_post_distance,10
TIN054,TIN,54,14.1-14.0,SPAI,0,2025,Re_Veg Parcels 2025 IND_BLK_TIN_BGP_BIS_LAW.xlsx,5.25,11,0.5,gis_post_distance,0
TIN054,TIN,54,15.1-15.0,SPAI,0,2025,Re_Veg Parcels 2025 IND_BLK_TIN_BGP_BIS_LAW.xlsx,5.23,10,0.5,gis_post_distance,0
TIN054,TIN,54,16.1-16.0,SPAI,0,2025,Re_Veg Parcels 2025 IND_BLK_TIN_BGP_BIS_LAW.xlsx,5.13,10,0.5,gis_post_distance,0
BGP160E,BGP,160E,1.1-1.2,ATCA2,4,2025,Re_Veg Parcels 2025 IND_BLK_TIN_BGP_BIS_LAW.xlsx,102.2,204,0.5,gis_post_distance,1.9607843137254901
BGP160E,BGP,160E,1.2-1.3,ATCA2,4,2025,Re_Veg Parcels 2025 IND_BLK_TIN_BGP_BIS_LAW.xlsx,100.12,200,0.5,gis_post_distance,2
BGP160E,BGP,160E,1.3-1.4,ATCA2,35,2025,Re_Veg Parcels 2025 IND_BLK_TIN_BGP_BIS_LAW.xlsx,99.6,199,0.5,gis_post_distance,17.587939698492463
BGP160E,BGP,160E,1.4-1.5,ATCA2,30,2025,Re_Veg Parcels 2025 IND_BLK_TIN_BGP_BIS_LAW.xlsx,101.22,202,0.5,gis_post_distance,14.85148514851485
BGP160E,BGP,160E,1.5-1.6,ATCA2,17,2025,Re_Veg Parcels 2025 IND_BLK_TIN_BGP_BIS_LAW.xlsx,99.93,200,0.5,gis_post_distance,8.5
BGP160E,BGP,160E,1.6-1.7,ATCA2,12,2025,Re_Veg Parcels 2025 IND_BLK_TIN_BGP_BIS_LAW.xlsx,100.68,201,0.5,gis_post_distance,5.970149253731343
BGP160E,BGP,160E,1.7-1.0,ATCA2,0,2025,Re_Veg Parcels 2025 IND_BLK_TIN_BGP_BIS_LAW.xlsx,102.14,204,0.5,gis_post_distance,0
BGP160E,BGP,160E,2.1-2.2,ATCA2,0,2025,Re_Veg Parcels 2025 IND_BLK_TIN_BGP_BIS_LAW.xlsx,102.19,204,0.5,gis_post_distance,0
BGP160E,BGP,160E,2.2-2.3,ATCA2,0,2025,Re_Veg Parcels 2025 IND_BLK_TIN_BGP_BIS_LAW.xlsx,99.1,198,0.5,gis_post_distance,0
BGP160E,BGP,160E,2.3-2.4,ATCA2,26,2025,Re_Veg Parcels 2025 IND_BLK_TIN_BGP_BIS_LAW.xlsx,100.55,201,0.5,gis_post_distance,12.935323383084576
BGP160E,BGP,160E,2.4-2.5,ATCA2,13,2025,Re_Veg Parcels 2025 IND_BLK_TIN_BGP_BIS_LAW.xlsx,100.95,202,0.5,gis_post_distance,6.435643564356436
BGP160E,BGP,160E,2.5-2.6,ATCA2,32,2025,Re_Veg Parcels 2025 IND_BLK_TIN_BGP_BIS_LAW.xlsx,99.79,200,0.5,gis_post_distance,16
BGP160E,BGP,160E,2.6-2.7,ATCA2,33,2025,Re_Veg Parcels 2025 IND_BLK_TIN_BGP_BIS_LAW.xlsx,100.24,200,0.5,gis_post_distance,16.5
BGP160E,BGP,160E,2.7-2.0,ATCA2,1,2025,Re_Veg Parcels 2025 IND_BLK_TIN_BGP_BIS_LAW.xlsx,101,202,0.5,gis_post_distance,0.49504950495049505
BGP160E,BGP,160E,3.1-3.2,ATCA2,5,2025,Re_Veg Parcels 2025 IND_BLK_TIN_BGP_BIS_LAW.xlsx,100.56,201,0.5,gis_post_distance,2.4875621890547266
BGP160E,BGP,160E,3.2-3.3,ATCA2,7,2025,Re_Veg Parcels 2025 IND_BLK_TIN_BGP_BIS_LAW.xlsx,99.68,199,0.5,gis_post_distance,3.5175879396984926
BGP160E,BGP,160E,3.3-3.4,ATCA2,14,2025,Re_Veg Parcels 2025 IND_BLK_TIN_BGP_BIS_LAW.xlsx,100.12,200,0.5,gis_post_distance,7.000000000000001
BGP160E,BGP,160E,3.4-3.5,ATCA2,39,2025,Re_Veg Parcels 2025 IND_BLK_TIN_BGP_BIS_LAW.xlsx,100.69,201,0.5,gis_post_distance,19.402985074626866
BGP160E,BGP,160E,3.5-3.6,ATCA2,31,2025,Re_Veg Parcels 2025 IND_BLK_TIN_BGP_BIS_LAW.xlsx,101.12,202,0.5,gis_post_distance,15.346534653465346
BGP160E,BGP,160E,3.6-3.7,ATCA2,4,2025,Re_Veg Parcels 2025 IND_BLK_TIN_BGP_BIS_LAW.xlsx,97.99,196,0.5,gis_post_distance,2.0408163265306123
BGP160E,BGP,160E,3.7-3.0,ATCA2,0,2025,Re_Veg Parcels 2025 IND_BLK_TIN_BGP_BIS_LAW.xlsx,100.36,201,0.5,gis_post_distance,0
BGP160E,BGP,160E,4.1-4.2,ATCA2,0,2025,Re_Veg Parcels 2025 IND_BLK_TIN_BGP_BIS_LAW.xlsx,101.57,203,0.5,gis_post_distance,0
BGP160E,BGP,160E,4.2-4.3,ATCA2,9,2025,Re_Veg Parcels 2025 IND_BLK_TIN_BGP_BIS_LAW.xlsx,98.68,197,0.5,gis_post_distance,4.568527918781726
BGP160E,BGP,160E,4.3-4.4,ATCA2,22,2025,Re_Veg Parcels 2025 IND_BLK_TIN_BGP_BIS_LAW.xlsx,101.34,203,0.5,gis_post_distance,10.83743842364532
BGP160E,BGP,160E,4.4-4.5,ATCA2,23,2025,Re_Veg Parcels 2025 IND_BLK_TIN_BGP_BIS_LAW.xlsx,100.13,200,0.5,gis_post_distance,11.5
BGP160E,BGP,160E,4.5-4.6,ATCA2,22,2025,Re_Veg Parcels 2025 IND_BLK_TIN_BGP_BIS_LAW.xlsx,99.69,199,0.5,gis_post_distance,11.055276381909549
BGP160E,BGP,160E,4.6-4.7,ATCA2,5,2025,Re_Veg Parcels 2025 IND_BLK_TIN_BGP_BIS_LAW.xlsx,100.25,200,0.5,gis_post_distance,2.5
BGP160E,BGP,160E,4.7-4.0,ATCA2,21,2025,Re_Veg Parcels 2025 IND_BLK_TIN_BGP_BIS_LAW.xlsx,99.92,200,0.5,gis_post_distance,10.5
BGP160E,BGP,160E,5.1-5.2,ATCA2,2,2025,Re_Veg Parcels 2025 IND_BLK_TIN_BGP_BIS_LAW.xlsx,101.15,202,0.5,gis_post_distance,0.9900990099009901
BGP160E,BGP,160E,5.2-5.3,ATCA2,5,2025,Re_Veg Parcels 2025 IND_BLK_TIN_BGP_BIS_LAW.xlsx,101.49,203,0.5,gis_post_distance,2.4630541871921183
BGP160E,BGP,160E,5.3-5.4,ATCA2,4,2025,Re_Veg Parcels 2025 IND_BLK_TIN_BGP_BIS_LAW.xlsx,99.48,199,0.5,gis_post_distance,2.0100502512562812
BGP160E,BGP,160E,5.4-5.5,ATCA2,19,2025,Re_Veg Parcels 2025 IND_BLK_TIN_BGP_BIS_LAW.xlsx,99.48,199,0.5,gis_post_distance,9.547738693467336
BGP160E,BGP,160E,5.5-5.6,ATCA2,24,2025,Re_Veg Parcels 2025 IND_BLK_TIN_BGP_BIS_LAW.xlsx,100.44,201,0.5,gis_post_distance,11.940298507462686
BGP160E,BGP,160E,5.6-5.7,ATCA2,1,2025,Re_Veg Parcels 2025 IND_BLK_TIN_BGP_BIS_LAW.xlsx,100.42,201,0.5,gis_post_distance,0.4975124378109453
BGP160E,BGP,160E,5.7-5.0,ATCA2,2,2025,Re_Veg Parcels 2025 IND_BLK_TIN_BGP_BIS_LAW.xlsx,101.57,203,0.5,gis_post_distance,0.9852216748768473
BGP160E,BGP,160E,6.1-6.2,ATCA2,5,2025,Re_Veg Parcels 2025 IND_BLK_TIN_BGP_BIS_LAW.xlsx,99.76,200,0.5,gis_post_distance,2.5
BGP160E,BGP,160E,6.2-6.3,ATCA2,33,2025,Re_Veg Parcels 2025 IND_BLK_TIN_BGP_BIS_LAW.xlsx,101.35,203,0.5,gis_post_distance,16.25615763546798
BGP160E,BGP,160E,6.3-6.4,ATCA2,21,2025,Re_Veg Parcels 2025 IND_BLK_TIN_BGP_BIS_LAW.xlsx,99.79,200,0.5,gis_post_distance,10.5
BGP160E,BGP,160E,6.4-6.5,ATCA2,14,2025,Re_Veg Parcels 2025 IND_BLK_TIN_BGP_BIS_LAW.xlsx,101.44,203,0.5,gis_post_distance,6.896551724137931
BGP160E,BGP,160E,6.5-6.6,ATCA2,12,2025,Re_Veg Parcels 2025 IND_BLK_TIN_BGP_BIS_LAW.xlsx,99.9,200,0.5,gis_post_distance,6
BGP160E,BGP,160E,6.6-6.7,ATCA2,3,2025,Re_Veg Parcels 2025 IND_BLK_TIN_BGP_BIS_LAW.xlsx,99.8,200,0.5,gis_post_distance,1.5
BGP160E,BGP,160E,6.7-6.0,ATCA2,0,2025,Re_Veg Parcels 2025 IND_BLK_TIN_BGP_BIS_LAW.xlsx,100.33,201,0.5,gis_post_distance,0
BGP160E,BGP,160E,7.1-7.2,ATCA2,0,2025,Re_Veg Parcels 2025 IND_BLK_TIN_BGP_BIS_LAW.xlsx,100.18,200,0.5,gis_post_distance,0
BGP160E,BGP,160E,7.2-7.3,ATCA2,2,2025,Re_Veg Parcels 2025 IND_BLK_TIN_BGP_BIS_LAW.xlsx,101.7,203,0.5,gis_post_distance,0.9852216748768473
BGP160E,BGP,160E,7.3-7.4,ATCA2,0,2025,Re_Veg Parcels 2025 IND_BLK_TIN_BGP_BIS_LAW.xlsx,99.58,199,0.5,gis_post_distance,0
BGP160E,BGP,160E,7.4-7.5,ATCA2,0,2025,Re_Veg Parcels 2025 IND_BLK_TIN_BGP_BIS_LAW.xlsx,99.47,199,0.5,gis_post_distance,0
BGP160E,BGP,160E,7.5-7.6,ATCA2,0,2025,Re_Veg Parcels 2025 IND_BLK_TIN_BGP_BIS_LAW.xlsx,102.74,205,0.5,gis_post_distance,0
BGP160E,BGP,160E,7.6-7.7,ATCA2,0,2025,Re_Veg Parcels 2025 IND_BLK_TIN_BGP_BIS_LAW.xlsx,99.59,199,0.5,gis_post_distance,0
BGP160E,BGP,160E,7.7-7.0,ATCA2,0,2025,Re_Veg Parcels 2025 IND_BLK_TIN_BGP_BIS_LAW.xlsx,99.82,200,0.5,gis_post_distance,0
BGP160E,BGP,160E,8.1-8.2,ATCA2,0,2025,Re_Veg Parcels 2025 IND_BLK_TIN_BGP_BIS_LAW.xlsx,100.03,200,0.5,gis_post_distance,0
BGP160E,BGP,160E,8.2-8.3,ATCA2,0,2025,Re_Veg Parcels 2025 IND_BLK_TIN_BGP_BIS_LAW.xlsx,99.95,200,0.5,gis_post_distance,0
BGP160E,BGP,160E,8.3-8.4,ATCA2,3,2025,Re_Veg Parcels 2025 IND_BLK_TIN_BGP_BIS_LAW.xlsx,98.21,196,0.5,gis_post_distance,1.530612244897959
BGP160E,BGP,160E,8.4-8.5,ATCA2,32,2025,Re_Veg Parcels 2025 IND_BLK_TIN_BGP_BIS_LAW.xlsx,103.14,206,0.5,gis_post_distance,15.53398058252427
BGP160E,BGP,160E,8.5-8.0,ATCA2,17,2025,Re_Veg Parcels 2025 IND_BLK_TIN_BGP_BIS_LAW.xlsx,98.83,198,0.5,gis_post_distance,8.585858585858585
BGP160E,BGP,160E,1.1-1.2,ERNA10,20,2025,Re_Veg Parcels 2025 IND_BLK_TIN_BGP_BIS_LAW.xlsx,102.2,204,0.5,gis_post_distance,9.803921568627452
BGP160E,BGP,160E,1.2-1.3,ERNA10,28,2025,Re_Veg Parcels 2025 IND_BLK_TIN_BGP_BIS_LAW.xlsx,100.12,200,0.5,gis_post_distance,14.000000000000002
BGP160E,BGP,160E,1.3-1.4,ERNA10,9,2025,Re_Veg Parcels 2025 IND_BLK_TIN_BGP_BIS_LAW.xlsx,99.6,199,0.5,gis_post_distance,4.522613065326634
BGP160E,BGP,160E,1.4-1.5,ERNA10,4,2025,Re_Veg Parcels 2025 IND_BLK_TIN_BGP_BIS_LAW.xlsx,101.22,202,0.5,gis_post_distance,1.9801980198019802
BGP160E,BGP,160E,1.5-1.6,ERNA10,10,2025,Re_Veg Parcels 2025 IND_BLK_TIN_BGP_BIS_LAW.xlsx,99.93,200,0.5,gis_post_distance,5
BGP160E,BGP,160E,1.6-1.7,ERNA10,15,2025,Re_Veg Parcels 2025 IND_BLK_TIN_BGP_BIS_LAW.xlsx,100.68,201,0.5,gis_post_distance,7.462686567164178
BGP160E,BGP,160E,1.7-1.0,ERNA10,44,2025,Re_Veg Parcels 2025 IND_BLK_TIN_BGP_BIS_LAW.xlsx,102.14,204,0.5,gis_post_distance,21.568627450980394
BGP160E,BGP,160E,2.1-2.2,ERNA10,3,2025,Re_Veg Parcels 2025 IND_BLK_TIN_BGP_BIS_LAW.xlsx,102.19,204,0.5,gis_post_distance,1.4705882352941175
BGP160E,BGP,160E,2.2-2.3,ERNA10,15,2025,Re_Veg Parcels 2025 IND_BLK_TIN_BGP_BIS_LAW.xlsx,99.1,198,0.5,gis_post_distance,7.575757575757576
BGP160E,BGP,160E,2.3-2.4,ERNA10,3,2025,Re_Veg Parcels 2025 IND_BLK_TIN_BGP_BIS_LAW.xlsx,100.55,201,0.5,gis_post_distance,1.4925373134328357
BGP160E,BGP,160E,2.4-2.5,ERNA10,0,2025,Re_Veg Parcels 2025 IND_BLK_TIN_BGP_BIS_LAW.xlsx,100.95,202,0.5,gis_post_distance,0
BGP160E,BGP,160E,2.5-2.6,ERNA10,5,2025,Re_Veg Parcels 2025 IND_BLK_TIN_BGP_BIS_LAW.xlsx,99.79,200,0.5,gis_post_distance,2.5
BGP160E,BGP,160E,2.6-2.7,ERNA10,0,2025,Re_Veg Parcels 2025 IND_BLK_TIN_BGP_BIS_LAW.xlsx,100.24,200,0.5,gis_post_distance,0
BGP160E,BGP,160E,2.7-2.0,ERNA10,11,2025,Re_Veg Parcels 2025 IND_BLK_TIN_BGP_BIS_LAW.xlsx,101,202,0.5,gis_post_distance,5.445544554455446
BGP160E,BGP,160E,3.1-3.2,ERNA10,10,2025,Re_Veg Parcels 2025 IND_BLK_TIN_BGP_BIS_LAW.xlsx,100.56,201,0.5,gis_post_distance,4.975124378109453
BGP160E,BGP,160E,3.2-3.3,ERNA10,0,2025,Re_Veg Parcels 2025 IND_BLK_TIN_BGP_BIS_LAW.xlsx,99.68,199,0.5,gis_post_distance,0
BGP160E,BGP,160E,3.3-3.4,ERNA10,0,2025,Re_Veg Parcels 2025 IND_BLK_TIN_BGP_BIS_LAW.xlsx,100.12,200,0.5,gis_post_distance,0
BGP160E,BGP,160E,3.4-3.5,ERNA10,0,2025,Re_Veg Parcels 2025 IND_BLK_TIN_BGP_BIS_LAW.xlsx,100.69,201,0.5,gis_post_distance,0
BGP160E,BGP,160E,3.5-3.6,ERNA10,3,2025,Re_Veg Parcels 2025 IND_BLK_TIN_BGP_BIS_LAW.xlsx,101.12,202,0.5,gis_post_distance,1.4851485148514851
BGP160E,BGP,160E,3.6-3.7,ERNA10,2,2025,Re_Veg Parcels 2025 IND_BLK_TIN_BGP_BIS_LAW.xlsx,97.99,196,0.5,gis_post_distance,1.0204081632653061
BGP160E,BGP,160E,3.7-3.0,ERNA10,53,2025,Re_Veg Parcels 2025 IND_BLK_TIN_BGP_BIS_LAW.xlsx,100.36,201,0.5,gis_post_distance,26.368159203980102
BGP160E,BGP,160E,4.1-4.2,ERNA10,17,2025,Re_Veg Parcels 2025 IND_BLK_TIN_BGP_BIS_LAW.xlsx,101.57,203,0.5,gis_post_distance,8.374384236453201
BGP160E,BGP,160E,4.2-4.3,ERNA10,11,2025,Re_Veg Parcels 2025 IND_BLK_TIN_BGP_BIS_LAW.xlsx,98.68,197,0.5,gis_post_distance,5.583756345177665
BGP160E,BGP,160E,4.3-4.4,ERNA10,10,2025,Re_Veg Parcels 2025 IND_BLK_TIN_BGP_BIS_LAW.xlsx,101.34,203,0.5,gis_post_distance,4.926108374384237
BGP160E,BGP,160E,4.4-4.5,ERNA10,0,2025,Re_Veg Parcels 2025 IND_BLK_TIN_BGP_BIS_LAW.xlsx,100.13,200,0.5,gis_post_distance,0
BGP160E,BGP,160E,4.5-4.6,ERNA10,0,2025,Re_Veg Parcels 2025 IND_BLK_TIN_BGP_BIS_LAW.xlsx,99.69,199,0.5,gis_post_distance,0
BGP160E,BGP,160E,4.6-4.7,ERNA10,7,2025,Re_Veg Parcels 2025 IND_BLK_TIN_BGP_BIS_LAW.xlsx,100.25,200,0.5,gis_post_distance,3.5000000000000004
BGP160E,BGP,160E,4.7-4.0,ERNA10,0,2025,Re_Veg Parcels 2025 IND_BLK_TIN_BGP_BIS_LAW.xlsx,99.92,200,0.5,gis_post_distance,0
BGP160E,BGP,160E,5.1-5.2,ERNA10,1,2025,Re_Veg Parcels 2025 IND_BLK_TIN_BGP_BIS_LAW.xlsx,101.15,202,0.5,gis_post_distance,0.49504950495049505
BGP160E,BGP,160E,5.2-5.3,ERNA10,5,2025,Re_Veg Parcels 2025 IND_BLK_TIN_BGP_BIS_LAW.xlsx,101.49,203,0.5,gis_post_distance,2.4630541871921183
BGP160E,BGP,160E,5.3-5.4,ERNA10,24,2025,Re_Veg Parcels 2025 IND_BLK_TIN_BGP_BIS_LAW.xlsx,99.48,199,0.5,gis_post_distance,12.060301507537687
BGP160E,BGP,160E,5.4-5.5,ERNA10,1,2025,Re_Veg Parcels 2025 IND_BLK_TIN_BGP_BIS_LAW.xlsx,99.48,199,0.5,gis_post_distance,0.5025125628140703
BGP160E,BGP,160E,5.5-5.6,ERNA10,5,2025,Re_Veg Parcels 2025 IND_BLK_TIN_BGP_BIS_LAW.xlsx,100.44,201,0.5,gis_post_distance,2.4875621890547266
BGP160E,BGP,160E,5.6-5.7,ERNA10,19,2025,Re_Veg Parcels 2025 IND_BLK_TIN_BGP_BIS_LAW.xlsx,100.42,201,0.5,gis_post_distance,9.45273631840796
BGP160E,BGP,160E,5.7-5.0,ERNA10,42,2025,Re_Veg Parcels 2025 IND_BLK_TIN_BGP_BIS_LAW.xlsx,101.57,203,0.5,gis_post_distance,20.689655172413794
BGP160E,BGP,160E,6.1-6.2,ERNA10,28,2025,Re_Veg Parcels 2025 IND_BLK_TIN_BGP_BIS_LAW.xlsx,99.76,200,0.5,gis_post_distance,14.000000000000002
BGP160E,BGP,160E,6.2-6.3,ERNA10,6,2025,Re_Veg Parcels 2025 IND_BLK_TIN_BGP_BIS_LAW.xlsx,101.35,203,0.5,gis_post_distance,2.955665024630542
BGP160E,BGP,160E,6.3-6.4,ERNA10,2,2025,Re_Veg Parcels 2025 IND_BLK_TIN_BGP_BIS_LAW.xlsx,99.79,200,0.5,gis_post_distance,1
BGP160E,BGP,160E,6.4-6.5,ERNA10,10,2025,Re_Veg Parcels 2025 IND_BLK_TIN_BGP_BIS_LAW.xlsx,101.44,203,0.5,gis_post_distance,4.926108374384237
BGP160E,BGP,160E,6.5-6.6,ERNA10,17,2025,Re_Veg Parcels 2025 IND_BLK_TIN_BGP_BIS_LAW.xlsx,99.9,200,0.5,gis_post_distance,8.5
BGP160E,BGP,160E,6.6-6.7,ERNA10,8,2025,Re_Veg Parcels 2025 IND_BLK_TIN_BGP_BIS_LAW.xlsx,99.8,200,0.5,gis_post_distance,4
BGP160E,BGP,160E,6.7-6.0,ERNA10,13,2025,Re_Veg Parcels 2025 IND_BLK_TIN_BGP_BIS_LAW.xlsx,100.33,201,0.5,gis_post_distance,6.467661691542288
BGP160E,BGP,160E,7.1-7.2,ERNA10,10,2025,Re_Veg Parcels 2025 IND_BLK_TIN_BGP_BIS_LAW.xlsx,100.18,200,0.5,gis_post_distance,5
BGP160E,BGP,160E,7.2-7.3,ERNA10,5,2025,Re_Veg Parcels 2025 IND_BLK_TIN_BGP_BIS_LAW.xlsx,101.7,203,0.5,gis_post_distance,2.4630541871921183
BGP160E,BGP,160E,7.3-7.4,ERNA10,5,2025,Re_Veg Parcels 2025 IND_BLK_TIN_BGP_BIS_LAW.xlsx,99.58,199,0.5,gis_post_distance,2.512562814070352
BGP160E,BGP,160E,7.4-7.5,ERNA10,4,2025,Re_Veg Parcels 2025 IND_BLK_TIN_BGP_BIS_LAW.xlsx,99.47,199,0.5,gis_post_distance,2.0100502512562812
BGP160E,BGP,160E,7.5-7.6,ERNA10,30,2025,Re_Veg Parcels 2025 IND_BLK_TIN_BGP_BIS_LAW.xlsx,102.74,205,0.5,gis_post_distance,14.634146341463413
BGP160E,BGP,160E,7.6-7.7,ERNA10,7,2025,Re_Veg Parcels 2025 IND_BLK_TIN_BGP_BIS_LAW.xlsx,99.59,199,0.5,gis_post_distance,3.5175879396984926
BGP160E,BGP,160E,7.7-7.0,ERNA10,12,2025,Re_Veg Parcels 2025 IND_BLK_TIN_BGP_BIS_LAW.xlsx,99.82,200,0.5,gis_post_distance,6
BGP160E,BGP,160E,8.1-8.2,ERNA10,0,2025,Re_Veg Parcels 2025 IND_BLK_TIN_BGP_BIS_LAW.xlsx,100.03,200,0.5,gis_post_distance,0
BGP160E,BGP,160E,8.2-8.3,ERNA10,0,2025,Re_Veg Parcels 2025 IND_BLK_TIN_BGP_BIS_LAW.xlsx,99.95,200,0.5,gis_post_distance,0
BGP160E,BGP,160E,8.3-8.4,ERNA10,0,2025,Re_Veg Parcels 2025 IND_BLK_TIN_BGP_BIS_LAW.xlsx,98.21,196,0.5,gis_post_distance,0
BGP160E,BGP,160E,8.4-8.5,ERNA10,0,2025,Re_Veg Parcels 2025 IND_BLK_TIN_BGP_BIS_LAW.xlsx,103.14,206,0.5,gis_post_distance,0
BGP160E,BGP,160E,8.5-8.0,ERNA10,0,2025,Re_Veg Parcels 2025 IND_BLK_TIN_BGP_BIS_LAW.xlsx,98.83,198,0.5,gis_post_distance,0
BGP160E,BGP,160E,1.1-1.2,SATR12,16,2025,Re_Veg Parcels 2025 IND_BLK_TIN_BGP_BIS_LAW.xlsx,102.2,204,0.5,gis_post_distance,7.8431372549019605
BGP160E,BGP,160E,1.2-1.3,SATR12,8,2025,Re_Veg Parcels 2025 IND_BLK_TIN_BGP_BIS_LAW.xlsx,100.12,200,0.5,gis_post_distance,4
BGP160E,BGP,160E,1.3-1.4,SATR12,0,2025,Re_Veg Parcels 2025 IND_BLK_TIN_BGP_BIS_LAW.xlsx,99.6,199,0.5,gis_post_distance,0
BGP160E,BGP,160E,1.4-1.5,SATR12,0,2025,Re_Veg Parcels 2025 IND_BLK_TIN_BGP_BIS_LAW.xlsx,101.22,202,0.5,gis_post_distance,0
BGP160E,BGP,160E,1.5-1.6,SATR12,3,2025,Re_Veg Parcels 2025 IND_BLK_TIN_BGP_BIS_LAW.xlsx,99.93,200,0.5,gis_post_distance,1.5
BGP160E,BGP,160E,1.6-1.7,SATR12,3,2025,Re_Veg Parcels 2025 IND_BLK_TIN_BGP_BIS_LAW.xlsx,100.68,201,0.5,gis_post_distance,1.4925373134328357
BGP160E,BGP,160E,1.7-1.0,SATR12,3,2025,Re_Veg Parcels 2025 IND_BLK_TIN_BGP_BIS_LAW.xlsx,102.14,204,0.5,gis_post_distance,1.4705882352941175
BGP160E,BGP,160E,2.1-2.2,SATR12,2,2025,Re_Veg Parcels 2025 IND_BLK_TIN_BGP_BIS_LAW.xlsx,102.19,204,0.5,gis_post_distance,0.9803921568627451
BGP160E,BGP,160E,2.2-2.3,SATR12,5,2025,Re_Veg Parcels 2025 IND_BLK_TIN_BGP_BIS_LAW.xlsx,99.1,198,0.5,gis_post_distance,2.525252525252525
BGP160E,BGP,160E,2.3-2.4,SATR12,14,2025,Re_Veg Parcels 2025 IND_BLK_TIN_BGP_BIS_LAW.xlsx,100.55,201,0.5,gis_post_distance,6.965174129353234
BGP160E,BGP,160E,2.4-2.5,SATR12,2,2025,Re_Veg Parcels 2025 IND_BLK_TIN_BGP_BIS_LAW.xlsx,100.95,202,0.5,gis_post_distance,0.9900990099009901
BGP160E,BGP,160E,2.5-2.6,SATR12,1,2025,Re_Veg Parcels 2025 IND_BLK_TIN_BGP_BIS_LAW.xlsx,99.79,200,0.5,gis_post_distance,0.5
BGP160E,BGP,160E,2.6-2.7,SATR12,8,2025,Re_Veg Parcels 2025 IND_BLK_TIN_BGP_BIS_LAW.xlsx,100.24,200,0.5,gis_post_distance,4
BGP160E,BGP,160E,2.7-2.0,SATR12,14,2025,Re_Veg Parcels 2025 IND_BLK_TIN_BGP_BIS_LAW.xlsx,101,202,0.5,gis_post_distance,6.9306930693069315
BGP160E,BGP,160E,3.1-3.2,SATR12,19,2025,Re_Veg Parcels 2025 IND_BLK_TIN_BGP_BIS_LAW.xlsx,100.56,201,0.5,gis_post_distance,9.45273631840796
BGP160E,BGP,160E,3.2-3.3,SATR12,6,2025,Re_Veg Parcels 2025 IND_BLK_TIN_BGP_BIS_LAW.xlsx,99.68,199,0.5,gis_post_distance,3.015075376884422
BGP160E,BGP,160E,3.3-3.4,SATR12,9,2025,Re_Veg Parcels 2025 IND_BLK_TIN_BGP_BIS_LAW.xlsx,100.12,200,0.5,gis_post_distance,4.5
BGP160E,BGP,160E,3.4-3.5,SATR12,2,2025,Re_Veg Parcels 2025 IND_BLK_TIN_BGP_BIS_LAW.xlsx,100.69,201,0.5,gis_post_distance,0.9950248756218906
BGP160E,BGP,160E,3.5-3.6,SATR12,0,2025,Re_Veg Parcels 2025 IND_BLK_TIN_BGP_BIS_LAW.xlsx,101.12,202,0.5,gis_post_distance,0
BGP160E,BGP,160E,3.6-3.7,SATR12,10,2025,Re_Veg Parcels 2025 IND_BLK_TIN_BGP_BIS_LAW.xlsx,97.99,196,0.5,gis_post_distance,5.1020408163265305
BGP160E,BGP,160E,3.7-3.0,SATR12,5,2025,Re_Veg Parcels 2025 IND_BLK_TIN_BGP_BIS_LAW.xlsx,100.36,201,0.5,gis_post_distance,2.4875621890547266
BGP160E,BGP,160E,4.1-4.2,SATR12,13,2025,Re_Veg Parcels 2025 IND_BLK_TIN_BGP_BIS_LAW.xlsx,101.57,203,0.5,gis_post_distance,6.403940886699508
BGP160E,BGP,160E,4.2-4.3,SATR12,8,2025,Re_Veg Parcels 2025 IND_BLK_TIN_BGP_BIS_LAW.xlsx,98.68,197,0.5,gis_post_distance,4.060913705583756
BGP160E,BGP,160E,4.3-4.4,SATR12,1,2025,Re_Veg Parcels 2025 IND_BLK_TIN_BGP_BIS_LAW.xlsx,101.34,203,0.5,gis_post_distance,0.49261083743842365
BGP160E,BGP,160E,4.4-4.5,SATR12,7,2025,Re_Veg Parcels 2025 IND_BLK_TIN_BGP_BIS_LAW.xlsx,100.13,200,0.5,gis_post_distance,3.5000000000000004
BGP160E,BGP,160E,4.5-4.6,SATR12,3,2025,Re_Veg Parcels 2025 IND_BLK_TIN_BGP_BIS_LAW.xlsx,99.69,199,0.5,gis_post_distance,1.507537688442211
BGP160E,BGP,160E,4.6-4.7,SATR12,9,2025,Re_Veg Parcels 2025 IND_BLK_TIN_BGP_BIS_LAW.xlsx,100.25,200,0.5,gis_post_distance,4.5
BGP160E,BGP,160E,4.7-4.0,SATR12,7,2025,Re_Veg Parcels 2025 IND_BLK_TIN_BGP_BIS_LAW.xlsx,99.92,200,0.5,gis_post_distance,3.5000000000000004
BGP160E,BGP,160E,5.1-5.2,SATR12,10,2025,Re_Veg Parcels 2025 IND_BLK_TIN_BGP_BIS_LAW.xlsx,101.15,202,0.5,gis_post_distance,4.9504950495049505
BGP160E,BGP,160E,5.2-5.3,SATR12,10,2025,Re_Veg Parcels 2025 IND_BLK_TIN_BGP_BIS_LAW.xlsx,101.49,203,0.5,gis_post_distance,4.926108374384237
BGP160E,BGP,160E,5.3-5.4,SATR12,5,2025,Re_Veg Parcels 2025 IND_BLK_TIN_BGP_BIS_LAW.xlsx,99.48,199,0.5,gis_post_distance,2.512562814070352
BGP160E,BGP,160E,5.4-5.5,SATR12,5,2025,Re_Veg Parcels 2025 IND_BLK_TIN_BGP_BIS_LAW.xlsx,99.48,199,0.5,gis_post_distance,2.512562814070352
BGP160E,BGP,160E,5.5-5.6,SATR12,0,2025,Re_Veg Parcels 2025 IND_BLK_TIN_BGP_BIS_LAW.xlsx,100.44,201,0.5,gis_post_distance,0
BGP160E,BGP,160E,5.6-5.7,SATR12,5,2025,Re_Veg Parcels 2025 IND_BLK_TIN_BGP_BIS_LAW.xlsx,100.42,201,0.5,gis_post_distance,2.4875621890547266
BGP160E,BGP,160E,5.7-5.0,SATR12,4,2025,Re_Veg Parcels 2025 IND_BLK_TIN_BGP_BIS_LAW.xlsx,101.57,203,0.5,gis_post_distance,1.9704433497536946
BGP160E,BGP,160E,6.1-6.2,SATR12,9,2025,Re_Veg Parcels 2025 IND_BLK_TIN_BGP_BIS_LAW.xlsx,99.76,200,0.5,gis_post_distance,4.5
BGP160E,BGP,160E,6.2-6.3,SATR12,5,2025,Re_Veg Parcels 2025 IND_BLK_TIN_BGP_BIS_LAW.xlsx,101.35,203,0.5,gis_post_distance,2.4630541871921183
BGP160E,BGP,160E,6.3-6.4,SATR12,8,2025,Re_Veg Parcels 2025 IND_BLK_TIN_BGP_BIS_LAW.xlsx,99.79,200,0.5,gis_post_distance,4
BGP160E,BGP,160E,6.4-6.5,SATR12,7,2025,Re_Veg Parcels 2025 IND_BLK_TIN_BGP_BIS_LAW.xlsx,101.44,203,0.5,gis_post_distance,3.4482758620689653
BGP160E,BGP,160E,6.5-6.6,SATR12,17,2025,Re_Veg Parcels 2025 IND_BLK_TIN_BGP_BIS_LAW.xlsx,99.9,200,0.5,gis_post_distance,8.5
BGP160E,BGP,160E,6.6-6.7,SATR12,3,2025,Re_Veg Parcels 2025 IND_BLK_TIN_BGP_BIS_LAW.xlsx,99.8,200,0.5,gis_post_distance,1.5
BGP160E,BGP,160E,6.7-6.0,SATR12,13,2025,Re_Veg Parcels 2025 IND_BLK_TIN_BGP_BIS_LAW.xlsx,100.33,201,0.5,gis_post_distance,6.467661691542288
BGP160E,BGP,160E,7.1-7.2,SATR12,5,2025,Re_Veg Parcels 2025 IND_BLK_TIN_BGP_BIS_LAW.xlsx,100.18,200,0.5,gis_post_distance,2.5
BGP160E,BGP,160E,7.2-7.3,SATR12,8,2025,Re_Veg Parcels 2025 IND_BLK_TIN_BGP_BIS_LAW.xlsx,101.7,203,0.5,gis_post_distance,3.9408866995073892
BGP160E,BGP,160E,7.3-7.4,SATR12,8,2025,Re_Veg Parcels 2025 IND_BLK_TIN_BGP_BIS_LAW.xlsx,99.58,199,0.5,gis_post_distance,4.0201005025125625
BGP160E,BGP,160E,7.4-7.5,SATR12,0,2025,Re_Veg Parcels 2025 IND_BLK_TIN_BGP_BIS_LAW.xlsx,99.47,199,0.5,gis_post_distance,0
BGP160E,BGP,160E,7.5-7.6,SATR12,6,2025,Re_Veg Parcels 2025 IND_BLK_TIN_BGP_BIS_LAW.xlsx,102.74,205,0.5,gis_post_distance,2.9268292682926833
BGP160E,BGP,160E,7.6-7.7,SATR12,5,2025,Re_Veg Parcels 2025 IND_BLK_TIN_BGP_BIS_LAW.xlsx,99.59,199,0.5,gis_post_distance,2.512562814070352
BGP160E,BGP,160E,7.7-7.0,SATR12,5,2025,Re_Veg Parcels 2025 IND_BLK_TIN_BGP_BIS_LAW.xlsx,99.82,200,0.5,gis_post_distance,2.5
BGP160E,BGP,160E,8.1-8.2,SATR12,0,2025,Re_Veg Parcels 2025 IND_BLK_TIN_BGP_BIS_LAW.xlsx,100.03,200,0.5,gis_post_distance,0
BGP160E,BGP,160E,8.2-8.3,SATR12,0,2025,Re_Veg Parcels 2025 IND_BLK_TIN_BGP_BIS_LAW.xlsx,99.95,200,0.5,gis_post_distance,0
BGP160E,BGP,160E,8.3-8.4,SATR12,1,2025,Re_Veg Parcels 2025 IND_BLK_TIN_BGP_BIS_LAW.xlsx,98.21,196,0.5,gis_post_distance,0.5102040816326531
BGP160E,BGP,160E,8.4-8.5,SATR12,0,2025,Re_Veg Parcels 2025 IND_BLK_TIN_BGP_BIS_LAW.xlsx,103.14,206,0.5,gis_post_distance,0
BGP160E,BGP,160E,8.5-8.0,SATR12,2,2025,Re_Veg Parcels 2025 IND_BLK_TIN_BGP_BIS_LAW.xlsx,98.83,198,0.5,gis_post_distance,1.0101010101010102
BGP160E,BGP,160E,1.1-1.2,ATPO,0,2025,Re_Veg Parcels 2025 IND_BLK_TIN_BGP_BIS_LAW.xlsx,102.2,204,0.5,gis_post_distance,0
BGP160E,BGP,160E,1.2-1.3,ATPO,0,2025,Re_Veg Parcels 2025 IND_BLK_TIN_BGP_BIS_LAW.xlsx,100.12,200,0.5,gis_post_distance,0
BGP160E,BGP,160E,1.3-1.4,ATPO,0,2025,Re_Veg Parcels 2025 IND_BLK_TIN_BGP_BIS_LAW.xlsx,99.6,199,0.5,gis_post_distance,0
BGP160E,BGP,160E,1.4-1.5,ATPO,0,2025,Re_Veg Parcels 2025 IND_BLK_TIN_BGP_BIS_LAW.xlsx,101.22,202,0.5,gis_post_distance,0
BGP160E,BGP,160E,1.5-1.6,ATPO,0,2025,Re_Veg Parcels 2025 IND_BLK_TIN_BGP_BIS_LAW.xlsx,99.93,200,0.5,gis_post_distance,0
BGP160E,BGP,160E,1.6-1.7,ATPO,0,2025,Re_Veg Parcels 2025 IND_BLK_TIN_BGP_BIS_LAW.xlsx,100.68,201,0.5,gis_post_distance,0
BGP160E,BGP,160E,1.7-1.0,ATPO,0,2025,Re_Veg Parcels 2025 IND_BLK_TIN_BGP_BIS_LAW.xlsx,102.14,204,0.5,gis_post_distance,0
BGP160E,BGP,160E,2.1-2.2,ATPO,0,2025,Re_Veg Parcels 2025 IND_BLK_TIN_BGP_BIS_LAW.xlsx,102.19,204,0.5,gis_post_distance,0
BGP160E,BGP,160E,2.2-2.3,ATPO,0,2025,Re_Veg Parcels 2025 IND_BLK_TIN_BGP_BIS_LAW.xlsx,99.1,198,0.5,gis_post_distance,0
BGP160E,BGP,160E,2.3-2.4,ATPO,0,2025,Re_Veg Parcels 2025 IND_BLK_TIN_BGP_BIS_LAW.xlsx,100.55,201,0.5,gis_post_distance,0
BGP160E,BGP,160E,2.4-2.5,ATPO,0,2025,Re_Veg Parcels 2025 IND_BLK_TIN_BGP_BIS_LAW.xlsx,100.95,202,0.5,gis_post_distance,0
BGP160E,BGP,160E,2.5-2.6,ATPO,0,2025,Re_Veg Parcels 2025 IND_BLK_TIN_BGP_BIS_LAW.xlsx,99.79,200,0.5,gis_post_distance,0
BGP160E,BGP,160E,2.6-2.7,ATPO,0,2025,Re_Veg Parcels 2025 IND_BLK_TIN_BGP_BIS_LAW.xlsx,100.24,200,0.5,gis_post_distance,0
BGP160E,BGP,160E,2.7-2.0,ATPO,0,2025,Re_Veg Parcels 2025 IND_BLK_TIN_BGP_BIS_LAW.xlsx,101,202,0.5,gis_post_distance,0
BGP160E,BGP,160E,3.1-3.2,ATPO,0,2025,Re_Veg Parcels 2025 IND_BLK_TIN_BGP_BIS_LAW.xlsx,100.56,201,0.5,gis_post_distance,0
BGP160E,BGP,160E,3.2-3.3,ATPO,2,2025,Re_Veg Parcels 2025 IND_BLK_TIN_BGP_BIS_LAW.xlsx,99.68,199,0.5,gis_post_distance,1.0050251256281406
BGP160E,BGP,160E,3.3-3.4,ATPO,5,2025,Re_Veg Parcels 2025 IND_BLK_TIN_BGP_BIS_LAW.xlsx,100.12,200,0.5,gis_post_distance,2.5
BGP160E,BGP,160E,3.4-3.5,ATPO,12,2025,Re_Veg Parcels 2025 IND_BLK_TIN_BGP_BIS_LAW.xlsx,100.69,201,0.5,gis_post_distance,5.970149253731343
BGP160E,BGP,160E,3.5-3.6,ATPO,23,2025,Re_Veg Parcels 2025 IND_BLK_TIN_BGP_BIS_LAW.xlsx,101.12,202,0.5,gis_post_distance,11.386138613861387
BGP160E,BGP,160E,3.6-3.7,ATPO,0,2025,Re_Veg Parcels 2025 IND_BLK_TIN_BGP_BIS_LAW.xlsx,97.99,196,0.5,gis_post_distance,0
BGP160E,BGP,160E,3.7-3.0,ATPO,0,2025,Re_Veg Parcels 2025 IND_BLK_TIN_BGP_BIS_LAW.xlsx,100.36,201,0.5,gis_post_distance,0
BGP160E,BGP,160E,4.1-4.2,ATPO,0,2025,Re_Veg Parcels 2025 IND_BLK_TIN_BGP_BIS_LAW.xlsx,101.57,203,0.5,gis_post_distance,0
BGP160E,BGP,160E,4.2-4.3,ATPO,0,2025,Re_Veg Parcels 2025 IND_BLK_TIN_BGP_BIS_LAW.xlsx,98.68,197,0.5,gis_post_distance,0
BGP160E,BGP,160E,4.3-4.4,ATPO,23,2025,Re_Veg Parcels 2025 IND_BLK_TIN_BGP_BIS_LAW.xlsx,101.34,203,0.5,gis_post_distance,11.330049261083744
BGP160E,BGP,160E,4.4-4.5,ATPO,10,2025,Re_Veg Parcels 2025 IND_BLK_TIN_BGP_BIS_LAW.xlsx,100.13,200,0.5,gis_post_distance,5
BGP160E,BGP,160E,4.5-4.6,ATPO,5,2025,Re_Veg Parcels 2025 IND_BLK_TIN_BGP_BIS_LAW.xlsx,99.69,199,0.5,gis_post_distance,2.512562814070352
BGP160E,BGP,160E,4.6-4.7,ATPO,0,2025,Re_Veg Parcels 2025 IND_BLK_TIN_BGP_BIS_LAW.xlsx,100.25,200,0.5,gis_post_distance,0
BGP160E,BGP,160E,4.7-4.0,ATPO,0,2025,Re_Veg Parcels 2025 IND_BLK_TIN_BGP_BIS_LAW.xlsx,99.92,200,0.5,gis_post_distance,0
BGP160E,BGP,160E,5.1-5.2,ATPO,1,2025,Re_Veg Parcels 2025 IND_BLK_TIN_BGP_BIS_LAW.xlsx,101.15,202,0.5,gis_post_distance,0.49504950495049505
BGP160E,BGP,160E,5.2-5.3,ATPO,7,2025,Re_Veg Parcels 2025 IND_BLK_TIN_BGP_BIS_LAW.xlsx,101.49,203,0.5,gis_post_distance,3.4482758620689653
BGP160E,BGP,160E,5.3-5.4,ATPO,13,2025,Re_Veg Parcels 2025 IND_BLK_TIN_BGP_BIS_LAW.xlsx,99.48,199,0.5,gis_post_distance,6.532663316582915
BGP160E,BGP,160E,5.4-5.5,ATPO,43,2025,Re_Veg Parcels 2025 IND_BLK_TIN_BGP_BIS_LAW.xlsx,99.48,199,0.5,gis_post_distance,21.608040201005025
BGP160E,BGP,160E,5.5-5.6,ATPO,22,2025,Re_Veg Parcels 2025 IND_BLK_TIN_BGP_BIS_LAW.xlsx,100.44,201,0.5,gis_post_distance,10.945273631840797
BGP160E,BGP,160E,5.6-5.7,ATPO,33,2025,Re_Veg Parcels 2025 IND_BLK_TIN_BGP_BIS_LAW.xlsx,100.42,201,0.5,gis_post_distance,16.417910447761194
BGP160E,BGP,160E,5.7-5.0,ATPO,0,2025,Re_Veg Parcels 2025 IND_BLK_TIN_BGP_BIS_LAW.xlsx,101.57,203,0.5,gis_post_distance,0
BGP160E,BGP,160E,6.1-6.2,ATPO,0,2025,Re_Veg Parcels 2025 IND_BLK_TIN_BGP_BIS_LAW.xlsx,99.76,200,0.5,gis_post_distance,0
BGP160E,BGP,160E,6.2-6.3,ATPO,8,2025,Re_Veg Parcels 2025 IND_BLK_TIN_BGP_BIS_LAW.xlsx,101.35,203,0.5,gis_post_distance,3.9408866995073892
BGP160E,BGP,160E,6.3-6.4,ATPO,18,2025,Re_Veg Parcels 2025 IND_BLK_TIN_BGP_BIS_LAW.xlsx,99.79,200,0.5,gis_post_distance,9
BGP160E,BGP,160E,6.4-6.5,ATPO,6,2025,Re_Veg Parcels 2025 IND_BLK_TIN_BGP_BIS_LAW.xlsx,101.44,203,0.5,gis_post_distance,2.955665024630542
BGP160E,BGP,160E,6.5-6.6,ATPO,4,2025,Re_Veg Parcels 2025 IND_BLK_TIN_BGP_BIS_LAW.xlsx,99.9,200,0.5,gis_post_distance,2
BGP160E,BGP,160E,6.6-6.7,ATPO,4,2025,Re_Veg Parcels 2025 IND_BLK_TIN_BGP_BIS_LAW.xlsx,99.8,200,0.5,gis_post_distance,2
BGP160E,BGP,160E,6.7-6.0,ATPO,0,2025,Re_Veg Parcels 2025 IND_BLK_TIN_BGP_BIS_LAW.xlsx,100.33,201,0.5,gis_post_distance,0
BGP160E,BGP,160E,7.1-7.2,ATPO,0,2025,Re_Veg Parcels 2025 IND_BLK_TIN_BGP_BIS_LAW.xlsx,100.18,200,0.5,gis_post_distance,0
BGP160E,BGP,160E,7.2-7.3,ATPO,3,2025,Re_Veg Parcels 2025 IND_BLK_TIN_BGP_BIS_LAW.xlsx,101.7,203,0.5,gis_post_distance,1.477832512315271
BGP160E,BGP,160E,7.3-7.4,ATPO,0,2025,Re_Veg Parcels 2025 IND_BLK_TIN_BGP_BIS_LAW.xlsx,99.58,199,0.5,gis_post_distance,0
BGP160E,BGP,160E,7.4-7.5,ATPO,0,2025,Re_Veg Parcels 2025 IND_BLK_TIN_BGP_BIS_LAW.xlsx,99.47,199,0.5,gis_post_distance,0
BGP160E,BGP,160E,7.5-7.6,ATPO,0,2025,Re_Veg Parcels 2025 IND_BLK_TIN_BGP_BIS_LAW.xlsx,102.74,205,0.5,gis_post_distance,0
BGP160E,BGP,160E,7.6-7.7,ATPO,0,2025,Re_Veg Parcels 2025 IND_BLK_TIN_BGP_BIS_LAW.xlsx,99.59,199,0.5,gis_post_distance,0
BGP160E,BGP,160E,7.7-7.0,ATPO,0,2025,Re_Veg Parcels 2025 IND_BLK_TIN_BGP_BIS_LAW.xlsx,99.82,200,0.5,gis_post_distance,0
BGP160E,BGP,160E,8.1-8.2,ATPO,0,2025,Re_Veg Parcels 2025 IND_BLK_TIN_BGP_BIS_LAW.xlsx,100.03,200,0.5,gis_post_distance,0
BGP160E,BGP,160E,8.2-8.3,ATPO,0,2025,Re_Veg Parcels 2025 IND_BLK_TIN_BGP_BIS_LAW.xlsx,99.95,200,0.5,gis_post_distance,0
BGP160E,BGP,160E,8.3-8.4,ATPO,0,2025,Re_Veg Parcels 2025 IND_BLK_TIN_BGP_BIS_LAW.xlsx,98.21,196,0.5,gis_post_distance,0
BGP160E,BGP,160E,8.4-8.5,ATPO,0,2025,Re_Veg Parcels 2025 IND_BLK_TIN_BGP_BIS_LAW.xlsx,103.14,206,0.5,gis_post_distance,0
BGP160E,BGP,160E,8.5-8.0,ATPO,0,2025,Re_Veg Parcels 2025 IND_BLK_TIN_BGP_BIS_LAW.xlsx,98.83,198,0.5,gis_post_distance,0
BGP160E,BGP,160E,1.1-1.2,ATTO,0,2025,Re_Veg Parcels 2025 IND_BLK_TIN_BGP_BIS_LAW.xlsx,102.2,204,0.5,gis_post_distance,0
BGP160E,BGP,160E,1.2-1.3,ATTO,0,2025,Re_Veg Parcels 2025 IND_BLK_TIN_BGP_BIS_LAW.xlsx,100.12,200,0.5,gis_post_distance,0
BGP160E,BGP,160E,1.3-1.4,ATTO,0,2025,Re_Veg Parcels 2025 IND_BLK_TIN_BGP_BIS_LAW.xlsx,99.6,199,0.5,gis_post_distance,0
BGP160E,BGP,160E,1.4-1.5,ATTO,0,2025,Re_Veg Parcels 2025 IND_BLK_TIN_BGP_BIS_LAW.xlsx,101.22,202,0.5,gis_post_distance,0
BGP160E,BGP,160E,1.5-1.6,ATTO,0,2025,Re_Veg Parcels 2025 IND_BLK_TIN_BGP_BIS_LAW.xlsx,99.93,200,0.5,gis_post_distance,0
BGP160E,BGP,160E,1.6-1.7,ATTO,0,2025,Re_Veg Parcels 2025 IND_BLK_TIN_BGP_BIS_LAW.xlsx,100.68,201,0.5,gis_post_distance,0
BGP160E,BGP,160E,1.7-1.0,ATTO,0,2025,Re_Veg Parcels 2025 IND_BLK_TIN_BGP_BIS_LAW.xlsx,102.14,204,0.5,gis_post_distance,0
BGP160E,BGP,160E,2.1-2.2,ATTO,23,2025,Re_Veg Parcels 2025 IND_BLK_TIN_BGP_BIS_LAW.xlsx,102.19,204,0.5,gis_post_distance,11.27450980392157
BGP160E,BGP,160E,2.2-2.3,ATTO,0,2025,Re_Veg Parcels 2025 IND_BLK_TIN_BGP_BIS_LAW.xlsx,99.1,198,0.5,gis_post_distance,0
BGP160E,BGP,160E,2.3-2.4,ATTO,0,2025,Re_Veg Parcels 2025 IND_BLK_TIN_BGP_BIS_LAW.xlsx,100.55,201,0.5,gis_post_distance,0
BGP160E,BGP,160E,2.4-2.5,ATTO,0,2025,Re_Veg Parcels 2025 IND_BLK_TIN_BGP_BIS_LAW.xlsx,100.95,202,0.5,gis_post_distance,0
BGP160E,BGP,160E,2.5-2.6,ATTO,5,2025,Re_Veg Parcels 2025 IND_BLK_TIN_BGP_BIS_LAW.xlsx,99.79,200,0.5,gis_post_distance,2.5
BGP160E,BGP,160E,2.6-2.7,ATTO,0,2025,Re_Veg Parcels 2025 IND_BLK_TIN_BGP_BIS_LAW.xlsx,100.24,200,0.5,gis_post_distance,0
BGP160E,BGP,160E,2.7-2.0,ATTO,0,2025,Re_Veg Parcels 2025 IND_BLK_TIN_BGP_BIS_LAW.xlsx,101,202,0.5,gis_post_distance,0
BGP160E,BGP,160E,3.1-3.2,ATTO,0,2025,Re_Veg Parcels 2025 IND_BLK_TIN_BGP_BIS_LAW.xlsx,100.56,201,0.5,gis_post_distance,0
BGP160E,BGP,160E,3.2-3.3,ATTO,0,2025,Re_Veg Parcels 2025 IND_BLK_TIN_BGP_BIS_LAW.xlsx,99.68,199,0.5,gis_post_distance,0
BGP160E,BGP,160E,3.3-3.4,ATTO,0,2025,Re_Veg Parcels 2025 IND_BLK_TIN_BGP_BIS_LAW.xlsx,100.12,200,0.5,gis_post_distance,0
BGP160E,BGP,160E,3.4-3.5,ATTO,0,2025,Re_Veg Parcels 2025 IND_BLK_TIN_BGP_BIS_LAW.xlsx,100.69,201,0.5,gis_post_distance,0
BGP160E,BGP,160E,3.5-3.6,ATTO,0,2025,Re_Veg Parcels 2025 IND_BLK_TIN_BGP_BIS_LAW.xlsx,101.12,202,0.5,gis_post_distance,0
BGP160E,BGP,160E,3.6-3.7,ATTO,0,2025,Re_Veg Parcels 2025 IND_BLK_TIN_BGP_BIS_LAW.xlsx,97.99,196,0.5,gis_post_distance,0
BGP160E,BGP,160E,3.7-3.0,ATTO,1,2025,Re_Veg Parcels 2025 IND_BLK_TIN_BGP_BIS_LAW.xlsx,100.36,201,0.5,gis_post_distance,0.4975124378109453
BGP160E,BGP,160E,4.1-4.2,ATTO,0,2025,Re_Veg Parcels 2025 IND_BLK_TIN_BGP_BIS_LAW.xlsx,101.57,203,0.5,gis_post_distance,0
BGP160E,BGP,160E,4.2-4.3,ATTO,0,2025,Re_Veg Parcels 2025 IND_BLK_TIN_BGP_BIS_LAW.xlsx,98.68,197,0.5,gis_post_distance,0
BGP160E,BGP,160E,4.3-4.4,ATTO,4,2025,Re_Veg Parcels 2025 IND_BLK_TIN_BGP_BIS_LAW.xlsx,101.34,203,0.5,gis_post_distance,1.9704433497536946
BGP160E,BGP,160E,4.4-4.5,ATTO,8,2025,Re_Veg Parcels 2025 IND_BLK_TIN_BGP_BIS_LAW.xlsx,100.13,200,0.5,gis_post_distance,4
BGP160E,BGP,160E,4.5-4.6,ATTO,0,2025,Re_Veg Parcels 2025 IND_BLK_TIN_BGP_BIS_LAW.xlsx,99.69,199,0.5,gis_post_distance,0
BGP160E,BGP,160E,4.6-4.7,ATTO,0,2025,Re_Veg Parcels 2025 IND_BLK_TIN_BGP_BIS_LAW.xlsx,100.25,200,0.5,gis_post_distance,0
BGP160E,BGP,160E,4.7-4.0,ATTO,2,2025,Re_Veg Parcels 2025 IND_BLK_TIN_BGP_BIS_LAW.xlsx,99.92,200,0.5,gis_post_distance,1
BGP160E,BGP,160E,5.1-5.2,ATTO,18,2025,Re_Veg Parcels 2025 IND_BLK_TIN_BGP_BIS_LAW.xlsx,101.15,202,0.5,gis_post_distance,8.91089108910891
BGP160E,BGP,160E,5.2-5.3,ATTO,0,2025,Re_Veg Parcels 2025 IND_BLK_TIN_BGP_BIS_LAW.xlsx,101.49,203,0.5,gis_post_distance,0
BGP160E,BGP,160E,5.3-5.4,ATTO,0,2025,Re_Veg Parcels 2025 IND_BLK_TIN_BGP_BIS_LAW.xlsx,99.48,199,0.5,gis_post_distance,0
BGP160E,BGP,160E,5.4-5.5,ATTO,0,2025,Re_Veg Parcels 2025 IND_BLK_TIN_BGP_BIS_LAW.xlsx,99.48,199,0.5,gis_post_distance,0
BGP160E,BGP,160E,5.5-5.6,ATTO,1,2025,Re_Veg Parcels 2025 IND_BLK_TIN_BGP_BIS_LAW.xlsx,100.44,201,0.5,gis_post_distance,0.4975124378109453
BGP160E,BGP,160E,5.6-5.7,ATTO,1,2025,Re_Veg Parcels 2025 IND_BLK_TIN_BGP_BIS_LAW.xlsx,100.42,201,0.5,gis_post_distance,0.4975124378109453
BGP160E,BGP,160E,5.7-5.0,ATTO,0,2025,Re_Veg Parcels 2025 IND_BLK_TIN_BGP_BIS_LAW.xlsx,101.57,203,0.5,gis_post_distance,0
BGP160E,BGP,160E,6.1-6.2,ATTO,0,2025,Re_Veg Parcels 2025 IND_BLK_TIN_BGP_BIS_LAW.xlsx,99.76,200,0.5,gis_post_distance,0
BGP160E,BGP,160E,6.2-6.3,ATTO,0,2025,Re_Veg Parcels 2025 IND_BLK_TIN_BGP_BIS_LAW.xlsx,101.35,203,0.5,gis_post_distance,0
BGP160E,BGP,160E,6.3-6.4,ATTO,0,2025,Re_Veg Parcels 2025 IND_BLK_TIN_BGP_BIS_LAW.xlsx,99.79,200,0.5,gis_post_distance,0
BGP160E,BGP,160E,6.4-6.5,ATTO,0,2025,Re_Veg Parcels 2025 IND_BLK_TIN_BGP_BIS_LAW.xlsx,101.44,203,0.5,gis_post_distance,0
BGP160E,BGP,160E,6.5-6.6,ATTO,0,2025,Re_Veg Parcels 2025 IND_BLK_TIN_BGP_BIS_LAW.xlsx,99.9,200,0.5,gis_post_distance,0
BGP160E,BGP,160E,6.6-6.7,ATTO,0,2025,Re_Veg Parcels 2025 IND_BLK_TIN_BGP_BIS_LAW.xlsx,99.8,200,0.5,gis_post_distance,0
BGP160E,BGP,160E,6.7-6.0,ATTO,3,2025,Re_Veg Parcels 2025 IND_BLK_TIN_BGP_BIS_LAW.xlsx,100.33,201,0.5,gis_post_distance,1.4925373134328357
BGP160E,BGP,160E,7.1-7.2,ATTO,0,2025,Re_Veg Parcels 2025 IND_BLK_TIN_BGP_BIS_LAW.xlsx,100.18,200,0.5,gis_post_distance,0
BGP160E,BGP,160E,7.2-7.3,ATTO,0,2025,Re_Veg Parcels 2025 IND_BLK_TIN_BGP_BIS_LAW.xlsx,101.7,203,0.5,gis_post_distance,0
BGP160E,BGP,160E,7.3-7.4,ATTO,0,2025,Re_Veg Parcels 2025 IND_BLK_TIN_BGP_BIS_LAW.xlsx,99.58,199,0.5,gis_post_distance,0
BGP160E,BGP,160E,7.4-7.5,ATTO,0,2025,Re_Veg Parcels 2025 IND_BLK_TIN_BGP_BIS_LAW.xlsx,99.47,199,0.5,gis_post_distance,0
BGP160E,BGP,160E,7.5-7.6,ATTO,0,2025,Re_Veg Parcels 2025 IND_BLK_TIN_BGP_BIS_LAW.xlsx,102.74,205,0.5,gis_post_distance,0
BGP160E,BGP,160E,7.6-7.7,ATTO,2,2025,Re_Veg Parcels 2025 IND_BLK_TIN_BGP_BIS_LAW.xlsx,99.59,199,0.5,gis_post_distance,1.0050251256281406
BGP160E,BGP,160E,7.7-7.0,ATTO,17,2025,Re_Veg Parcels 2025 IND_BLK_TIN_BGP_BIS_LAW.xlsx,99.82,200,0.5,gis_post_distance,8.5
BGP160E,BGP,160E,8.1-8.2,ATTO,0,2025,Re_Veg Parcels 2025 IND_BLK_TIN_BGP_BIS_LAW.xlsx,100.03,200,0.5,gis_post_distance,0
BGP160E,BGP,160E,8.2-8.3,ATTO,8,2025,Re_Veg Parcels 2025 IND_BLK_TIN_BGP_BIS_LAW.xlsx,99.95,200,0.5,gis_post_distance,4
BGP160E,BGP,160E,8.3-8.4,ATTO,2,2025,Re_Veg Parcels 2025 IND_BLK_TIN_BGP_BIS_LAW.xlsx,98.21,196,0.5,gis_post_distance,1.0204081632653061
BGP160E,BGP,160E,8.4-8.5,ATTO,0,2025,Re_Veg Parcels 2025 IND_BLK_TIN_BGP_BIS_LAW.xlsx,103.14,206,0.5,gis_post_distance,0
BGP160E,BGP,160E,8.5-8.0,ATTO,6,2025,Re_Veg Parcels 2025 IND_BLK_TIN_BGP_BIS_LAW.xlsx,98.83,198,0.5,gis_post_distance,3.0303030303030303
BGP160E,BGP,160E,1.1-1.2,SAVE4,0,2025,Re_Veg Parcels 2025 IND_BLK_TIN_BGP_BIS_LAW.xlsx,102.2,204,0.5,gis_post_distance,0
BGP160E,BGP,160E,1.2-1.3,SAVE4,0,2025,Re_Veg Parcels 2025 IND_BLK_TIN_BGP_BIS_LAW.xlsx,100.12,200,0.5,gis_post_distance,0
BGP160E,BGP,160E,1.3-1.4,SAVE4,0,2025,Re_Veg Parcels 2025 IND_BLK_TIN_BGP_BIS_LAW.xlsx,99.6,199,0.5,gis_post_distance,0
BGP160E,BGP,160E,1.4-1.5,SAVE4,0,2025,Re_Veg Parcels 2025 IND_BLK_TIN_BGP_BIS_LAW.xlsx,101.22,202,0.5,gis_post_distance,0
BGP160E,BGP,160E,1.5-1.6,SAVE4,0,2025,Re_Veg Parcels 2025 IND_BLK_TIN_BGP_BIS_LAW.xlsx,99.93,200,0.5,gis_post_distance,0
BGP160E,BGP,160E,1.6-1.7,SAVE4,0,2025,Re_Veg Parcels 2025 IND_BLK_TIN_BGP_BIS_LAW.xlsx,100.68,201,0.5,gis_post_distance,0
BGP160E,BGP,160E,1.7-1.0,SAVE4,0,2025,Re_Veg Parcels 2025 IND_BLK_TIN_BGP_BIS_LAW.xlsx,102.14,204,0.5,gis_post_distance,0
BGP160E,BGP,160E,2.1-2.2,SAVE4,0,2025,Re_Veg Parcels 2025 IND_BLK_TIN_BGP_BIS_LAW.xlsx,102.19,204,0.5,gis_post_distance,0
BGP160E,BGP,160E,2.2-2.3,SAVE4,0,2025,Re_Veg Parcels 2025 IND_BLK_TIN_BGP_BIS_LAW.xlsx,99.1,198,0.5,gis_post_distance,0
BGP160E,BGP,160E,2.3-2.4,SAVE4,0,2025,Re_Veg Parcels 2025 IND_BLK_TIN_BGP_BIS_LAW.xlsx,100.55,201,0.5,gis_post_distance,0
BGP160E,BGP,160E,2.4-2.5,SAVE4,0,2025,Re_Veg Parcels 2025 IND_BLK_TIN_BGP_BIS_LAW.xlsx,100.95,202,0.5,gis_post_distance,0
BGP160E,BGP,160E,2.5-2.6,SAVE4,0,2025,Re_Veg Parcels 2025 IND_BLK_TIN_BGP_BIS_LAW.xlsx,99.79,200,0.5,gis_post_distance,0
BGP160E,BGP,160E,2.6-2.7,SAVE4,0,2025,Re_Veg Parcels 2025 IND_BLK_TIN_BGP_BIS_LAW.xlsx,100.24,200,0.5,gis_post_distance,0
BGP160E,BGP,160E,2.7-2.0,SAVE4,0,2025,Re_Veg Parcels 2025 IND_BLK_TIN_BGP_BIS_LAW.xlsx,101,202,0.5,gis_post_distance,0
BGP160E,BGP,160E,3.1-3.2,SAVE4,0,2025,Re_Veg Parcels 2025 IND_BLK_TIN_BGP_BIS_LAW.xlsx,100.56,201,0.5,gis_post_distance,0
BGP160E,BGP,160E,3.2-3.3,SAVE4,0,2025,Re_Veg Parcels 2025 IND_BLK_TIN_BGP_BIS_LAW.xlsx,99.68,199,0.5,gis_post_distance,0
BGP160E,BGP,160E,3.3-3.4,SAVE4,0,2025,Re_Veg Parcels 2025 IND_BLK_TIN_BGP_BIS_LAW.xlsx,100.12,200,0.5,gis_post_distance,0
BGP160E,BGP,160E,3.4-3.5,SAVE4,0,2025,Re_Veg Parcels 2025 IND_BLK_TIN_BGP_BIS_LAW.xlsx,100.69,201,0.5,gis_post_distance,0
BGP160E,BGP,160E,3.5-3.6,SAVE4,0,2025,Re_Veg Parcels 2025 IND_BLK_TIN_BGP_BIS_LAW.xlsx,101.12,202,0.5,gis_post_distance,0
BGP160E,BGP,160E,3.6-3.7,SAVE4,0,2025,Re_Veg Parcels 2025 IND_BLK_TIN_BGP_BIS_LAW.xlsx,97.99,196,0.5,gis_post_distance,0
BGP160E,BGP,160E,3.7-3.0,SAVE4,0,2025,Re_Veg Parcels 2025 IND_BLK_TIN_BGP_BIS_LAW.xlsx,100.36,201,0.5,gis_post_distance,0
BGP160E,BGP,160E,4.1-4.2,SAVE4,0,2025,Re_Veg Parcels 2025 IND_BLK_TIN_BGP_BIS_LAW.xlsx,101.57,203,0.5,gis_post_distance,0
BGP160E,BGP,160E,4.2-4.3,SAVE4,0,2025,Re_Veg Parcels 2025 IND_BLK_TIN_BGP_BIS_LAW.xlsx,98.68,197,0.5,gis_post_distance,0
BGP160E,BGP,160E,4.3-4.4,SAVE4,0,2025,Re_Veg Parcels 2025 IND_BLK_TIN_BGP_BIS_LAW.xlsx,101.34,203,0.5,gis_post_distance,0
BGP160E,BGP,160E,4.4-4.5,SAVE4,0,2025,Re_Veg Parcels 2025 IND_BLK_TIN_BGP_BIS_LAW.xlsx,100.13,200,0.5,gis_post_distance,0
BGP160E,BGP,160E,4.5-4.6,SAVE4,0,2025,Re_Veg Parcels 2025 IND_BLK_TIN_BGP_BIS_LAW.xlsx,99.69,199,0.5,gis_post_distance,0
BGP160E,BGP,160E,4.6-4.7,SAVE4,0,2025,Re_Veg Parcels 2025 IND_BLK_TIN_BGP_BIS_LAW.xlsx,100.25,200,0.5,gis_post_distance,0
BGP160E,BGP,160E,4.7-4.0,SAVE4,0,2025,Re_Veg Parcels 2025 IND_BLK_TIN_BGP_BIS_LAW.xlsx,99.92,200,0.5,gis_post_distance,0
BGP160E,BGP,160E,5.1-5.2,SAVE4,1,2025,Re_Veg Parcels 2025 IND_BLK_TIN_BGP_BIS_LAW.xlsx,101.15,202,0.5,gis_post_distance,0.49504950495049505
BGP160E,BGP,160E,5.2-5.3,SAVE4,0,2025,Re_Veg Parcels 2025 IND_BLK_TIN_BGP_BIS_LAW.xlsx,101.49,203,0.5,gis_post_distance,0
BGP160E,BGP,160E,5.3-5.4,SAVE4,0,2025,Re_Veg Parcels 2025 IND_BLK_TIN_BGP_BIS_LAW.xlsx,99.48,199,0.5,gis_post_distance,0
BGP160E,BGP,160E,5.4-5.5,SAVE4,0,2025,Re_Veg Parcels 2025 IND_BLK_TIN_BGP_BIS_LAW.xlsx,99.48,199,0.5,gis_post_distance,0
BGP160E,BGP,160E,5.5-5.6,SAVE4,0,2025,Re_Veg Parcels 2025 IND_BLK_TIN_BGP_BIS_LAW.xlsx,100.44,201,0.5,gis_post_distance,0
BGP160E,BGP,160E,5.6-5.7,SAVE4,0,2025,Re_Veg Parcels 2025 IND_BLK_TIN_BGP_BIS_LAW.xlsx,100.42,201,0.5,gis_post_distance,0
BGP160E,BGP,160E,5.7-5.0,SAVE4,0,2025,Re_Veg Parcels 2025 IND_BLK_TIN_BGP_BIS_LAW.xlsx,101.57,203,0.5,gis_post_distance,0
BGP160E,BGP,160E,6.1-6.2,SAVE4,0,2025,Re_Veg Parcels 2025 IND_BLK_TIN_BGP_BIS_LAW.xlsx,99.76,200,0.5,gis_post_distance,0
BGP160E,BGP,160E,6.2-6.3,SAVE4,0,2025,Re_Veg Parcels 2025 IND_BLK_TIN_BGP_BIS_LAW.xlsx,101.35,203,0.5,gis_post_distance,0
BGP160E,BGP,160E,6.3-6.4,SAVE4,0,2025,Re_Veg Parcels 2025 IND_BLK_TIN_BGP_BIS_LAW.xlsx,99.79,200,0.5,gis_post_distance,0
BGP160E,BGP,160E,6.4-6.5,SAVE4,0,2025,Re_Veg Parcels 2025 IND_BLK_TIN_BGP_BIS_LAW.xlsx,101.44,203,0.5,gis_post_distance,0
BGP160E,BGP,160E,6.5-6.6,SAVE4,0,2025,Re_Veg Parcels 2025 IND_BLK_TIN_BGP_BIS_LAW.xlsx,99.9,200,0.5,gis_post_distance,0
BGP160E,BGP,160E,6.6-6.7,SAVE4,0,2025,Re_Veg Parcels 2025 IND_BLK_TIN_BGP_BIS_LAW.xlsx,99.8,200,0.5,gis_post_distance,0
BGP160E,BGP,160E,6.7-6.0,SAVE4,0,2025,Re_Veg Parcels 2025 IND_BLK_TIN_BGP_BIS_LAW.xlsx,100.33,201,0.5,gis_post_distance,0
BGP160E,BGP,160E,7.1-7.2,SAVE4,0,2025,Re_Veg Parcels 2025 IND_BLK_TIN_BGP_BIS_LAW.xlsx,100.18,200,0.5,gis_post_distance,0
BGP160E,BGP,160E,7.2-7.3,SAVE4,0,2025,Re_Veg Parcels 2025 IND_BLK_TIN_BGP_BIS_LAW.xlsx,101.7,203,0.5,gis_post_distance,0
BGP160E,BGP,160E,7.3-7.4,SAVE4,0,2025,Re_Veg Parcels 2025 IND_BLK_TIN_BGP_BIS_LAW.xlsx,99.58,199,0.5,gis_post_distance,0
BGP160E,BGP,160E,7.4-7.5,SAVE4,0,2025,Re_Veg Parcels 2025 IND_BLK_TIN_BGP_BIS_LAW.xlsx,99.47,199,0.5,gis_post_distance,0
BGP160E,BGP,160E,7.5-7.6,SAVE4,0,2025,Re_Veg Parcels 2025 IND_BLK_TIN_BGP_BIS_LAW.xlsx,102.74,205,0.5,gis_post_distance,0
BGP160E,BGP,160E,7.6-7.7,SAVE4,0,2025,Re_Veg Parcels 2025 IND_BLK_TIN_BGP_BIS_LAW.xlsx,99.59,199,0.5,gis_post_distance,0
BGP160E,BGP,160E,7.7-7.0,SAVE4,2,2025,Re_Veg Parcels 2025 IND_BLK_TIN_BGP_BIS_LAW.xlsx,99.82,200,0.5,gis_post_distance,1
BGP160E,BGP,160E,8.1-8.2,SAVE4,31,2025,Re_Veg Parcels 2025 IND_BLK_TIN_BGP_BIS_LAW.xlsx,100.03,200,0.5,gis_post_distance,15.5
BGP160E,BGP,160E,8.2-8.3,SAVE4,0,2025,Re_Veg Parcels 2025 IND_BLK_TIN_BGP_BIS_LAW.xlsx,99.95,200,0.5,gis_post_distance,0
BGP160E,BGP,160E,8.3-8.4,SAVE4,0,2025,Re_Veg Parcels 2025 IND_BLK_TIN_BGP_BIS_LAW.xlsx,98.21,196,0.5,gis_post_distance,0
BGP160E,BGP,160E,8.4-8.5,SAVE4,0,2025,Re_Veg Parcels 2025 IND_BLK_TIN_BGP_BIS_LAW.xlsx,103.14,206,0.5,gis_post_distance,0
BGP160E,BGP,160E,8.5-8.0,SAVE4,0,2025,Re_Veg Parcels 2025 IND_BLK_TIN_BGP_BIS_LAW.xlsx,98.83,198,0.5,gis_post_distance,0
BGP160E,BGP,160E,1.1-1.2,ARTRT,0,2025,Re_Veg Parcels 2025 IND_BLK_TIN_BGP_BIS_LAW.xlsx,102.2,204,0.5,gis_post_distance,0
BGP160E,BGP,160E,1.2-1.3,ARTRT,0,2025,Re_Veg Parcels 2025 IND_BLK_TIN_BGP_BIS_LAW.xlsx,100.12,200,0.5,gis_post_distance,0
BGP160E,BGP,160E,1.3-1.4,ARTRT,0,2025,Re_Veg Parcels 2025 IND_BLK_TIN_BGP_BIS_LAW.xlsx,99.6,199,0.5,gis_post_distance,0
BGP160E,BGP,160E,1.4-1.5,ARTRT,0,2025,Re_Veg Parcels 2025 IND_BLK_TIN_BGP_BIS_LAW.xlsx,101.22,202,0.5,gis_post_distance,0
BGP160E,BGP,160E,1.5-1.6,ARTRT,0,2025,Re_Veg Parcels 2025 IND_BLK_TIN_BGP_BIS_LAW.xlsx,99.93,200,0.5,gis_post_distance,0
BGP160E,BGP,160E,1.6-1.7,ARTRT,0,2025,Re_Veg Parcels 2025 IND_BLK_TIN_BGP_BIS_LAW.xlsx,100.68,201,0.5,gis_post_distance,0
BGP160E,BGP,160E,1.7-1.0,ARTRT,0,2025,Re_Veg Parcels 2025 IND_BLK_TIN_BGP_BIS_LAW.xlsx,102.14,204,0.5,gis_post_distance,0
BGP160E,BGP,160E,2.1-2.2,ARTRT,0,2025,Re_Veg Parcels 2025 IND_BLK_TIN_BGP_BIS_LAW.xlsx,102.19,204,0.5,gis_post_distance,0
BGP160E,BGP,160E,2.2-2.3,ARTRT,0,2025,Re_Veg Parcels 2025 IND_BLK_TIN_BGP_BIS_LAW.xlsx,99.1,198,0.5,gis_post_distance,0
BGP160E,BGP,160E,2.3-2.4,ARTRT,0,2025,Re_Veg Parcels 2025 IND_BLK_TIN_BGP_BIS_LAW.xlsx,100.55,201,0.5,gis_post_distance,0
BGP160E,BGP,160E,2.4-2.5,ARTRT,0,2025,Re_Veg Parcels 2025 IND_BLK_TIN_BGP_BIS_LAW.xlsx,100.95,202,0.5,gis_post_distance,0
BGP160E,BGP,160E,2.5-2.6,ARTRT,0,2025,Re_Veg Parcels 2025 IND_BLK_TIN_BGP_BIS_LAW.xlsx,99.79,200,0.5,gis_post_distance,0
BGP160E,BGP,160E,2.6-2.7,ARTRT,0,2025,Re_Veg Parcels 2025 IND_BLK_TIN_BGP_BIS_LAW.xlsx,100.24,200,0.5,gis_post_distance,0
BGP160E,BGP,160E,2.7-2.0,ARTRT,0,2025,Re_Veg Parcels 2025 IND_BLK_TIN_BGP_BIS_LAW.xlsx,101,202,0.5,gis_post_distance,0
BGP160E,BGP,160E,3.1-3.2,ARTRT,0,2025,Re_Veg Parcels 2025 IND_BLK_TIN_BGP_BIS_LAW.xlsx,100.56,201,0.5,gis_post_distance,0
BGP160E,BGP,160E,3.2-3.3,ARTRT,0,2025,Re_Veg Parcels 2025 IND_BLK_TIN_BGP_BIS_LAW.xlsx,99.68,199,0.5,gis_post_distance,0
BGP160E,BGP,160E,3.3-3.4,ARTRT,0,2025,Re_Veg Parcels 2025 IND_BLK_TIN_BGP_BIS_LAW.xlsx,100.12,200,0.5,gis_post_distance,0
BGP160E,BGP,160E,3.4-3.5,ARTRT,0,2025,Re_Veg Parcels 2025 IND_BLK_TIN_BGP_BIS_LAW.xlsx,100.69,201,0.5,gis_post_distance,0
BGP160E,BGP,160E,3.5-3.6,ARTRT,0,2025,Re_Veg Parcels 2025 IND_BLK_TIN_BGP_BIS_LAW.xlsx,101.12,202,0.5,gis_post_distance,0
BGP160E,BGP,160E,3.6-3.7,ARTRT,0,2025,Re_Veg Parcels 2025 IND_BLK_TIN_BGP_BIS_LAW.xlsx,97.99,196,0.5,gis_post_distance,0
BGP160E,BGP,160E,3.7-3.0,ARTRT,0,2025,Re_Veg Parcels 2025 IND_BLK_TIN_BGP_BIS_LAW.xlsx,100.36,201,0.5,gis_post_distance,0
BGP160E,BGP,160E,4.1-4.2,ARTRT,0,2025,Re_Veg Parcels 2025 IND_BLK_TIN_BGP_BIS_LAW.xlsx,101.57,203,0.5,gis_post_distance,0
BGP160E,BGP,160E,4.2-4.3,ARTRT,0,2025,Re_Veg Parcels 2025 IND_BLK_TIN_BGP_BIS_LAW.xlsx,98.68,197,0.5,gis_post_distance,0
BGP160E,BGP,160E,4.3-4.4,ARTRT,0,2025,Re_Veg Parcels 2025 IND_BLK_TIN_BGP_BIS_LAW.xlsx,101.34,203,0.5,gis_post_distance,0
BGP160E,BGP,160E,4.4-4.5,ARTRT,0,2025,Re_Veg Parcels 2025 IND_BLK_TIN_BGP_BIS_LAW.xlsx,100.13,200,0.5,gis_post_distance,0
BGP160E,BGP,160E,4.5-4.6,ARTRT,0,2025,Re_Veg Parcels 2025 IND_BLK_TIN_BGP_BIS_LAW.xlsx,99.69,199,0.5,gis_post_distance,0
BGP160E,BGP,160E,4.6-4.7,ARTRT,5,2025,Re_Veg Parcels 2025 IND_BLK_TIN_BGP_BIS_LAW.xlsx,100.25,200,0.5,gis_post_distance,2.5
BGP160E,BGP,160E,4.7-4.0,ARTRT,0,2025,Re_Veg Parcels 2025 IND_BLK_TIN_BGP_BIS_LAW.xlsx,99.92,200,0.5,gis_post_distance,0
BGP160E,BGP,160E,5.1-5.2,ARTRT,0,2025,Re_Veg Parcels 2025 IND_BLK_TIN_BGP_BIS_LAW.xlsx,101.15,202,0.5,gis_post_distance,0
BGP160E,BGP,160E,5.2-5.3,ARTRT,0,2025,Re_Veg Parcels 2025 IND_BLK_TIN_BGP_BIS_LAW.xlsx,101.49,203,0.5,gis_post_distance,0
BGP160E,BGP,160E,5.3-5.4,ARTRT,0,2025,Re_Veg Parcels 2025 IND_BLK_TIN_BGP_BIS_LAW.xlsx,99.48,199,0.5,gis_post_distance,0
BGP160E,BGP,160E,5.4-5.5,ARTRT,0,2025,Re_Veg Parcels 2025 IND_BLK_TIN_BGP_BIS_LAW.xlsx,99.48,199,0.5,gis_post_distance,0
BGP160E,BGP,160E,5.5-5.6,ARTRT,0,2025,Re_Veg Parcels 2025 IND_BLK_TIN_BGP_BIS_LAW.xlsx,100.44,201,0.5,gis_post_distance,0
BGP160E,BGP,160E,5.6-5.7,ARTRT,0,2025,Re_Veg Parcels 2025 IND_BLK_TIN_BGP_BIS_LAW.xlsx,100.42,201,0.5,gis_post_distance,0
BGP160E,BGP,160E,5.7-5.0,ARTRT,0,2025,Re_Veg Parcels 2025 IND_BLK_TIN_BGP_BIS_LAW.xlsx,101.57,203,0.5,gis_post_distance,0
BGP160E,BGP,160E,6.1-6.2,ARTRT,0,2025,Re_Veg Parcels 2025 IND_BLK_TIN_BGP_BIS_LAW.xlsx,99.76,200,0.5,gis_post_distance,0
BGP160E,BGP,160E,6.2-6.3,ARTRT,0,2025,Re_Veg Parcels 2025 IND_BLK_TIN_BGP_BIS_LAW.xlsx,101.35,203,0.5,gis_post_distance,0
BGP160E,BGP,160E,6.3-6.4,ARTRT,0,2025,Re_Veg Parcels 2025 IND_BLK_TIN_BGP_BIS_LAW.xlsx,99.79,200,0.5,gis_post_distance,0
BGP160E,BGP,160E,6.4-6.5,ARTRT,0,2025,Re_Veg Parcels 2025 IND_BLK_TIN_BGP_BIS_LAW.xlsx,101.44,203,0.5,gis_post_distance,0
BGP160E,BGP,160E,6.5-6.6,ARTRT,0,2025,Re_Veg Parcels 2025 IND_BLK_TIN_BGP_BIS_LAW.xlsx,99.9,200,0.5,gis_post_distance,0
BGP160E,BGP,160E,6.6-6.7,ARTRT,0,2025,Re_Veg Parcels 2025 IND_BLK_TIN_BGP_BIS_LAW.xlsx,99.8,200,0.5,gis_post_distance,0
BGP160E,BGP,160E,6.7-6.0,ARTRT,0,2025,Re_Veg Parcels 2025 IND_BLK_TIN_BGP_BIS_LAW.xlsx,100.33,201,0.5,gis_post_distance,0
BGP160E,BGP,160E,7.1-7.2,ARTRT,0,2025,Re_Veg Parcels 2025 IND_BLK_TIN_BGP_BIS_LAW.xlsx,100.18,200,0.5,gis_post_distance,0
BGP160E,BGP,160E,7.2-7.3,ARTRT,0,2025,Re_Veg Parcels 2025 IND_BLK_TIN_BGP_BIS_LAW.xlsx,101.7,203,0.5,gis_post_distance,0
BGP160E,BGP,160E,7.3-7.4,ARTRT,1,2025,Re_Veg Parcels 2025 IND_BLK_TIN_BGP_BIS_LAW.xlsx,99.58,199,0.5,gis_post_distance,0.5025125628140703
BGP160E,BGP,160E,7.4-7.5,ARTRT,0,2025,Re_Veg Parcels 2025 IND_BLK_TIN_BGP_BIS_LAW.xlsx,99.47,199,0.5,gis_post_distance,0
BGP160E,BGP,160E,7.5-7.6,ARTRT,3,2025,Re_Veg Parcels 2025 IND_BLK_TIN_BGP_BIS_LAW.xlsx,102.74,205,0.5,gis_post_distance,1.4634146341463417
BGP160E,BGP,160E,7.6-7.7,ARTRT,0,2025,Re_Veg Parcels 2025 IND_BLK_TIN_BGP_BIS_LAW.xlsx,99.59,199,0.5,gis_post_distance,0
BGP160E,BGP,160E,7.7-7.0,ARTRT,12,2025,Re_Veg Parcels 2025 IND_BLK_TIN_BGP_BIS_LAW.xlsx,99.82,200,0.5,gis_post_distance,6
BGP160E,BGP,160E,8.1-8.2,ARTRT,0,2025,Re_Veg Parcels 2025 IND_BLK_TIN_BGP_BIS_LAW.xlsx,100.03,200,0.5,gis_post_distance,0
BGP160E,BGP,160E,8.2-8.3,ARTRT,0,2025,Re_Veg Parcels 2025 IND_BLK_TIN_BGP_BIS_LAW.xlsx,99.95,200,0.5,gis_post_distance,0
BGP160E,BGP,160E,8.3-8.4,ARTRT,0,2025,Re_Veg Parcels 2025 IND_BLK_TIN_BGP_BIS_LAW.xlsx,98.21,196,0.5,gis_post_distance,0
BGP160E,BGP,160E,8.4-8.5,ARTRT,0,2025,Re_Veg Parcels 2025 IND_BLK_TIN_BGP_BIS_LAW.xlsx,103.14,206,0.5,gis_post_distance,0
BGP160E,BGP,160E,8.5-8.0,ARTRT,0,2025,Re_Veg Parcels 2025 IND_BLK_TIN_BGP_BIS_LAW.xlsx,98.83,198,0.5,gis_post_distance,0
BGP160E,BGP,160E,1.1-1.2,ATCO,0,2025,Re_Veg Parcels 2025 IND_BLK_TIN_BGP_BIS_LAW.xlsx,102.2,204,0.5,gis_post_distance,0
BGP160E,BGP,160E,1.2-1.3,ATCO,0,2025,Re_Veg Parcels 2025 IND_BLK_TIN_BGP_BIS_LAW.xlsx,100.12,200,0.5,gis_post_distance,0
BGP160E,BGP,160E,1.3-1.4,ATCO,0,2025,Re_Veg Parcels 2025 IND_BLK_TIN_BGP_BIS_LAW.xlsx,99.6,199,0.5,gis_post_distance,0
BGP160E,BGP,160E,1.4-1.5,ATCO,0,2025,Re_Veg Parcels 2025 IND_BLK_TIN_BGP_BIS_LAW.xlsx,101.22,202,0.5,gis_post_distance,0
BGP160E,BGP,160E,1.5-1.6,ATCO,0,2025,Re_Veg Parcels 2025 IND_BLK_TIN_BGP_BIS_LAW.xlsx,99.93,200,0.5,gis_post_distance,0
BGP160E,BGP,160E,1.6-1.7,ATCO,0,2025,Re_Veg Parcels 2025 IND_BLK_TIN_BGP_BIS_LAW.xlsx,100.68,201,0.5,gis_post_distance,0
BGP160E,BGP,160E,1.7-1.0,ATCO,0,2025,Re_Veg Parcels 2025 IND_BLK_TIN_BGP_BIS_LAW.xlsx,102.14,204,0.5,gis_post_distance,0
BGP160E,BGP,160E,2.1-2.2,ATCO,0,2025,Re_Veg Parcels 2025 IND_BLK_TIN_BGP_BIS_LAW.xlsx,102.19,204,0.5,gis_post_distance,0
BGP160E,BGP,160E,2.2-2.3,ATCO,0,2025,Re_Veg Parcels 2025 IND_BLK_TIN_BGP_BIS_LAW.xlsx,99.1,198,0.5,gis_post_distance,0
BGP160E,BGP,160E,2.3-2.4,ATCO,0,2025,Re_Veg Parcels 2025 IND_BLK_TIN_BGP_BIS_LAW.xlsx,100.55,201,0.5,gis_post_distance,0
BGP160E,BGP,160E,2.4-2.5,ATCO,0,2025,Re_Veg Parcels 2025 IND_BLK_TIN_BGP_BIS_LAW.xlsx,100.95,202,0.5,gis_post_distance,0
BGP160E,BGP,160E,2.5-2.6,ATCO,0,2025,Re_Veg Parcels 2025 IND_BLK_TIN_BGP_BIS_LAW.xlsx,99.79,200,0.5,gis_post_distance,0
BGP160E,BGP,160E,2.6-2.7,ATCO,0,2025,Re_Veg Parcels 2025 IND_BLK_TIN_BGP_BIS_LAW.xlsx,100.24,200,0.5,gis_post_distance,0
BGP160E,BGP,160E,2.7-2.0,ATCO,0,2025,Re_Veg Parcels 2025 IND_BLK_TIN_BGP_BIS_LAW.xlsx,101,202,0.5,gis_post_distance,0
BGP160E,BGP,160E,3.1-3.2,ATCO,0,2025,Re_Veg Parcels 2025 IND_BLK_TIN_BGP_BIS_LAW.xlsx,100.56,201,0.5,gis_post_distance,0
BGP160E,BGP,160E,3.2-3.3,ATCO,0,2025,Re_Veg Parcels 2025 IND_BLK_TIN_BGP_BIS_LAW.xlsx,99.68,199,0.5,gis_post_distance,0
BGP160E,BGP,160E,3.3-3.4,ATCO,0,2025,Re_Veg Parcels 2025 IND_BLK_TIN_BGP_BIS_LAW.xlsx,100.12,200,0.5,gis_post_distance,0
BGP160E,BGP,160E,3.4-3.5,ATCO,2,2025,Re_Veg Parcels 2025 IND_BLK_TIN_BGP_BIS_LAW.xlsx,100.69,201,0.5,gis_post_distance,0.9950248756218906
BGP160E,BGP,160E,3.5-3.6,ATCO,4,2025,Re_Veg Parcels 2025 IND_BLK_TIN_BGP_BIS_LAW.xlsx,101.12,202,0.5,gis_post_distance,1.9801980198019802
BGP160E,BGP,160E,3.6-3.7,ATCO,0,2025,Re_Veg Parcels 2025 IND_BLK_TIN_BGP_BIS_LAW.xlsx,97.99,196,0.5,gis_post_distance,0
BGP160E,BGP,160E,3.7-3.0,ATCO,0,2025,Re_Veg Parcels 2025 IND_BLK_TIN_BGP_BIS_LAW.xlsx,100.36,201,0.5,gis_post_distance,0
BGP160E,BGP,160E,4.1-4.2,ATCO,0,2025,Re_Veg Parcels 2025 IND_BLK_TIN_BGP_BIS_LAW.xlsx,101.57,203,0.5,gis_post_distance,0
BGP160E,BGP,160E,4.2-4.3,ATCO,0,2025,Re_Veg Parcels 2025 IND_BLK_TIN_BGP_BIS_LAW.xlsx,98.68,197,0.5,gis_post_distance,0
BGP160E,BGP,160E,4.3-4.4,ATCO,0,2025,Re_Veg Parcels 2025 IND_BLK_TIN_BGP_BIS_LAW.xlsx,101.34,203,0.5,gis_post_distance,0
BGP160E,BGP,160E,4.4-4.5,ATCO,0,2025,Re_Veg Parcels 2025 IND_BLK_TIN_BGP_BIS_LAW.xlsx,100.13,200,0.5,gis_post_distance,0
BGP160E,BGP,160E,4.5-4.6,ATCO,0,2025,Re_Veg Parcels 2025 IND_BLK_TIN_BGP_BIS_LAW.xlsx,99.69,199,0.5,gis_post_distance,0
BGP160E,BGP,160E,4.6-4.7,ATCO,0,2025,Re_Veg Parcels 2025 IND_BLK_TIN_BGP_BIS_LAW.xlsx,100.25,200,0.5,gis_post_distance,0
BGP160E,BGP,160E,4.7-4.0,ATCO,0,2025,Re_Veg Parcels 2025 IND_BLK_TIN_BGP_BIS_LAW.xlsx,99.92,200,0.5,gis_post_distance,0
BGP160E,BGP,160E,5.1-5.2,ATCO,0,2025,Re_Veg Parcels 2025 IND_BLK_TIN_BGP_BIS_LAW.xlsx,101.15,202,0.5,gis_post_distance,0
BGP160E,BGP,160E,5.2-5.3,ATCO,0,2025,Re_Veg Parcels 2025 IND_BLK_TIN_BGP_BIS_LAW.xlsx,101.49,203,0.5,gis_post_distance,0
BGP160E,BGP,160E,5.3-5.4,ATCO,0,2025,Re_Veg Parcels 2025 IND_BLK_TIN_BGP_BIS_LAW.xlsx,99.48,199,0.5,gis_post_distance,0
BGP160E,BGP,160E,5.4-5.5,ATCO,0,2025,Re_Veg Parcels 2025 IND_BLK_TIN_BGP_BIS_LAW.xlsx,99.48,199,0.5,gis_post_distance,0
BGP160E,BGP,160E,5.5-5.6,ATCO,0,2025,Re_Veg Parcels 2025 IND_BLK_TIN_BGP_BIS_LAW.xlsx,100.44,201,0.5,gis_post_distance,0
BGP160E,BGP,160E,5.6-5.7,ATCO,0,2025,Re_Veg Parcels 2025 IND_BLK_TIN_BGP_BIS_LAW.xlsx,100.42,201,0.5,gis_post_distance,0
BGP160E,BGP,160E,5.7-5.0,ATCO,0,2025,Re_Veg Parcels 2025 IND_BLK_TIN_BGP_BIS_LAW.xlsx,101.57,203,0.5,gis_post_distance,0
BGP160E,BGP,160E,6.1-6.2,ATCO,0,2025,Re_Veg Parcels 2025 IND_BLK_TIN_BGP_BIS_LAW.xlsx,99.76,200,0.5,gis_post_distance,0
BGP160E,BGP,160E,6.2-6.3,ATCO,0,2025,Re_Veg Parcels 2025 IND_BLK_TIN_BGP_BIS_LAW.xlsx,101.35,203,0.5,gis_post_distance,0
BGP160E,BGP,160E,6.3-6.4,ATCO,0,2025,Re_Veg Parcels 2025 IND_BLK_TIN_BGP_BIS_LAW.xlsx,99.79,200,0.5,gis_post_distance,0
BGP160E,BGP,160E,6.4-6.5,ATCO,0,2025,Re_Veg Parcels 2025 IND_BLK_TIN_BGP_BIS_LAW.xlsx,101.44,203,0.5,gis_post_distance,0
BGP160E,BGP,160E,6.5-6.6,ATCO,0,2025,Re_Veg Parcels 2025 IND_BLK_TIN_BGP_BIS_LAW.xlsx,99.9,200,0.5,gis_post_distance,0
BGP160E,BGP,160E,6.6-6.7,ATCO,0,2025,Re_Veg Parcels 2025 IND_BLK_TIN_BGP_BIS_LAW.xlsx,99.8,200,0.5,gis_post_distance,0
BGP160E,BGP,160E,6.7-6.0,ATCO,0,2025,Re_Veg Parcels 2025 IND_BLK_TIN_BGP_BIS_LAW.xlsx,100.33,201,0.5,gis_post_distance,0
BGP160E,BGP,160E,7.1-7.2,ATCO,0,2025,Re_Veg Parcels 2025 IND_BLK_TIN_BGP_BIS_LAW.xlsx,100.18,200,0.5,gis_post_distance,0
BGP160E,BGP,160E,7.2-7.3,ATCO,0,2025,Re_Veg Parcels 2025 IND_BLK_TIN_BGP_BIS_LAW.xlsx,101.7,203,0.5,gis_post_distance,0
BGP160E,BGP,160E,7.3-7.4,ATCO,0,2025,Re_Veg Parcels 2025 IND_BLK_TIN_BGP_BIS_LAW.xlsx,99.58,199,0.5,gis_post_distance,0
BGP160E,BGP,160E,7.4-7.5,ATCO,0,2025,Re_Veg Parcels 2025 IND_BLK_TIN_BGP_BIS_LAW.xlsx,99.47,199,0.5,gis_post_distance,0
BGP160E,BGP,160E,7.5-7.6,ATCO,0,2025,Re_Veg Parcels 2025 IND_BLK_TIN_BGP_BIS_LAW.xlsx,102.74,205,0.5,gis_post_distance,0
BGP160E,BGP,160E,7.6-7.7,ATCO,0,2025,Re_Veg Parcels 2025 IND_BLK_TIN_BGP_BIS_LAW.xlsx,99.59,199,0.5,gis_post_distance,0
BGP160E,BGP,160E,7.7-7.0,ATCO,0,2025,Re_Veg Parcels 2025 IND_BLK_TIN_BGP_BIS_LAW.xlsx,99.82,200,0.5,gis_post_distance,0
BGP160E,BGP,160E,8.1-8.2,ATCO,0,2025,Re_Veg Parcels 2025 IND_BLK_TIN_BGP_BIS_LAW.xlsx,100.03,200,0.5,gis_post_distance,0
BGP160E,BGP,160E,8.2-8.3,ATCO,0,2025,Re_Veg Parcels 2025 IND_BLK_TIN_BGP_BIS_LAW.xlsx,99.95,200,0.5,gis_post_distance,0
BGP160E,BGP,160E,8.3-8.4,ATCO,0,2025,Re_Veg Parcels 2025 IND_BLK_TIN_BGP_BIS_LAW.xlsx,98.21,196,0.5,gis_post_distance,0
BGP160E,BGP,160E,8.4-8.5,ATCO,0,2025,Re_Veg Parcels 2025 IND_BLK_TIN_BGP_BIS_LAW.xlsx,103.14,206,0.5,gis_post_distance,0
BGP160E,BGP,160E,8.5-8.0,ATCO,0,2025,Re_Veg Parcels 2025 IND_BLK_TIN_BGP_BIS_LAW.xlsx,98.83,198,0.5,gis_post_distance,0
BGP160E,BGP,160E,1.1-1.2,ROPS,0,2025,Re_Veg Parcels 2025 IND_BLK_TIN_BGP_BIS_LAW.xlsx,102.2,204,0.5,gis_post_distance,0
BGP160E,BGP,160E,1.2-1.3,ROPS,0,2025,Re_Veg Parcels 2025 IND_BLK_TIN_BGP_BIS_LAW.xlsx,100.12,200,0.5,gis_post_distance,0
BGP160E,BGP,160E,1.3-1.4,ROPS,0,2025,Re_Veg Parcels 2025 IND_BLK_TIN_BGP_BIS_LAW.xlsx,99.6,199,0.5,gis_post_distance,0
BGP160E,BGP,160E,1.4-1.5,ROPS,0,2025,Re_Veg Parcels 2025 IND_BLK_TIN_BGP_BIS_LAW.xlsx,101.22,202,0.5,gis_post_distance,0
BGP160E,BGP,160E,1.5-1.6,ROPS,0,2025,Re_Veg Parcels 2025 IND_BLK_TIN_BGP_BIS_LAW.xlsx,99.93,200,0.5,gis_post_distance,0
BGP160E,BGP,160E,1.6-1.7,ROPS,0,2025,Re_Veg Parcels 2025 IND_BLK_TIN_BGP_BIS_LAW.xlsx,100.68,201,0.5,gis_post_distance,0
BGP160E,BGP,160E,1.7-1.0,ROPS,0,2025,Re_Veg Parcels 2025 IND_BLK_TIN_BGP_BIS_LAW.xlsx,102.14,204,0.5,gis_post_distance,0
BGP160E,BGP,160E,2.1-2.2,ROPS,0,2025,Re_Veg Parcels 2025 IND_BLK_TIN_BGP_BIS_LAW.xlsx,102.19,204,0.5,gis_post_distance,0
BGP160E,BGP,160E,2.2-2.3,ROPS,0,2025,Re_Veg Parcels 2025 IND_BLK_TIN_BGP_BIS_LAW.xlsx,99.1,198,0.5,gis_post_distance,0
BGP160E,BGP,160E,2.3-2.4,ROPS,0,2025,Re_Veg Parcels 2025 IND_BLK_TIN_BGP_BIS_LAW.xlsx,100.55,201,0.5,gis_post_distance,0
BGP160E,BGP,160E,2.4-2.5,ROPS,0,2025,Re_Veg Parcels 2025 IND_BLK_TIN_BGP_BIS_LAW.xlsx,100.95,202,0.5,gis_post_distance,0
BGP160E,BGP,160E,2.5-2.6,ROPS,0,2025,Re_Veg Parcels 2025 IND_BLK_TIN_BGP_BIS_LAW.xlsx,99.79,200,0.5,gis_post_distance,0
BGP160E,BGP,160E,2.6-2.7,ROPS,0,2025,Re_Veg Parcels 2025 IND_BLK_TIN_BGP_BIS_LAW.xlsx,100.24,200,0.5,gis_post_distance,0
BGP160E,BGP,160E,2.7-2.0,ROPS,0,2025,Re_Veg Parcels 2025 IND_BLK_TIN_BGP_BIS_LAW.xlsx,101,202,0.5,gis_post_distance,0
BGP160E,BGP,160E,3.1-3.2,ROPS,0,2025,Re_Veg Parcels 2025 IND_BLK_TIN_BGP_BIS_LAW.xlsx,100.56,201,0.5,gis_post_distance,0
BGP160E,BGP,160E,3.2-3.3,ROPS,0,2025,Re_Veg Parcels 2025 IND_BLK_TIN_BGP_BIS_LAW.xlsx,99.68,199,0.5,gis_post_distance,0
BGP160E,BGP,160E,3.3-3.4,ROPS,0,2025,Re_Veg Parcels 2025 IND_BLK_TIN_BGP_BIS_LAW.xlsx,100.12,200,0.5,gis_post_distance,0
BGP160E,BGP,160E,3.4-3.5,ROPS,0,2025,Re_Veg Parcels 2025 IND_BLK_TIN_BGP_BIS_LAW.xlsx,100.69,201,0.5,gis_post_distance,0
BGP160E,BGP,160E,3.5-3.6,ROPS,0,2025,Re_Veg Parcels 2025 IND_BLK_TIN_BGP_BIS_LAW.xlsx,101.12,202,0.5,gis_post_distance,0
BGP160E,BGP,160E,3.6-3.7,ROPS,1,2025,Re_Veg Parcels 2025 IND_BLK_TIN_BGP_BIS_LAW.xlsx,97.99,196,0.5,gis_post_distance,0.5102040816326531
BGP160E,BGP,160E,3.7-3.0,ROPS,0,2025,Re_Veg Parcels 2025 IND_BLK_TIN_BGP_BIS_LAW.xlsx,100.36,201,0.5,gis_post_distance,0
BGP160E,BGP,160E,4.1-4.2,ROPS,0,2025,Re_Veg Parcels 2025 IND_BLK_TIN_BGP_BIS_LAW.xlsx,101.57,203,0.5,gis_post_distance,0
BGP160E,BGP,160E,4.2-4.3,ROPS,0,2025,Re_Veg Parcels 2025 IND_BLK_TIN_BGP_BIS_LAW.xlsx,98.68,197,0.5,gis_post_distance,0
BGP160E,BGP,160E,4.3-4.4,ROPS,0,2025,Re_Veg Parcels 2025 IND_BLK_TIN_BGP_BIS_LAW.xlsx,101.34,203,0.5,gis_post_distance,0
BGP160E,BGP,160E,4.4-4.5,ROPS,0,2025,Re_Veg Parcels 2025 IND_BLK_TIN_BGP_BIS_LAW.xlsx,100.13,200,0.5,gis_post_distance,0
BGP160E,BGP,160E,4.5-4.6,ROPS,0,2025,Re_Veg Parcels 2025 IND_BLK_TIN_BGP_BIS_LAW.xlsx,99.69,199,0.5,gis_post_distance,0
BGP160E,BGP,160E,4.6-4.7,ROPS,0,2025,Re_Veg Parcels 2025 IND_BLK_TIN_BGP_BIS_LAW.xlsx,100.25,200,0.5,gis_post_distance,0
BGP160E,BGP,160E,4.7-4.0,ROPS,0,2025,Re_Veg Parcels 2025 IND_BLK_TIN_BGP_BIS_LAW.xlsx,99.92,200,0.5,gis_post_distance,0
BGP160E,BGP,160E,5.1-5.2,ROPS,0,2025,Re_Veg Parcels 2025 IND_BLK_TIN_BGP_BIS_LAW.xlsx,101.15,202,0.5,gis_post_distance,0
BGP160E,BGP,160E,5.2-5.3,ROPS,0,2025,Re_Veg Parcels 2025 IND_BLK_TIN_BGP_BIS_LAW.xlsx,101.49,203,0.5,gis_post_distance,0
BGP160E,BGP,160E,5.3-5.4,ROPS,0,2025,Re_Veg Parcels 2025 IND_BLK_TIN_BGP_BIS_LAW.xlsx,99.48,199,0.5,gis_post_distance,0
BGP160E,BGP,160E,5.4-5.5,ROPS,0,2025,Re_Veg Parcels 2025 IND_BLK_TIN_BGP_BIS_LAW.xlsx,99.48,199,0.5,gis_post_distance,0
BGP160E,BGP,160E,5.5-5.6,ROPS,0,2025,Re_Veg Parcels 2025 IND_BLK_TIN_BGP_BIS_LAW.xlsx,100.44,201,0.5,gis_post_distance,0
BGP160E,BGP,160E,5.6-5.7,ROPS,0,2025,Re_Veg Parcels 2025 IND_BLK_TIN_BGP_BIS_LAW.xlsx,100.42,201,0.5,gis_post_distance,0
BGP160E,BGP,160E,5.7-5.0,ROPS,0,2025,Re_Veg Parcels 2025 IND_BLK_TIN_BGP_BIS_LAW.xlsx,101.57,203,0.5,gis_post_distance,0
BGP160E,BGP,160E,6.1-6.2,ROPS,0,2025,Re_Veg Parcels 2025 IND_BLK_TIN_BGP_BIS_LAW.xlsx,99.76,200,0.5,gis_post_distance,0
BGP160E,BGP,160E,6.2-6.3,ROPS,0,2025,Re_Veg Parcels 2025 IND_BLK_TIN_BGP_BIS_LAW.xlsx,101.35,203,0.5,gis_post_distance,0
BGP160E,BGP,160E,6.3-6.4,ROPS,0,2025,Re_Veg Parcels 2025 IND_BLK_TIN_BGP_BIS_LAW.xlsx,99.79,200,0.5,gis_post_distance,0
BGP160E,BGP,160E,6.4-6.5,ROPS,0,2025,Re_Veg Parcels 2025 IND_BLK_TIN_BGP_BIS_LAW.xlsx,101.44,203,0.5,gis_post_distance,0
BGP160E,BGP,160E,6.5-6.6,ROPS,0,2025,Re_Veg Parcels 2025 IND_BLK_TIN_BGP_BIS_LAW.xlsx,99.9,200,0.5,gis_post_distance,0
BGP160E,BGP,160E,6.6-6.7,ROPS,0,2025,Re_Veg Parcels 2025 IND_BLK_TIN_BGP_BIS_LAW.xlsx,99.8,200,0.5,gis_post_distance,0
BGP160E,BGP,160E,6.7-6.0,ROPS,0,2025,Re_Veg Parcels 2025 IND_BLK_TIN_BGP_BIS_LAW.xlsx,100.33,201,0.5,gis_post_distance,0
BGP160E,BGP,160E,7.1-7.2,ROPS,0,2025,Re_Veg Parcels 2025 IND_BLK_TIN_BGP_BIS_LAW.xlsx,100.18,200,0.5,gis_post_distance,0
BGP160E,BGP,160E,7.2-7.3,ROPS,0,2025,Re_Veg Parcels 2025 IND_BLK_TIN_BGP_BIS_LAW.xlsx,101.7,203,0.5,gis_post_distance,0
BGP160E,BGP,160E,7.3-7.4,ROPS,0,2025,Re_Veg Parcels 2025 IND_BLK_TIN_BGP_BIS_LAW.xlsx,99.58,199,0.5,gis_post_distance,0
BGP160E,BGP,160E,7.4-7.5,ROPS,0,2025,Re_Veg Parcels 2025 IND_BLK_TIN_BGP_BIS_LAW.xlsx,99.47,199,0.5,gis_post_distance,0
BGP160E,BGP,160E,7.5-7.6,ROPS,0,2025,Re_Veg Parcels 2025 IND_BLK_TIN_BGP_BIS_LAW.xlsx,102.74,205,0.5,gis_post_distance,0
BGP160E,BGP,160E,7.6-7.7,ROPS,0,2025,Re_Veg Parcels 2025 IND_BLK_TIN_BGP_BIS_LAW.xlsx,99.59,199,0.5,gis_post_distance,0
BGP160E,BGP,160E,7.7-7.0,ROPS,0,2025,Re_Veg Parcels 2025 IND_BLK_TIN_BGP_BIS_LAW.xlsx,99.82,200,0.5,gis_post_distance,0
BGP160E,BGP,160E,8.1-8.2,ROPS,0,2025,Re_Veg Parcels 2025 IND_BLK_TIN_BGP_BIS_LAW.xlsx,100.03,200,0.5,gis_post_distance,0
BGP160E,BGP,160E,8.2-8.3,ROPS,0,2025,Re_Veg Parcels 2025 IND_BLK_TIN_BGP_BIS_LAW.xlsx,99.95,200,0.5,gis_post_distance,0
BGP160E,BGP,160E,8.3-8.4,ROPS,0,2025,Re_Veg Parcels 2025 IND_BLK_TIN_BGP_BIS_LAW.xlsx,98.21,196,0.5,gis_post_distance,0
BGP160E,BGP,160E,8.4-8.5,ROPS,0,2025,Re_Veg Parcels 2025 IND_BLK_TIN_BGP_BIS_LAW.xlsx,103.14,206,0.5,gis_post_distance,0
BGP160E,BGP,160E,8.5-8.0,ROPS,0,2025,Re_Veg Parcels 2025 IND_BLK_TIN_BGP_BIS_LAW.xlsx,98.83,198,0.5,gis_post_distance,0
BGP160E,BGP,160E,1.1-1.2,SPAI,0,2025,Re_Veg Parcels 2025 IND_BLK_TIN_BGP_BIS_LAW.xlsx,102.2,204,0.5,gis_post_distance,0
BGP160E,BGP,160E,1.2-1.3,SPAI,0,2025,Re_Veg Parcels 2025 IND_BLK_TIN_BGP_BIS_LAW.xlsx,100.12,200,0.5,gis_post_distance,0
BGP160E,BGP,160E,1.3-1.4,SPAI,0,2025,Re_Veg Parcels 2025 IND_BLK_TIN_BGP_BIS_LAW.xlsx,99.6,199,0.5,gis_post_distance,0
BGP160E,BGP,160E,1.4-1.5,SPAI,0,2025,Re_Veg Parcels 2025 IND_BLK_TIN_BGP_BIS_LAW.xlsx,101.22,202,0.5,gis_post_distance,0
BGP160E,BGP,160E,1.5-1.6,SPAI,0,2025,Re_Veg Parcels 2025 IND_BLK_TIN_BGP_BIS_LAW.xlsx,99.93,200,0.5,gis_post_distance,0
BGP160E,BGP,160E,1.6-1.7,SPAI,0,2025,Re_Veg Parcels 2025 IND_BLK_TIN_BGP_BIS_LAW.xlsx,100.68,201,0.5,gis_post_distance,0
BGP160E,BGP,160E,1.7-1.0,SPAI,0,2025,Re_Veg Parcels 2025 IND_BLK_TIN_BGP_BIS_LAW.xlsx,102.14,204,0.5,gis_post_distance,0
BGP160E,BGP,160E,2.1-2.2,SPAI,0,2025,Re_Veg Parcels 2025 IND_BLK_TIN_BGP_BIS_LAW.xlsx,102.19,204,0.5,gis_post_distance,0
BGP160E,BGP,160E,2.2-2.3,SPAI,0,2025,Re_Veg Parcels 2025 IND_BLK_TIN_BGP_BIS_LAW.xlsx,99.1,198,0.5,gis_post_distance,0
BGP160E,BGP,160E,2.3-2.4,SPAI,0,2025,Re_Veg Parcels 2025 IND_BLK_TIN_BGP_BIS_LAW.xlsx,100.55,201,0.5,gis_post_distance,0
BGP160E,BGP,160E,2.4-2.5,SPAI,0,2025,Re_Veg Parcels 2025 IND_BLK_TIN_BGP_BIS_LAW.xlsx,100.95,202,0.5,gis_post_distance,0
BGP160E,BGP,160E,2.5-2.6,SPAI,0,2025,Re_Veg Parcels 2025 IND_BLK_TIN_BGP_BIS_LAW.xlsx,99.79,200,0.5,gis_post_distance,0
BGP160E,BGP,160E,2.6-2.7,SPAI,0,2025,Re_Veg Parcels 2025 IND_BLK_TIN_BGP_BIS_LAW.xlsx,100.24,200,0.5,gis_post_distance,0
BGP160E,BGP,160E,2.7-2.0,SPAI,0,2025,Re_Veg Parcels 2025 IND_BLK_TIN_BGP_BIS_LAW.xlsx,101,202,0.5,gis_post_distance,0
BGP160E,BGP,160E,3.1-3.2,SPAI,0,2025,Re_Veg Parcels 2025 IND_BLK_TIN_BGP_BIS_LAW.xlsx,100.56,201,0.5,gis_post_distance,0
BGP160E,BGP,160E,3.2-3.3,SPAI,0,2025,Re_Veg Parcels 2025 IND_BLK_TIN_BGP_BIS_LAW.xlsx,99.68,199,0.5,gis_post_distance,0
BGP160E,BGP,160E,3.3-3.4,SPAI,0,2025,Re_Veg Parcels 2025 IND_BLK_TIN_BGP_BIS_LAW.xlsx,100.12,200,0.5,gis_post_distance,0
BGP160E,BGP,160E,3.4-3.5,SPAI,0,2025,Re_Veg Parcels 2025 IND_BLK_TIN_BGP_BIS_LAW.xlsx,100.69,201,0.5,gis_post_distance,0
BGP160E,BGP,160E,3.5-3.6,SPAI,0,2025,Re_Veg Parcels 2025 IND_BLK_TIN_BGP_BIS_LAW.xlsx,101.12,202,0.5,gis_post_distance,0
BGP160E,BGP,160E,3.6-3.7,SPAI,0,2025,Re_Veg Parcels 2025 IND_BLK_TIN_BGP_BIS_LAW.xlsx,97.99,196,0.5,gis_post_distance,0
BGP160E,BGP,160E,3.7-3.0,SPAI,0,2025,Re_Veg Parcels 2025 IND_BLK_TIN_BGP_BIS_LAW.xlsx,100.36,201,0.5,gis_post_distance,0
BGP160E,BGP,160E,4.1-4.2,SPAI,0,2025,Re_Veg Parcels 2025 IND_BLK_TIN_BGP_BIS_LAW.xlsx,101.57,203,0.5,gis_post_distance,0
BGP160E,BGP,160E,4.2-4.3,SPAI,0,2025,Re_Veg Parcels 2025 IND_BLK_TIN_BGP_BIS_LAW.xlsx,98.68,197,0.5,gis_post_distance,0
BGP160E,BGP,160E,4.3-4.4,SPAI,0,2025,Re_Veg Parcels 2025 IND_BLK_TIN_BGP_BIS_LAW.xlsx,101.34,203,0.5,gis_post_distance,0
BGP160E,BGP,160E,4.4-4.5,SPAI,0,2025,Re_Veg Parcels 2025 IND_BLK_TIN_BGP_BIS_LAW.xlsx,100.13,200,0.5,gis_post_distance,0
BGP160E,BGP,160E,4.5-4.6,SPAI,0,2025,Re_Veg Parcels 2025 IND_BLK_TIN_BGP_BIS_LAW.xlsx,99.69,199,0.5,gis_post_distance,0
BGP160E,BGP,160E,4.6-4.7,SPAI,0,2025,Re_Veg Parcels 2025 IND_BLK_TIN_BGP_BIS_LAW.xlsx,100.25,200,0.5,gis_post_distance,0
BGP160E,BGP,160E,4.7-4.0,SPAI,0,2025,Re_Veg Parcels 2025 IND_BLK_TIN_BGP_BIS_LAW.xlsx,99.92,200,0.5,gis_post_distance,0
BGP160E,BGP,160E,5.1-5.2,SPAI,0,2025,Re_Veg Parcels 2025 IND_BLK_TIN_BGP_BIS_LAW.xlsx,101.15,202,0.5,gis_post_distance,0
BGP160E,BGP,160E,5.2-5.3,SPAI,0,2025,Re_Veg Parcels 2025 IND_BLK_TIN_BGP_BIS_LAW.xlsx,101.49,203,0.5,gis_post_distance,0
BGP160E,BGP,160E,5.3-5.4,SPAI,0,2025,Re_Veg Parcels 2025 IND_BLK_TIN_BGP_BIS_LAW.xlsx,99.48,199,0.5,gis_post_distance,0
BGP160E,BGP,160E,5.4-5.5,SPAI,0,2025,Re_Veg Parcels 2025 IND_BLK_TIN_BGP_BIS_LAW.xlsx,99.48,199,0.5,gis_post_distance,0
BGP160E,BGP,160E,5.5-5.6,SPAI,0,2025,Re_Veg Parcels 2025 IND_BLK_TIN_BGP_BIS_LAW.xlsx,100.44,201,0.5,gis_post_distance,0
BGP160E,BGP,160E,5.6-5.7,SPAI,0,2025,Re_Veg Parcels 2025 IND_BLK_TIN_BGP_BIS_LAW.xlsx,100.42,201,0.5,gis_post_distance,0
BGP160E,BGP,160E,5.7-5.0,SPAI,0,2025,Re_Veg Parcels 2025 IND_BLK_TIN_BGP_BIS_LAW.xlsx,101.57,203,0.5,gis_post_distance,0
BGP160E,BGP,160E,6.1-6.2,SPAI,0,2025,Re_Veg Parcels 2025 IND_BLK_TIN_BGP_BIS_LAW.xlsx,99.76,200,0.5,gis_post_distance,0
BGP160E,BGP,160E,6.2-6.3,SPAI,0,2025,Re_Veg Parcels 2025 IND_BLK_TIN_BGP_BIS_LAW.xlsx,101.35,203,0.5,gis_post_distance,0
BGP160E,BGP,160E,6.3-6.4,SPAI,0,2025,Re_Veg Parcels 2025 IND_BLK_TIN_BGP_BIS_LAW.xlsx,99.79,200,0.5,gis_post_distance,0
BGP160E,BGP,160E,6.4-6.5,SPAI,0,2025,Re_Veg Parcels 2025 IND_BLK_TIN_BGP_BIS_LAW.xlsx,101.44,203,0.5,gis_post_distance,0
BGP160E,BGP,160E,6.5-6.6,SPAI,0,2025,Re_Veg Parcels 2025 IND_BLK_TIN_BGP_BIS_LAW.xlsx,99.9,200,0.5,gis_post_distance,0
BGP160E,BGP,160E,6.6-6.7,SPAI,0,2025,Re_Veg Parcels 2025 IND_BLK_TIN_BGP_BIS_LAW.xlsx,99.8,200,0.5,gis_post_distance,0
BGP160E,BGP,160E,6.7-6.0,SPAI,0,2025,Re_Veg Parcels 2025 IND_BLK_TIN_BGP_BIS_LAW.xlsx,100.33,201,0.5,gis_post_distance,0
BGP160E,BGP,160E,7.1-7.2,SPAI,0,2025,Re_Veg Parcels 2025 IND_BLK_TIN_BGP_BIS_LAW.xlsx,100.18,200,0.5,gis_post_distance,0
BGP160E,BGP,160E,7.2-7.3,SPAI,0,2025,Re_Veg Parcels 2025 IND_BLK_TIN_BGP_BIS_LAW.xlsx,101.7,203,0.5,gis_post_distance,0
BGP160E,BGP,160E,7.3-7.4,SPAI,0,2025,Re_Veg Parcels 2025 IND_BLK_TIN_BGP_BIS_LAW.xlsx,99.58,199,0.5,gis_post_distance,0
BGP160E,BGP,160E,7.4-7.5,SPAI,0,2025,Re_Veg Parcels 2025 IND_BLK_TIN_BGP_BIS_LAW.xlsx,99.47,199,0.5,gis_post_distance,0
BGP160E,BGP,160E,7.5-7.6,SPAI,0,2025,Re_Veg Parcels 2025 IND_BLK_TIN_BGP_BIS_LAW.xlsx,102.74,205,0.5,gis_post_distance,0
BGP160E,BGP,160E,7.6-7.7,SPAI,0,2025,Re_Veg Parcels 2025 IND_BLK_TIN_BGP_BIS_LAW.xlsx,99.59,199,0.5,gis_post_distance,0
BGP160E,BGP,160E,7.7-7.0,SPAI,0,2025,Re_Veg Parcels 2025 IND_BLK_TIN_BGP_BIS_LAW.xlsx,99.82,200,0.5,gis_post_distance,0
BGP160E,BGP,160E,8.1-8.2,SPAI,1,2025,Re_Veg Parcels 2025 IND_BLK_TIN_BGP_BIS_LAW.xlsx,100.03,200,0.5,gis_post_distance,0.5
BGP160E,BGP,160E,8.2-8.3,SPAI,0,2025,Re_Veg Parcels 2025 IND_BLK_TIN_BGP_BIS_LAW.xlsx,99.95,200,0.5,gis_post_distance,0
BGP160E,BGP,160E,8.3-8.4,SPAI,0,2025,Re_Veg Parcels 2025 IND_BLK_TIN_BGP_BIS_LAW.xlsx,98.21,196,0.5,gis_post_distance,0
BGP160E,BGP,160E,8.4-8.5,SPAI,0,2025,Re_Veg Parcels 2025 IND_BLK_TIN_BGP_BIS_LAW.xlsx,103.14,206,0.5,gis_post_distance,0
BGP160E,BGP,160E,8.5-8.0,SPAI,0,2025,Re_Veg Parcels 2025 IND_BLK_TIN_BGP_BIS_LAW.xlsx,98.83,198,0.5,gis_post_distance,0
BGP160W,BGP,160W,1.0-1.1,SATR12,8,2025,Re_Veg Parcels 2025 IND_BLK_TIN_BGP_BIS_LAW.xlsx,99.79,200,0.5,gis_post_distance,4
BGP160W,BGP,160W,1.1-1.2,SATR12,4,2025,Re_Veg Parcels 2025 IND_BLK_TIN_BGP_BIS_LAW.xlsx,88.8,178,0.5,gis_post_distance,2.247191011235955
BGP160W,BGP,160W,2.0-2.1,SATR12,7,2025,Re_Veg Parcels 2025 IND_BLK_TIN_BGP_BIS_LAW.xlsx,100.77,202,0.5,gis_post_distance,3.4653465346534658
BGP160W,BGP,160W,2.1-2.2,SATR12,8,2025,Re_Veg Parcels 2025 IND_BLK_TIN_BGP_BIS_LAW.xlsx,75.97,152,0.5,gis_post_distance,5.263157894736842
BGP160W,BGP,160W,3.0-3.1,SATR12,3,2025,Re_Veg Parcels 2025 IND_BLK_TIN_BGP_BIS_LAW.xlsx,101.87,204,0.5,gis_post_distance,1.4705882352941175
BGP160W,BGP,160W,3.1-3.2,SATR12,0,2025,Re_Veg Parcels 2025 IND_BLK_TIN_BGP_BIS_LAW.xlsx,60.23,120,0.5,gis_post_distance,0
BGP160W,BGP,160W,4.0-4.1,SATR12,4,2025,Re_Veg Parcels 2025 IND_BLK_TIN_BGP_BIS_LAW.xlsx,96.85,194,0.5,gis_post_distance,2.0618556701030926
BGP160W,BGP,160W,4.1-4.2,SATR12,2,2025,Re_Veg Parcels 2025 IND_BLK_TIN_BGP_BIS_LAW.xlsx,45.96,92,0.5,gis_post_distance,2.1739130434782608
BGP160W,BGP,160W,1.0-1.1,ERNA10,9,2025,Re_Veg Parcels 2025 IND_BLK_TIN_BGP_BIS_LAW.xlsx,99.79,200,0.5,gis_post_distance,4.5
BGP160W,BGP,160W,1.1-1.2,ERNA10,3,2025,Re_Veg Parcels 2025 IND_BLK_TIN_BGP_BIS_LAW.xlsx,88.8,178,0.5,gis_post_distance,1.6853932584269662
BGP160W,BGP,160W,2.0-2.1,ERNA10,4,2025,Re_Veg Parcels 2025 IND_BLK_TIN_BGP_BIS_LAW.xlsx,100.77,202,0.5,gis_post_distance,1.9801980198019802
BGP160W,BGP,160W,2.1-2.2,ERNA10,6,2025,Re_Veg Parcels 2025 IND_BLK_TIN_BGP_BIS_LAW.xlsx,75.97,152,0.5,gis_post_distance,3.9473684210526314
BGP160W,BGP,160W,3.0-3.1,ERNA10,0,2025,Re_Veg Parcels 2025 IND_BLK_TIN_BGP_BIS_LAW.xlsx,101.87,204,0.5,gis_post_distance,0
BGP160W,BGP,160W,3.1-3.2,ERNA10,0,2025,Re_Veg Parcels 2025 IND_BLK_TIN_BGP_BIS_LAW.xlsx,60.23,120,0.5,gis_post_distance,0
BGP160W,BGP,160W,4.0-4.1,ERNA10,0,2025,Re_Veg Parcels 2025 IND_BLK_TIN_BGP_BIS_LAW.xlsx,96.85,194,0.5,gis_post_distance,0
BGP160W,BGP,160W,4.1-4.2,ERNA10,0,2025,Re_Veg Parcels 2025 IND_BLK_TIN_BGP_BIS_LAW.xlsx,45.96,92,0.5,gis_post_distance,0
BGP160W,BGP,160W,1.0-1.1,ATCA2,0,2025,Re_Veg Parcels 2025 IND_BLK_TIN_BGP_BIS_LAW.xlsx,99.79,200,0.5,gis_post_distance,0
BGP160W,BGP,160W,1.1-1.2,ATCA2,0,2025,Re_Veg Parcels 2025 IND_BLK_TIN_BGP_BIS_LAW.xlsx,88.8,178,0.5,gis_post_distance,0
BGP160W,BGP,160W,2.0-2.1,ATCA2,0,2025,Re_Veg Parcels 2025 IND_BLK_TIN_BGP_BIS_LAW.xlsx,100.77,202,0.5,gis_post_distance,0
BGP160W,BGP,160W,2.1-2.2,ATCA2,0,2025,Re_Veg Parcels 2025 IND_BLK_TIN_BGP_BIS_LAW.xlsx,75.97,152,0.5,gis_post_distance,0
BGP160W,BGP,160W,3.0-3.1,ATCA2,9,2025,Re_Veg Parcels 2025 IND_BLK_TIN_BGP_BIS_LAW.xlsx,101.87,204,0.5,gis_post_distance,4.411764705882353
BGP160W,BGP,160W,3.1-3.2,ATCA2,7,2025,Re_Veg Parcels 2025 IND_BLK_TIN_BGP_BIS_LAW.xlsx,60.23,120,0.5,gis_post_distance,5.833333333333333
BGP160W,BGP,160W,4.0-4.1,ATCA2,3,2025,Re_Veg Parcels 2025 IND_BLK_TIN_BGP_BIS_LAW.xlsx,96.85,194,0.5,gis_post_distance,1.5463917525773196
BGP160W,BGP,160W,4.1-4.2,ATCA2,1,2025,Re_Veg Parcels 2025 IND_BLK_TIN_BGP_BIS_LAW.xlsx,45.96,92,0.5,gis_post_distance,1.0869565217391304
BGP160W,BGP,160W,1.0-1.1,HOBR2,0,2025,Re_Veg Parcels 2025 IND_BLK_TIN_BGP_BIS_LAW.xlsx,99.79,200,0.5,gis_post_distance,0
BGP160W,BGP,160W,1.1-1.2,HOBR2,0,2025,Re_Veg Parcels 2025 IND_BLK_TIN_BGP_BIS_LAW.xlsx,88.8,178,0.5,gis_post_distance,0
BGP160W,BGP,160W,2.0-2.1,HOBR2,0,2025,Re_Veg Parcels 2025 IND_BLK_TIN_BGP_BIS_LAW.xlsx,100.77,202,0.5,gis_post_distance,0
BGP160W,BGP,160W,2.1-2.2,HOBR2,0,2025,Re_Veg Parcels 2025 IND_BLK_TIN_BGP_BIS_LAW.xlsx,75.97,152,0.5,gis_post_distance,0
BGP160W,BGP,160W,3.0-3.1,HOBR2,0,2025,Re_Veg Parcels 2025 IND_BLK_TIN_BGP_BIS_LAW.xlsx,101.87,204,0.5,gis_post_distance,0
BGP160W,BGP,160W,3.1-3.2,HOBR2,0,2025,Re_Veg Parcels 2025 IND_BLK_TIN_BGP_BIS_LAW.xlsx,60.23,120,0.5,gis_post_distance,0
BGP160W,BGP,160W,4.0-4.1,HOBR2,7,2025,Re_Veg Parcels 2025 IND_BLK_TIN_BGP_BIS_LAW.xlsx,96.85,194,0.5,gis_post_distance,3.608247422680412
BGP160W,BGP,160W,4.1-4.2,HOBR2,0,2025,Re_Veg Parcels 2025 IND_BLK_TIN_BGP_BIS_LAW.xlsx,45.96,92,0.5,gis_post_distance,0
BGP160W,BGP,160W,1.0-1.1,ATPO,0,2025,Re_Veg Parcels 2025 IND_BLK_TIN_BGP_BIS_LAW.xlsx,99.79,200,0.5,gis_post_distance,0
BGP160W,BGP,160W,1.1-1.2,ATPO,0,2025,Re_Veg Parcels 2025 IND_BLK_TIN_BGP_BIS_LAW.xlsx,88.8,178,0.5,gis_post_distance,0
BGP160W,BGP,160W,2.0-2.1,ATPO,0,2025,Re_Veg Parcels 2025 IND_BLK_TIN_BGP_BIS_LAW.xlsx,100.77,202,0.5,gis_post_distance,0
BGP160W,BGP,160W,2.1-2.2,ATPO,0,2025,Re_Veg Parcels 2025 IND_BLK_TIN_BGP_BIS_LAW.xlsx,75.97,152,0.5,gis_post_distance,0
BGP160W,BGP,160W,3.0-3.1,ATPO,0,2025,Re_Veg Parcels 2025 IND_BLK_TIN_BGP_BIS_LAW.xlsx,101.87,204,0.5,gis_post_distance,0
BGP160W,BGP,160W,3.1-3.2,ATPO,2,2025,Re_Veg Parcels 2025 IND_BLK_TIN_BGP_BIS_LAW.xlsx,60.23,120,0.5,gis_post_distance,1.6666666666666667
BGP160W,BGP,160W,4.0-4.1,ATPO,3,2025,Re_Veg Parcels 2025 IND_BLK_TIN_BGP_BIS_LAW.xlsx,96.85,194,0.5,gis_post_distance,1.5463917525773196
BGP160W,BGP,160W,4.1-4.2,ATPO,0,2025,Re_Veg Parcels 2025 IND_BLK_TIN_BGP_BIS_LAW.xlsx,45.96,92,0.5,gis_post_distance,0
BGP160W,BGP,160W,1.0-1.1,ATPA3,0,2025,Re_Veg Parcels 2025 IND_BLK_TIN_BGP_BIS_LAW.xlsx,99.79,200,0.5,gis_post_distance,0
BGP160W,BGP,160W,1.1-1.2,ATPA3,0,2025,Re_Veg Parcels 2025 IND_BLK_TIN_BGP_BIS_LAW.xlsx,88.8,178,0.5,gis_post_distance,0
BGP160W,BGP,160W,2.0-2.1,ATPA3,0,2025,Re_Veg Parcels 2025 IND_BLK_TIN_BGP_BIS_LAW.xlsx,100.77,202,0.5,gis_post_distance,0
BGP160W,BGP,160W,2.1-2.2,ATPA3,0,2025,Re_Veg Parcels 2025 IND_BLK_TIN_BGP_BIS_LAW.xlsx,75.97,152,0.5,gis_post_distance,0
BGP160W,BGP,160W,3.0-3.1,ATPA3,1,2025,Re_Veg Parcels 2025 IND_BLK_TIN_BGP_BIS_LAW.xlsx,101.87,204,0.5,gis_post_distance,0.49019607843137253
BGP160W,BGP,160W,3.1-3.2,ATPA3,0,2025,Re_Veg Parcels 2025 IND_BLK_TIN_BGP_BIS_LAW.xlsx,60.23,120,0.5,gis_post_distance,0
BGP160W,BGP,160W,4.0-4.1,ATPA3,0,2025,Re_Veg Parcels 2025 IND_BLK_TIN_BGP_BIS_LAW.xlsx,96.85,194,0.5,gis_post_distance,0
BGP160W,BGP,160W,4.1-4.2,ATPA3,0,2025,Re_Veg Parcels 2025 IND_BLK_TIN_BGP_BIS_LAW.xlsx,45.96,92,0.5,gis_post_distance,0
BIS097,BIS,97,1.1-1.2,ERNA10,24,2025,Re_Veg Parcels 2025 IND_BLK_TIN_BGP_BIS_LAW.xlsx,101.74,203,0.5,gis_post_distance,11.822660098522167
BIS097,BIS,97,1.2-1.3,ERNA10,28,2025,Re_Veg Parcels 2025 IND_BLK_TIN_BGP_BIS_LAW.xlsx,99.45,199,0.5,gis_post_distance,14.07035175879397
BIS097,BIS,97,1.3-1.4,ERNA10,22,2025,Re_Veg Parcels 2025 IND_BLK_TIN_BGP_BIS_LAW.xlsx,99.53,199,0.5,gis_post_distance,11.055276381909549
BIS097,BIS,97,1.4-1.5,ERNA10,24,2025,Re_Veg Parcels 2025 IND_BLK_TIN_BGP_BIS_LAW.xlsx,100.19,200,0.5,gis_post_distance,12
BIS097,BIS,97,1.5-1.0,ERNA10,19,2025,Re_Veg Parcels 2025 IND_BLK_TIN_BGP_BIS_LAW.xlsx,100.65,201,0.5,gis_post_distance,9.45273631840796
BIS097,BIS,97,2.1-2.2,ERNA10,7,2025,Re_Veg Parcels 2025 IND_BLK_TIN_BGP_BIS_LAW.xlsx,100.53,201,0.5,gis_post_distance,3.482587064676617
BIS097,BIS,97,2.2-2.3,ERNA10,4,2025,Re_Veg Parcels 2025 IND_BLK_TIN_BGP_BIS_LAW.xlsx,99.22,198,0.5,gis_post_distance,2.0202020202020203
BIS097,BIS,97,2.3-2.4,ERNA10,9,2025,Re_Veg Parcels 2025 IND_BLK_TIN_BGP_BIS_LAW.xlsx,101.95,204,0.5,gis_post_distance,4.411764705882353
BIS097,BIS,97,2.4-2.5,ERNA10,23,2025,Re_Veg Parcels 2025 IND_BLK_TIN_BGP_BIS_LAW.xlsx,99.19,198,0.5,gis_post_distance,11.616161616161616
BIS097,BIS,97,2.5-2.6,ERNA10,13,2025,Re_Veg Parcels 2025 IND_BLK_TIN_BGP_BIS_LAW.xlsx,100.42,201,0.5,gis_post_distance,6.467661691542288
BIS097,BIS,97,2.6-2.7,ERNA10,19,2025,Re_Veg Parcels 2025 IND_BLK_TIN_BGP_BIS_LAW.xlsx,100.97,202,0.5,gis_post_distance,9.405940594059405
BIS097,BIS,97,2.7-2.8,ERNA10,16,2025,Re_Veg Parcels 2025 IND_BLK_TIN_BGP_BIS_LAW.xlsx,101.43,203,0.5,gis_post_distance,7.8817733990147785
BIS097,BIS,97,2.8-2.0,ERNA10,19,2025,Re_Veg Parcels 2025 IND_BLK_TIN_BGP_BIS_LAW.xlsx,98.19,196,0.5,gis_post_distance,9.693877551020408
BIS097,BIS,97,3.1-3.2,ERNA10,19,2025,Re_Veg Parcels 2025 IND_BLK_TIN_BGP_BIS_LAW.xlsx,97.75,196,0.5,gis_post_distance,9.693877551020408
BIS097,BIS,97,3.2-3.3,ERNA10,33,2025,Re_Veg Parcels 2025 IND_BLK_TIN_BGP_BIS_LAW.xlsx,100.85,202,0.5,gis_post_distance,16.33663366336634
BIS097,BIS,97,3.3-3.4,ERNA10,18,2025,Re_Veg Parcels 2025 IND_BLK_TIN_BGP_BIS_LAW.xlsx,100.56,201,0.5,gis_post_distance,8.955223880597014
BIS097,BIS,97,3.4-3.5,ERNA10,21,2025,Re_Veg Parcels 2025 IND_BLK_TIN_BGP_BIS_LAW.xlsx,103.19,206,0.5,gis_post_distance,10.194174757281553
BIS097,BIS,97,3.6-3.7,ERNA10,4,2025,Re_Veg Parcels 2025 IND_BLK_TIN_BGP_BIS_LAW.xlsx,99.23,198,0.5,gis_post_distance,2.0202020202020203
BIS097,BIS,97,3.7-3.0,ERNA10,24,2025,Re_Veg Parcels 2025 IND_BLK_TIN_BGP_BIS_LAW.xlsx,100.52,201,0.5,gis_post_distance,11.940298507462686
BIS097,BIS,97,4.1-4.2,ERNA10,42,2025,Re_Veg Parcels 2025 IND_BLK_TIN_BGP_BIS_LAW.xlsx,101.75,204,0.5,gis_post_distance,20.588235294117645
BIS097,BIS,97,4.2-4.3,ERNA10,22,2025,Re_Veg Parcels 2025 IND_BLK_TIN_BGP_BIS_LAW.xlsx,99.09,198,0.5,gis_post_distance,11.11111111111111
BIS097,BIS,97,4.3-4.4,ERNA10,35,2025,Re_Veg Parcels 2025 IND_BLK_TIN_BGP_BIS_LAW.xlsx,99.2,198,0.5,gis_post_distance,17.67676767676768
BIS097,BIS,97,4.4-4.5,ERNA10,22,2025,Re_Veg Parcels 2025 IND_BLK_TIN_BGP_BIS_LAW.xlsx,100.86,202,0.5,gis_post_distance,10.891089108910892
BIS097,BIS,97,4.5-4.6,ERNA10,34,2025,Re_Veg Parcels 2025 IND_BLK_TIN_BGP_BIS_LAW.xlsx,99.97,200,0.5,gis_post_distance,17
BIS097,BIS,97,4.6-4.7,ERNA10,14,2025,Re_Veg Parcels 2025 IND_BLK_TIN_BGP_BIS_LAW.xlsx,99.53,199,0.5,gis_post_distance,7.035175879396985
BIS097,BIS,97,4.7-4.0,ERNA10,9,2025,Re_Veg Parcels 2025 IND_BLK_TIN_BGP_BIS_LAW.xlsx,101.9,204,0.5,gis_post_distance,4.411764705882353
BIS097,BIS,97,5.1-5.2,ERNA10,13,2025,Re_Veg Parcels 2025 IND_BLK_TIN_BGP_BIS_LAW.xlsx,100.78,202,0.5,gis_post_distance,6.435643564356436
BIS097,BIS,97,5.2-5.3,ERNA10,26,2025,Re_Veg Parcels 2025 IND_BLK_TIN_BGP_BIS_LAW.xlsx,100.56,201,0.5,gis_post_distance,12.935323383084576
BIS097,BIS,97,5.3-5.4,ERNA10,37,2025,Re_Veg Parcels 2025 IND_BLK_TIN_BGP_BIS_LAW.xlsx,99.19,198,0.5,gis_post_distance,18.68686868686869
BIS097,BIS,97,5.4-5.5,ERNA10,28,2025,Re_Veg Parcels 2025 IND_BLK_TIN_BGP_BIS_LAW.xlsx,100.54,201,0.5,gis_post_distance,13.930348258706468
BIS097,BIS,97,5.5-5.6,ERNA10,27,2025,Re_Veg Parcels 2025 IND_BLK_TIN_BGP_BIS_LAW.xlsx,99.2,198,0.5,gis_post_distance,13.636363636363635
BIS097,BIS,97,5.6-5.0,ERNA10,30,2025,Re_Veg Parcels 2025 IND_BLK_TIN_BGP_BIS_LAW.xlsx,101.85,204,0.5,gis_post_distance,14.705882352941178
BIS097,BIS,97,6.1-6.2,ERNA10,11,2025,Re_Veg Parcels 2025 IND_BLK_TIN_BGP_BIS_LAW.xlsx,100.64,201,0.5,gis_post_distance,5.472636815920398
BIS097,BIS,97,6.2-6.3,ERNA10,32,2025,Re_Veg Parcels 2025 IND_BLK_TIN_BGP_BIS_LAW.xlsx,99.09,198,0.5,gis_post_distance,16.161616161616163
BIS097,BIS,97,6.3-6.4,ERNA10,26,2025,Re_Veg Parcels 2025 IND_BLK_TIN_BGP_BIS_LAW.xlsx,101.89,204,0.5,gis_post_distance,12.745098039215685
BIS097,BIS,97,6.4-6.5,ERNA10,26,2025,Re_Veg Parcels 2025 IND_BLK_TIN_BGP_BIS_LAW.xlsx,100.74,201,0.5,gis_post_distance,12.935323383084576
BIS097,BIS,97,6.5-6.0,ERNA10,15,2025,Re_Veg Parcels 2025 IND_BLK_TIN_BGP_BIS_LAW.xlsx,101.87,204,0.5,gis_post_distance,7.352941176470589
BIS097,BIS,97,7.1-7.2,ERNA10,10,2025,Re_Veg Parcels 2025 IND_BLK_TIN_BGP_BIS_LAW.xlsx,97.67,195,0.5,gis_post_distance,5.128205128205128
BIS097,BIS,97,7.2-7.3,ERNA10,12,2025,Re_Veg Parcels 2025 IND_BLK_TIN_BGP_BIS_LAW.xlsx,100.64,201,0.5,gis_post_distance,5.970149253731343
BIS097,BIS,97,7.3-7.4,ERNA10,38,2025,Re_Veg Parcels 2025 IND_BLK_TIN_BGP_BIS_LAW.xlsx,100.63,201,0.5,gis_post_distance,18.90547263681592
BIS097,BIS,97,7.4-7.0,ERNA10,38,2025,Re_Veg Parcels 2025 IND_BLK_TIN_BGP_BIS_LAW.xlsx,100.45,201,0.5,gis_post_distance,18.90547263681592
BIS097,BIS,97,1.1-1.2,ATCA2,0,2025,Re_Veg Parcels 2025 IND_BLK_TIN_BGP_BIS_LAW.xlsx,101.74,203,0.5,gis_post_distance,0
BIS097,BIS,97,1.2-1.3,ATCA2,0,2025,Re_Veg Parcels 2025 IND_BLK_TIN_BGP_BIS_LAW.xlsx,99.45,199,0.5,gis_post_distance,0
BIS097,BIS,97,1.3-1.4,ATCA2,0,2025,Re_Veg Parcels 2025 IND_BLK_TIN_BGP_BIS_LAW.xlsx,99.53,199,0.5,gis_post_distance,0
BIS097,BIS,97,1.4-1.5,ATCA2,0,2025,Re_Veg Parcels 2025 IND_BLK_TIN_BGP_BIS_LAW.xlsx,100.19,200,0.5,gis_post_distance,0
BIS097,BIS,97,1.5-1.0,ATCA2,0,2025,Re_Veg Parcels 2025 IND_BLK_TIN_BGP_BIS_LAW.xlsx,100.65,201,0.5,gis_post_distance,0
BIS097,BIS,97,2.1-2.2,ATCA2,4,2025,Re_Veg Parcels 2025 IND_BLK_TIN_BGP_BIS_LAW.xlsx,100.53,201,0.5,gis_post_distance,1.9900497512437811
BIS097,BIS,97,2.2-2.3,ATCA2,9,2025,Re_Veg Parcels 2025 IND_BLK_TIN_BGP_BIS_LAW.xlsx,99.22,198,0.5,gis_post_distance,4.545454545454546
BIS097,BIS,97,2.3-2.4,ATCA2,4,2025,Re_Veg Parcels 2025 IND_BLK_TIN_BGP_BIS_LAW.xlsx,101.95,204,0.5,gis_post_distance,1.9607843137254901
BIS097,BIS,97,2.4-2.5,ATCA2,0,2025,Re_Veg Parcels 2025 IND_BLK_TIN_BGP_BIS_LAW.xlsx,99.19,198,0.5,gis_post_distance,0
BIS097,BIS,97,2.5-2.6,ATCA2,0,2025,Re_Veg Parcels 2025 IND_BLK_TIN_BGP_BIS_LAW.xlsx,100.42,201,0.5,gis_post_distance,0
BIS097,BIS,97,2.6-2.7,ATCA2,0,2025,Re_Veg Parcels 2025 IND_BLK_TIN_BGP_BIS_LAW.xlsx,100.97,202,0.5,gis_post_distance,0
BIS097,BIS,97,2.7-2.8,ATCA2,0,2025,Re_Veg Parcels 2025 IND_BLK_TIN_BGP_BIS_LAW.xlsx,101.43,203,0.5,gis_post_distance,0
BIS097,BIS,97,2.8-2.0,ATCA2,0,2025,Re_Veg Parcels 2025 IND_BLK_TIN_BGP_BIS_LAW.xlsx,98.19,196,0.5,gis_post_distance,0
BIS097,BIS,97,3.1-3.2,ATCA2,0,2025,Re_Veg Parcels 2025 IND_BLK_TIN_BGP_BIS_LAW.xlsx,97.75,196,0.5,gis_post_distance,0
BIS097,BIS,97,3.2-3.3,ATCA2,0,2025,Re_Veg Parcels 2025 IND_BLK_TIN_BGP_BIS_LAW.xlsx,100.85,202,0.5,gis_post_distance,0
BIS097,BIS,97,3.3-3.4,ATCA2,0,2025,Re_Veg Parcels 2025 IND_BLK_TIN_BGP_BIS_LAW.xlsx,100.56,201,0.5,gis_post_distance,0
BIS097,BIS,97,3.4-3.5,ATCA2,0,2025,Re_Veg Parcels 2025 IND_BLK_TIN_BGP_BIS_LAW.xlsx,103.19,206,0.5,gis_post_distance,0
BIS097,BIS,97,3.6-3.7,ATCA2,1,2025,Re_Veg Parcels 2025 IND_BLK_TIN_BGP_BIS_LAW.xlsx,99.23,198,0.5,gis_post_distance,0.5050505050505051
BIS097,BIS,97,3.7-3.0,ATCA2,3,2025,Re_Veg Parcels 2025 IND_BLK_TIN_BGP_BIS_LAW.xlsx,100.52,201,0.5,gis_post_distance,1.4925373134328357
BIS097,BIS,97,4.1-4.2,ATCA2,0,2025,Re_Veg Parcels 2025 IND_BLK_TIN_BGP_BIS_LAW.xlsx,101.75,204,0.5,gis_post_distance,0
BIS097,BIS,97,4.2-4.3,ATCA2,0,2025,Re_Veg Parcels 2025 IND_BLK_TIN_BGP_BIS_LAW.xlsx,99.09,198,0.5,gis_post_distance,0
BIS097,BIS,97,4.3-4.4,ATCA2,0,2025,Re_Veg Parcels 2025 IND_BLK_TIN_BGP_BIS_LAW.xlsx,99.2,198,0.5,gis_post_distance,0
BIS097,BIS,97,4.4-4.5,ATCA2,0,2025,Re_Veg Parcels 2025 IND_BLK_TIN_BGP_BIS_LAW.xlsx,100.86,202,0.5,gis_post_distance,0
BIS097,BIS,97,4.5-4.6,ATCA2,0,2025,Re_Veg Parcels 2025 IND_BLK_TIN_BGP_BIS_LAW.xlsx,99.97,200,0.5,gis_post_distance,0
BIS097,BIS,97,4.6-4.7,ATCA2,3,2025,Re_Veg Parcels 2025 IND_BLK_TIN_BGP_BIS_LAW.xlsx,99.53,199,0.5,gis_post_distance,1.507537688442211
BIS097,BIS,97,4.7-4.0,ATCA2,13,2025,Re_Veg Parcels 2025 IND_BLK_TIN_BGP_BIS_LAW.xlsx,101.9,204,0.5,gis_post_distance,6.372549019607843
BIS097,BIS,97,5.1-5.2,ATCA2,11,2025,Re_Veg Parcels 2025 IND_BLK_TIN_BGP_BIS_LAW.xlsx,100.78,202,0.5,gis_post_distance,5.445544554455446
BIS097,BIS,97,5.2-5.3,ATCA2,0,2025,Re_Veg Parcels 2025 IND_BLK_TIN_BGP_BIS_LAW.xlsx,100.56,201,0.5,gis_post_distance,0
BIS097,BIS,97,5.3-5.4,ATCA2,0,2025,Re_Veg Parcels 2025 IND_BLK_TIN_BGP_BIS_LAW.xlsx,99.19,198,0.5,gis_post_distance,0
BIS097,BIS,97,5.4-5.5,ATCA2,0,2025,Re_Veg Parcels 2025 IND_BLK_TIN_BGP_BIS_LAW.xlsx,100.54,201,0.5,gis_post_distance,0
BIS097,BIS,97,5.5-5.6,ATCA2,0,2025,Re_Veg Parcels 2025 IND_BLK_TIN_BGP_BIS_LAW.xlsx,99.2,198,0.5,gis_post_distance,0
BIS097,BIS,97,5.6-5.0,ATCA2,0,2025,Re_Veg Parcels 2025 IND_BLK_TIN_BGP_BIS_LAW.xlsx,101.85,204,0.5,gis_post_distance,0
BIS097,BIS,97,6.1-6.2,ATCA2,0,2025,Re_Veg Parcels 2025 IND_BLK_TIN_BGP_BIS_LAW.xlsx,100.64,201,0.5,gis_post_distance,0
BIS097,BIS,97,6.2-6.3,ATCA2,0,2025,Re_Veg Parcels 2025 IND_BLK_TIN_BGP_BIS_LAW.xlsx,99.09,198,0.5,gis_post_distance,0
BIS097,BIS,97,6.3-6.4,ATCA2,1,2025,Re_Veg Parcels 2025 IND_BLK_TIN_BGP_BIS_LAW.xlsx,101.89,204,0.5,gis_post_distance,0.49019607843137253
BIS097,BIS,97,6.4-6.5,ATCA2,0,2025,Re_Veg Parcels 2025 IND_BLK_TIN_BGP_BIS_LAW.xlsx,100.74,201,0.5,gis_post_distance,0
BIS097,BIS,97,6.5-6.0,ATCA2,0,2025,Re_Veg Parcels 2025 IND_BLK_TIN_BGP_BIS_LAW.xlsx,101.87,204,0.5,gis_post_distance,0
BIS097,BIS,97,7.1-7.2,ATCA2,8,2025,Re_Veg Parcels 2025 IND_BLK_TIN_BGP_BIS_LAW.xlsx,97.67,195,0.5,gis_post_distance,4.102564102564102
BIS097,BIS,97,7.2-7.3,ATCA2,0,2025,Re_Veg Parcels 2025 IND_BLK_TIN_BGP_BIS_LAW.xlsx,100.64,201,0.5,gis_post_distance,0
BIS097,BIS,97,7.3-7.4,ATCA2,0,2025,Re_Veg Parcels 2025 IND_BLK_TIN_BGP_BIS_LAW.xlsx,100.63,201,0.5,gis_post_distance,0
BIS097,BIS,97,7.4-7.0,ATCA2,0,2025,Re_Veg Parcels 2025 IND_BLK_TIN_BGP_BIS_LAW.xlsx,100.45,201,0.5,gis_post_distance,0
BIS097,BIS,97,1.1-1.2,ULPU,0,2025,Re_Veg Parcels 2025 IND_BLK_TIN_BGP_BIS_LAW.xlsx,101.74,203,0.5,gis_post_distance,0
BIS097,BIS,97,1.2-1.3,ULPU,0,2025,Re_Veg Parcels 2025 IND_BLK_TIN_BGP_BIS_LAW.xlsx,99.45,199,0.5,gis_post_distance,0
BIS097,BIS,97,1.3-1.4,ULPU,0,2025,Re_Veg Parcels 2025 IND_BLK_TIN_BGP_BIS_LAW.xlsx,99.53,199,0.5,gis_post_distance,0
BIS097,BIS,97,1.4-1.5,ULPU,0,2025,Re_Veg Parcels 2025 IND_BLK_TIN_BGP_BIS_LAW.xlsx,100.19,200,0.5,gis_post_distance,0
BIS097,BIS,97,1.5-1.0,ULPU,0,2025,Re_Veg Parcels 2025 IND_BLK_TIN_BGP_BIS_LAW.xlsx,100.65,201,0.5,gis_post_distance,0
BIS097,BIS,97,2.1-2.2,ULPU,0,2025,Re_Veg Parcels 2025 IND_BLK_TIN_BGP_BIS_LAW.xlsx,100.53,201,0.5,gis_post_distance,0
BIS097,BIS,97,2.2-2.3,ULPU,0,2025,Re_Veg Parcels 2025 IND_BLK_TIN_BGP_BIS_LAW.xlsx,99.22,198,0.5,gis_post_distance,0
BIS097,BIS,97,2.3-2.4,ULPU,0,2025,Re_Veg Parcels 2025 IND_BLK_TIN_BGP_BIS_LAW.xlsx,101.95,204,0.5,gis_post_distance,0
BIS097,BIS,97,2.4-2.5,ULPU,0,2025,Re_Veg Parcels 2025 IND_BLK_TIN_BGP_BIS_LAW.xlsx,99.19,198,0.5,gis_post_distance,0
BIS097,BIS,97,2.5-2.6,ULPU,0,2025,Re_Veg Parcels 2025 IND_BLK_TIN_BGP_BIS_LAW.xlsx,100.42,201,0.5,gis_post_distance,0
BIS097,BIS,97,2.6-2.7,ULPU,0,2025,Re_Veg Parcels 2025 IND_BLK_TIN_BGP_BIS_LAW.xlsx,100.97,202,0.5,gis_post_distance,0
BIS097,BIS,97,2.7-2.8,ULPU,0,2025,Re_Veg Parcels 2025 IND_BLK_TIN_BGP_BIS_LAW.xlsx,101.43,203,0.5,gis_post_distance,0
BIS097,BIS,97,2.8-2.0,ULPU,8,2025,Re_Veg Parcels 2025 IND_BLK_TIN_BGP_BIS_LAW.xlsx,98.19,196,0.5,gis_post_distance,4.081632653061225
BIS097,BIS,97,3.1-3.2,ULPU,0,2025,Re_Veg Parcels 2025 IND_BLK_TIN_BGP_BIS_LAW.xlsx,97.75,196,0.5,gis_post_distance,0
BIS097,BIS,97,3.2-3.3,ULPU,0,2025,Re_Veg Parcels 2025 IND_BLK_TIN_BGP_BIS_LAW.xlsx,100.85,202,0.5,gis_post_distance,0
BIS097,BIS,97,3.3-3.4,ULPU,0,2025,Re_Veg Parcels 2025 IND_BLK_TIN_BGP_BIS_LAW.xlsx,100.56,201,0.5,gis_post_distance,0
BIS097,BIS,97,3.4-3.5,ULPU,0,2025,Re_Veg Parcels 2025 IND_BLK_TIN_BGP_BIS_LAW.xlsx,103.19,206,0.5,gis_post_distance,0
BIS097,BIS,97,3.6-3.7,ULPU,0,2025,Re_Veg Parcels 2025 IND_BLK_TIN_BGP_BIS_LAW.xlsx,99.23,198,0.5,gis_post_distance,0
BIS097,BIS,97,3.7-3.0,ULPU,0,2025,Re_Veg Parcels 2025 IND_BLK_TIN_BGP_BIS_LAW.xlsx,100.52,201,0.5,gis_post_distance,0
BIS097,BIS,97,4.1-4.2,ULPU,0,2025,Re_Veg Parcels 2025 IND_BLK_TIN_BGP_BIS_LAW.xlsx,101.75,204,0.5,gis_post_distance,0
BIS097,BIS,97,4.2-4.3,ULPU,0,2025,Re_Veg Parcels 2025 IND_BLK_TIN_BGP_BIS_LAW.xlsx,99.09,198,0.5,gis_post_distance,0
BIS097,BIS,97,4.3-4.4,ULPU,0,2025,Re_Veg Parcels 2025 IND_BLK_TIN_BGP_BIS_LAW.xlsx,99.2,198,0.5,gis_post_distance,0
BIS097,BIS,97,4.4-4.5,ULPU,0,2025,Re_Veg Parcels 2025 IND_BLK_TIN_BGP_BIS_LAW.xlsx,100.86,202,0.5,gis_post_distance,0
BIS097,BIS,97,4.5-4.6,ULPU,0,2025,Re_Veg Parcels 2025 IND_BLK_TIN_BGP_BIS_LAW.xlsx,99.97,200,0.5,gis_post_distance,0
BIS097,BIS,97,4.6-4.7,ULPU,0,2025,Re_Veg Parcels 2025 IND_BLK_TIN_BGP_BIS_LAW.xlsx,99.53,199,0.5,gis_post_distance,0
BIS097,BIS,97,4.7-4.0,ULPU,0,2025,Re_Veg Parcels 2025 IND_BLK_TIN_BGP_BIS_LAW.xlsx,101.9,204,0.5,gis_post_distance,0
BIS097,BIS,97,5.1-5.2,ULPU,0,2025,Re_Veg Parcels 2025 IND_BLK_TIN_BGP_BIS_LAW.xlsx,100.78,202,0.5,gis_post_distance,0
BIS097,BIS,97,5.2-5.3,ULPU,10,2025,Re_Veg Parcels 2025 IND_BLK_TIN_BGP_BIS_LAW.xlsx,100.56,201,0.5,gis_post_distance,4.975124378109453
BIS097,BIS,97,5.3-5.4,ULPU,0,2025,Re_Veg Parcels 2025 IND_BLK_TIN_BGP_BIS_LAW.xlsx,99.19,198,0.5,gis_post_distance,0
BIS097,BIS,97,5.4-5.5,ULPU,0,2025,Re_Veg Parcels 2025 IND_BLK_TIN_BGP_BIS_LAW.xlsx,100.54,201,0.5,gis_post_distance,0
BIS097,BIS,97,5.5-5.6,ULPU,0,2025,Re_Veg Parcels 2025 IND_BLK_TIN_BGP_BIS_LAW.xlsx,99.2,198,0.5,gis_post_distance,0
BIS097,BIS,97,5.6-5.0,ULPU,0,2025,Re_Veg Parcels 2025 IND_BLK_TIN_BGP_BIS_LAW.xlsx,101.85,204,0.5,gis_post_distance,0
BIS097,BIS,97,6.1-6.2,ULPU,0,2025,Re_Veg Parcels 2025 IND_BLK_TIN_BGP_BIS_LAW.xlsx,100.64,201,0.5,gis_post_distance,0
BIS097,BIS,97,6.2-6.3,ULPU,0,2025,Re_Veg Parcels 2025 IND_BLK_TIN_BGP_BIS_LAW.xlsx,99.09,198,0.5,gis_post_distance,0
BIS097,BIS,97,6.3-6.4,ULPU,0,2025,Re_Veg Parcels 2025 IND_BLK_TIN_BGP_BIS_LAW.xlsx,101.89,204,0.5,gis_post_distance,0
BIS097,BIS,97,6.4-6.5,ULPU,0,2025,Re_Veg Parcels 2025 IND_BLK_TIN_BGP_BIS_LAW.xlsx,100.74,201,0.5,gis_post_distance,0
BIS097,BIS,97,6.5-6.0,ULPU,0,2025,Re_Veg Parcels 2025 IND_BLK_TIN_BGP_BIS_LAW.xlsx,101.87,204,0.5,gis_post_distance,0
BIS097,BIS,97,7.1-7.2,ULPU,0,2025,Re_Veg Parcels 2025 IND_BLK_TIN_BGP_BIS_LAW.xlsx,97.67,195,0.5,gis_post_distance,0
BIS097,BIS,97,7.2-7.3,ULPU,0,2025,Re_Veg Parcels 2025 IND_BLK_TIN_BGP_BIS_LAW.xlsx,100.64,201,0.5,gis_post_distance,0
BIS097,BIS,97,7.3-7.4,ULPU,8,2025,Re_Veg Parcels 2025 IND_BLK_TIN_BGP_BIS_LAW.xlsx,100.63,201,0.5,gis_post_distance,3.9800995024875623
BIS097,BIS,97,7.4-7.0,ULPU,0,2025,Re_Veg Parcels 2025 IND_BLK_TIN_BGP_BIS_LAW.xlsx,100.45,201,0.5,gis_post_distance,0
BIS097,BIS,97,1.1-1.2,ERBA7,0,2025,Re_Veg Parcels 2025 IND_BLK_TIN_BGP_BIS_LAW.xlsx,101.74,203,0.5,gis_post_distance,0
BIS097,BIS,97,1.2-1.3,ERBA7,0,2025,Re_Veg Parcels 2025 IND_BLK_TIN_BGP_BIS_LAW.xlsx,99.45,199,0.5,gis_post_distance,0
BIS097,BIS,97,1.3-1.4,ERBA7,0,2025,Re_Veg Parcels 2025 IND_BLK_TIN_BGP_BIS_LAW.xlsx,99.53,199,0.5,gis_post_distance,0
BIS097,BIS,97,1.4-1.5,ERBA7,0,2025,Re_Veg Parcels 2025 IND_BLK_TIN_BGP_BIS_LAW.xlsx,100.19,200,0.5,gis_post_distance,0
BIS097,BIS,97,1.5-1.0,ERBA7,0,2025,Re_Veg Parcels 2025 IND_BLK_TIN_BGP_BIS_LAW.xlsx,100.65,201,0.5,gis_post_distance,0
BIS097,BIS,97,2.1-2.2,ERBA7,0,2025,Re_Veg Parcels 2025 IND_BLK_TIN_BGP_BIS_LAW.xlsx,100.53,201,0.5,gis_post_distance,0
BIS097,BIS,97,2.2-2.3,ERBA7,0,2025,Re_Veg Parcels 2025 IND_BLK_TIN_BGP_BIS_LAW.xlsx,99.22,198,0.5,gis_post_distance,0
BIS097,BIS,97,2.3-2.4,ERBA7,0,2025,Re_Veg Parcels 2025 IND_BLK_TIN_BGP_BIS_LAW.xlsx,101.95,204,0.5,gis_post_distance,0
BIS097,BIS,97,2.4-2.5,ERBA7,0,2025,Re_Veg Parcels 2025 IND_BLK_TIN_BGP_BIS_LAW.xlsx,99.19,198,0.5,gis_post_distance,0
BIS097,BIS,97,2.5-2.6,ERBA7,0,2025,Re_Veg Parcels 2025 IND_BLK_TIN_BGP_BIS_LAW.xlsx,100.42,201,0.5,gis_post_distance,0
BIS097,BIS,97,2.6-2.7,ERBA7,0,2025,Re_Veg Parcels 2025 IND_BLK_TIN_BGP_BIS_LAW.xlsx,100.97,202,0.5,gis_post_distance,0
BIS097,BIS,97,2.7-2.8,ERBA7,0,2025,Re_Veg Parcels 2025 IND_BLK_TIN_BGP_BIS_LAW.xlsx,101.43,203,0.5,gis_post_distance,0
BIS097,BIS,97,2.8-2.0,ERBA7,0,2025,Re_Veg Parcels 2025 IND_BLK_TIN_BGP_BIS_LAW.xlsx,98.19,196,0.5,gis_post_distance,0
BIS097,BIS,97,3.1-3.2,ERBA7,0,2025,Re_Veg Parcels 2025 IND_BLK_TIN_BGP_BIS_LAW.xlsx,97.75,196,0.5,gis_post_distance,0
BIS097,BIS,97,3.2-3.3,ERBA7,0,2025,Re_Veg Parcels 2025 IND_BLK_TIN_BGP_BIS_LAW.xlsx,100.85,202,0.5,gis_post_distance,0
BIS097,BIS,97,3.3-3.4,ERBA7,0,2025,Re_Veg Parcels 2025 IND_BLK_TIN_BGP_BIS_LAW.xlsx,100.56,201,0.5,gis_post_distance,0
BIS097,BIS,97,3.4-3.5,ERBA7,0,2025,Re_Veg Parcels 2025 IND_BLK_TIN_BGP_BIS_LAW.xlsx,103.19,206,0.5,gis_post_distance,0
BIS097,BIS,97,3.6-3.7,ERBA7,0,2025,Re_Veg Parcels 2025 IND_BLK_TIN_BGP_BIS_LAW.xlsx,99.23,198,0.5,gis_post_distance,0
BIS097,BIS,97,3.7-3.0,ERBA7,0,2025,Re_Veg Parcels 2025 IND_BLK_TIN_BGP_BIS_LAW.xlsx,100.52,201,0.5,gis_post_distance,0
BIS097,BIS,97,4.1-4.2,ERBA7,0,2025,Re_Veg Parcels 2025 IND_BLK_TIN_BGP_BIS_LAW.xlsx,101.75,204,0.5,gis_post_distance,0
BIS097,BIS,97,4.2-4.3,ERBA7,0,2025,Re_Veg Parcels 2025 IND_BLK_TIN_BGP_BIS_LAW.xlsx,99.09,198,0.5,gis_post_distance,0
BIS097,BIS,97,4.3-4.4,ERBA7,0,2025,Re_Veg Parcels 2025 IND_BLK_TIN_BGP_BIS_LAW.xlsx,99.2,198,0.5,gis_post_distance,0
BIS097,BIS,97,4.4-4.5,ERBA7,0,2025,Re_Veg Parcels 2025 IND_BLK_TIN_BGP_BIS_LAW.xlsx,100.86,202,0.5,gis_post_distance,0
BIS097,BIS,97,4.5-4.6,ERBA7,0,2025,Re_Veg Parcels 2025 IND_BLK_TIN_BGP_BIS_LAW.xlsx,99.97,200,0.5,gis_post_distance,0
BIS097,BIS,97,4.6-4.7,ERBA7,0,2025,Re_Veg Parcels 2025 IND_BLK_TIN_BGP_BIS_LAW.xlsx,99.53,199,0.5,gis_post_distance,0
BIS097,BIS,97,4.7-4.0,ERBA7,0,2025,Re_Veg Parcels 2025 IND_BLK_TIN_BGP_BIS_LAW.xlsx,101.9,204,0.5,gis_post_distance,0
BIS097,BIS,97,5.1-5.2,ERBA7,0,2025,Re_Veg Parcels 2025 IND_BLK_TIN_BGP_BIS_LAW.xlsx,100.78,202,0.5,gis_post_distance,0
BIS097,BIS,97,5.2-5.3,ERBA7,0,2025,Re_Veg Parcels 2025 IND_BLK_TIN_BGP_BIS_LAW.xlsx,100.56,201,0.5,gis_post_distance,0
BIS097,BIS,97,5.3-5.4,ERBA7,0,2025,Re_Veg Parcels 2025 IND_BLK_TIN_BGP_BIS_LAW.xlsx,99.19,198,0.5,gis_post_distance,0
BIS097,BIS,97,5.4-5.5,ERBA7,0,2025,Re_Veg Parcels 2025 IND_BLK_TIN_BGP_BIS_LAW.xlsx,100.54,201,0.5,gis_post_distance,0
BIS097,BIS,97,5.5-5.6,ERBA7,0,2025,Re_Veg Parcels 2025 IND_BLK_TIN_BGP_BIS_LAW.xlsx,99.2,198,0.5,gis_post_distance,0
BIS097,BIS,97,5.6-5.0,ERBA7,0,2025,Re_Veg Parcels 2025 IND_BLK_TIN_BGP_BIS_LAW.xlsx,101.85,204,0.5,gis_post_distance,0
BIS097,BIS,97,6.1-6.2,ERBA7,0,2025,Re_Veg Parcels 2025 IND_BLK_TIN_BGP_BIS_LAW.xlsx,100.64,201,0.5,gis_post_distance,0
BIS097,BIS,97,6.2-6.3,ERBA7,0,2025,Re_Veg Parcels 2025 IND_BLK_TIN_BGP_BIS_LAW.xlsx,99.09,198,0.5,gis_post_distance,0
BIS097,BIS,97,6.3-6.4,ERBA7,0,2025,Re_Veg Parcels 2025 IND_BLK_TIN_BGP_BIS_LAW.xlsx,101.89,204,0.5,gis_post_distance,0
BIS097,BIS,97,6.4-6.5,ERBA7,0,2025,Re_Veg Parcels 2025 IND_BLK_TIN_BGP_BIS_LAW.xlsx,100.74,201,0.5,gis_post_distance,0
BIS097,BIS,97,6.5-6.0,ERBA7,0,2025,Re_Veg Parcels 2025 IND_BLK_TIN_BGP_BIS_LAW.xlsx,101.87,204,0.5,gis_post_distance,0
BIS097,BIS,97,7.1-7.2,ERBA7,3,2025,Re_Veg Parcels 2025 IND_BLK_TIN_BGP_BIS_LAW.xlsx,97.67,195,0.5,gis_post_distance,1.5384615384615385
BIS097,BIS,97,7.2-7.3,ERBA7,8,2025,Re_Veg Parcels 2025 IND_BLK_TIN_BGP_BIS_LAW.xlsx,100.64,201,0.5,gis_post_distance,3.9800995024875623
BIS097,BIS,97,7.3-7.4,ERBA7,0,2025,Re_Veg Parcels 2025 IND_BLK_TIN_BGP_BIS_LAW.xlsx,100.63,201,0.5,gis_post_distance,0
BIS097,BIS,97,7.4-7.0,ERBA7,0,2025,Re_Veg Parcels 2025 IND_BLK_TIN_BGP_BIS_LAW.xlsx,100.45,201,0.5,gis_post_distance,0
BIS097,BIS,97,1.1-1.2,AMAC2,0,2025,Re_Veg Parcels 2025 IND_BLK_TIN_BGP_BIS_LAW.xlsx,101.74,203,0.5,gis_post_distance,0
BIS097,BIS,97,1.2-1.3,AMAC2,0,2025,Re_Veg Parcels 2025 IND_BLK_TIN_BGP_BIS_LAW.xlsx,99.45,199,0.5,gis_post_distance,0
BIS097,BIS,97,1.3-1.4,AMAC2,0,2025,Re_Veg Parcels 2025 IND_BLK_TIN_BGP_BIS_LAW.xlsx,99.53,199,0.5,gis_post_distance,0
BIS097,BIS,97,1.4-1.5,AMAC2,0,2025,Re_Veg Parcels 2025 IND_BLK_TIN_BGP_BIS_LAW.xlsx,100.19,200,0.5,gis_post_distance,0
BIS097,BIS,97,1.5-1.0,AMAC2,0,2025,Re_Veg Parcels 2025 IND_BLK_TIN_BGP_BIS_LAW.xlsx,100.65,201,0.5,gis_post_distance,0
BIS097,BIS,97,2.1-2.2,AMAC2,0,2025,Re_Veg Parcels 2025 IND_BLK_TIN_BGP_BIS_LAW.xlsx,100.53,201,0.5,gis_post_distance,0
BIS097,BIS,97,2.2-2.3,AMAC2,0,2025,Re_Veg Parcels 2025 IND_BLK_TIN_BGP_BIS_LAW.xlsx,99.22,198,0.5,gis_post_distance,0
BIS097,BIS,97,2.3-2.4,AMAC2,0,2025,Re_Veg Parcels 2025 IND_BLK_TIN_BGP_BIS_LAW.xlsx,101.95,204,0.5,gis_post_distance,0
BIS097,BIS,97,2.4-2.5,AMAC2,0,2025,Re_Veg Parcels 2025 IND_BLK_TIN_BGP_BIS_LAW.xlsx,99.19,198,0.5,gis_post_distance,0
BIS097,BIS,97,2.5-2.6,AMAC2,0,2025,Re_Veg Parcels 2025 IND_BLK_TIN_BGP_BIS_LAW.xlsx,100.42,201,0.5,gis_post_distance,0
BIS097,BIS,97,2.6-2.7,AMAC2,0,2025,Re_Veg Parcels 2025 IND_BLK_TIN_BGP_BIS_LAW.xlsx,100.97,202,0.5,gis_post_distance,0
BIS097,BIS,97,2.7-2.8,AMAC2,0,2025,Re_Veg Parcels 2025 IND_BLK_TIN_BGP_BIS_LAW.xlsx,101.43,203,0.5,gis_post_distance,0
BIS097,BIS,97,2.8-2.0,AMAC2,0,2025,Re_Veg Parcels 2025 IND_BLK_TIN_BGP_BIS_LAW.xlsx,98.19,196,0.5,gis_post_distance,0
BIS097,BIS,97,3.1-3.2,AMAC2,0,2025,Re_Veg Parcels 2025 IND_BLK_TIN_BGP_BIS_LAW.xlsx,97.75,196,0.5,gis_post_distance,0
BIS097,BIS,97,3.2-3.3,AMAC2,0,2025,Re_Veg Parcels 2025 IND_BLK_TIN_BGP_BIS_LAW.xlsx,100.85,202,0.5,gis_post_distance,0
BIS097,BIS,97,3.3-3.4,AMAC2,0,2025,Re_Veg Parcels 2025 IND_BLK_TIN_BGP_BIS_LAW.xlsx,100.56,201,0.5,gis_post_distance,0
BIS097,BIS,97,3.4-3.5,AMAC2,7,2025,Re_Veg Parcels 2025 IND_BLK_TIN_BGP_BIS_LAW.xlsx,103.19,206,0.5,gis_post_distance,3.3980582524271843
BIS097,BIS,97,3.6-3.7,AMAC2,0,2025,Re_Veg Parcels 2025 IND_BLK_TIN_BGP_BIS_LAW.xlsx,99.23,198,0.5,gis_post_distance,0
BIS097,BIS,97,3.7-3.0,AMAC2,0,2025,Re_Veg Parcels 2025 IND_BLK_TIN_BGP_BIS_LAW.xlsx,100.52,201,0.5,gis_post_distance,0
BIS097,BIS,97,4.1-4.2,AMAC2,0,2025,Re_Veg Parcels 2025 IND_BLK_TIN_BGP_BIS_LAW.xlsx,101.75,204,0.5,gis_post_distance,0
BIS097,BIS,97,4.2-4.3,AMAC2,0,2025,Re_Veg Parcels 2025 IND_BLK_TIN_BGP_BIS_LAW.xlsx,99.09,198,0.5,gis_post_distance,0
BIS097,BIS,97,4.3-4.4,AMAC2,0,2025,Re_Veg Parcels 2025 IND_BLK_TIN_BGP_BIS_LAW.xlsx,99.2,198,0.5,gis_post_distance,0
BIS097,BIS,97,4.4-4.5,AMAC2,0,2025,Re_Veg Parcels 2025 IND_BLK_TIN_BGP_BIS_LAW.xlsx,100.86,202,0.5,gis_post_distance,0
BIS097,BIS,97,4.5-4.6,AMAC2,0,2025,Re_Veg Parcels 2025 IND_BLK_TIN_BGP_BIS_LAW.xlsx,99.97,200,0.5,gis_post_distance,0
BIS097,BIS,97,4.6-4.7,AMAC2,0,2025,Re_Veg Parcels 2025 IND_BLK_TIN_BGP_BIS_LAW.xlsx,99.53,199,0.5,gis_post_distance,0
BIS097,BIS,97,4.7-4.0,AMAC2,0,2025,Re_Veg Parcels 2025 IND_BLK_TIN_BGP_BIS_LAW.xlsx,101.9,204,0.5,gis_post_distance,0
BIS097,BIS,97,5.1-5.2,AMAC2,0,2025,Re_Veg Parcels 2025 IND_BLK_TIN_BGP_BIS_LAW.xlsx,100.78,202,0.5,gis_post_distance,0
BIS097,BIS,97,5.2-5.3,AMAC2,0,2025,Re_Veg Parcels 2025 IND_BLK_TIN_BGP_BIS_LAW.xlsx,100.56,201,0.5,gis_post_distance,0
BIS097,BIS,97,5.3-5.4,AMAC2,0,2025,Re_Veg Parcels 2025 IND_BLK_TIN_BGP_BIS_LAW.xlsx,99.19,198,0.5,gis_post_distance,0
BIS097,BIS,97,5.4-5.5,AMAC2,0,2025,Re_Veg Parcels 2025 IND_BLK_TIN_BGP_BIS_LAW.xlsx,100.54,201,0.5,gis_post_distance,0
BIS097,BIS,97,5.5-5.6,AMAC2,0,2025,Re_Veg Parcels 2025 IND_BLK_TIN_BGP_BIS_LAW.xlsx,99.2,198,0.5,gis_post_distance,0
BIS097,BIS,97,5.6-5.0,AMAC2,0,2025,Re_Veg Parcels 2025 IND_BLK_TIN_BGP_BIS_LAW.xlsx,101.85,204,0.5,gis_post_distance,0
BIS097,BIS,97,6.1-6.2,AMAC2,0,2025,Re_Veg Parcels 2025 IND_BLK_TIN_BGP_BIS_LAW.xlsx,100.64,201,0.5,gis_post_distance,0
BIS097,BIS,97,6.2-6.3,AMAC2,0,2025,Re_Veg Parcels 2025 IND_BLK_TIN_BGP_BIS_LAW.xlsx,99.09,198,0.5,gis_post_distance,0
BIS097,BIS,97,6.3-6.4,AMAC2,0,2025,Re_Veg Parcels 2025 IND_BLK_TIN_BGP_BIS_LAW.xlsx,101.89,204,0.5,gis_post_distance,0
BIS097,BIS,97,6.4-6.5,AMAC2,0,2025,Re_Veg Parcels 2025 IND_BLK_TIN_BGP_BIS_LAW.xlsx,100.74,201,0.5,gis_post_distance,0
BIS097,BIS,97,6.5-6.0,AMAC2,0,2025,Re_Veg Parcels 2025 IND_BLK_TIN_BGP_BIS_LAW.xlsx,101.87,204,0.5,gis_post_distance,0
BIS097,BIS,97,7.1-7.2,AMAC2,0,2025,Re_Veg Parcels 2025 IND_BLK_TIN_BGP_BIS_LAW.xlsx,97.67,195,0.5,gis_post_distance,0
BIS097,BIS,97,7.2-7.3,AMAC2,0,2025,Re_Veg Parcels 2025 IND_BLK_TIN_BGP_BIS_LAW.xlsx,100.64,201,0.5,gis_post_distance,0
BIS097,BIS,97,7.3-7.4,AMAC2,0,2025,Re_Veg Parcels 2025 IND_BLK_TIN_BGP_BIS_LAW.xlsx,100.63,201,0.5,gis_post_distance,0
BIS097,BIS,97,7.4-7.0,AMAC2,0,2025,Re_Veg Parcels 2025 IND_BLK_TIN_BGP_BIS_LAW.xlsx,100.45,201,0.5,gis_post_distance,0
BIS097,BIS,97,1.1-1.2,SATR12,0,2025,Re_Veg Parcels 2025 IND_BLK_TIN_BGP_BIS_LAW.xlsx,101.74,203,0.5,gis_post_distance,0
BIS097,BIS,97,1.2-1.3,SATR12,0,2025,Re_Veg Parcels 2025 IND_BLK_TIN_BGP_BIS_LAW.xlsx,99.45,199,0.5,gis_post_distance,0
BIS097,BIS,97,1.3-1.4,SATR12,0,2025,Re_Veg Parcels 2025 IND_BLK_TIN_BGP_BIS_LAW.xlsx,99.53,199,0.5,gis_post_distance,0
BIS097,BIS,97,1.4-1.5,SATR12,0,2025,Re_Veg Parcels 2025 IND_BLK_TIN_BGP_BIS_LAW.xlsx,100.19,200,0.5,gis_post_distance,0
BIS097,BIS,97,1.5-1.0,SATR12,0,2025,Re_Veg Parcels 2025 IND_BLK_TIN_BGP_BIS_LAW.xlsx,100.65,201,0.5,gis_post_distance,0
BIS097,BIS,97,2.1-2.2,SATR12,0,2025,Re_Veg Parcels 2025 IND_BLK_TIN_BGP_BIS_LAW.xlsx,100.53,201,0.5,gis_post_distance,0
BIS097,BIS,97,2.2-2.3,SATR12,0,2025,Re_Veg Parcels 2025 IND_BLK_TIN_BGP_BIS_LAW.xlsx,99.22,198,0.5,gis_post_distance,0
BIS097,BIS,97,2.3-2.4,SATR12,0,2025,Re_Veg Parcels 2025 IND_BLK_TIN_BGP_BIS_LAW.xlsx,101.95,204,0.5,gis_post_distance,0
BIS097,BIS,97,2.4-2.5,SATR12,0,2025,Re_Veg Parcels 2025 IND_BLK_TIN_BGP_BIS_LAW.xlsx,99.19,198,0.5,gis_post_distance,0
BIS097,BIS,97,2.5-2.6,SATR12,0,2025,Re_Veg Parcels 2025 IND_BLK_TIN_BGP_BIS_LAW.xlsx,100.42,201,0.5,gis_post_distance,0
BIS097,BIS,97,2.6-2.7,SATR12,0,2025,Re_Veg Parcels 2025 IND_BLK_TIN_BGP_BIS_LAW.xlsx,100.97,202,0.5,gis_post_distance,0
BIS097,BIS,97,2.7-2.8,SATR12,0,2025,Re_Veg Parcels 2025 IND_BLK_TIN_BGP_BIS_LAW.xlsx,101.43,203,0.5,gis_post_distance,0
BIS097,BIS,97,2.8-2.0,SATR12,0,2025,Re_Veg Parcels 2025 IND_BLK_TIN_BGP_BIS_LAW.xlsx,98.19,196,0.5,gis_post_distance,0
BIS097,BIS,97,3.1-3.2,SATR12,0,2025,Re_Veg Parcels 2025 IND_BLK_TIN_BGP_BIS_LAW.xlsx,97.75,196,0.5,gis_post_distance,0
BIS097,BIS,97,3.2-3.3,SATR12,0,2025,Re_Veg Parcels 2025 IND_BLK_TIN_BGP_BIS_LAW.xlsx,100.85,202,0.5,gis_post_distance,0
BIS097,BIS,97,3.3-3.4,SATR12,0,2025,Re_Veg Parcels 2025 IND_BLK_TIN_BGP_BIS_LAW.xlsx,100.56,201,0.5,gis_post_distance,0
BIS097,BIS,97,3.4-3.5,SATR12,3,2025,Re_Veg Parcels 2025 IND_BLK_TIN_BGP_BIS_LAW.xlsx,103.19,206,0.5,gis_post_distance,1.4563106796116505
BIS097,BIS,97,3.6-3.7,SATR12,0,2025,Re_Veg Parcels 2025 IND_BLK_TIN_BGP_BIS_LAW.xlsx,99.23,198,0.5,gis_post_distance,0
BIS097,BIS,97,3.7-3.0,SATR12,1,2025,Re_Veg Parcels 2025 IND_BLK_TIN_BGP_BIS_LAW.xlsx,100.52,201,0.5,gis_post_distance,0.4975124378109453
BIS097,BIS,97,4.1-4.2,SATR12,0,2025,Re_Veg Parcels 2025 IND_BLK_TIN_BGP_BIS_LAW.xlsx,101.75,204,0.5,gis_post_distance,0
BIS097,BIS,97,4.2-4.3,SATR12,0,2025,Re_Veg Parcels 2025 IND_BLK_TIN_BGP_BIS_LAW.xlsx,99.09,198,0.5,gis_post_distance,0
BIS097,BIS,97,4.3-4.4,SATR12,0,2025,Re_Veg Parcels 2025 IND_BLK_TIN_BGP_BIS_LAW.xlsx,99.2,198,0.5,gis_post_distance,0
BIS097,BIS,97,4.4-4.5,SATR12,0,2025,Re_Veg Parcels 2025 IND_BLK_TIN_BGP_BIS_LAW.xlsx,100.86,202,0.5,gis_post_distance,0
BIS097,BIS,97,4.5-4.6,SATR12,0,2025,Re_Veg Parcels 2025 IND_BLK_TIN_BGP_BIS_LAW.xlsx,99.97,200,0.5,gis_post_distance,0
BIS097,BIS,97,4.6-4.7,SATR12,0,2025,Re_Veg Parcels 2025 IND_BLK_TIN_BGP_BIS_LAW.xlsx,99.53,199,0.5,gis_post_distance,0
BIS097,BIS,97,4.7-4.0,SATR12,0,2025,Re_Veg Parcels 2025 IND_BLK_TIN_BGP_BIS_LAW.xlsx,101.9,204,0.5,gis_post_distance,0
BIS097,BIS,97,5.1-5.2,SATR12,0,2025,Re_Veg Parcels 2025 IND_BLK_TIN_BGP_BIS_LAW.xlsx,100.78,202,0.5,gis_post_distance,0
BIS097,BIS,97,5.2-5.3,SATR12,0,2025,Re_Veg Parcels 2025 IND_BLK_TIN_BGP_BIS_LAW.xlsx,100.56,201,0.5,gis_post_distance,0
BIS097,BIS,97,5.3-5.4,SATR12,0,2025,Re_Veg Parcels 2025 IND_BLK_TIN_BGP_BIS_LAW.xlsx,99.19,198,0.5,gis_post_distance,0
BIS097,BIS,97,5.4-5.5,SATR12,0,2025,Re_Veg Parcels 2025 IND_BLK_TIN_BGP_BIS_LAW.xlsx,100.54,201,0.5,gis_post_distance,0
BIS097,BIS,97,5.5-5.6,SATR12,0,2025,Re_Veg Parcels 2025 IND_BLK_TIN_BGP_BIS_LAW.xlsx,99.2,198,0.5,gis_post_distance,0
BIS097,BIS,97,5.6-5.0,SATR12,0,2025,Re_Veg Parcels 2025 IND_BLK_TIN_BGP_BIS_LAW.xlsx,101.85,204,0.5,gis_post_distance,0
BIS097,BIS,97,6.1-6.2,SATR12,1,2025,Re_Veg Parcels 2025 IND_BLK_TIN_BGP_BIS_LAW.xlsx,100.64,201,0.5,gis_post_distance,0.4975124378109453
BIS097,BIS,97,6.2-6.3,SATR12,0,2025,Re_Veg Parcels 2025 IND_BLK_TIN_BGP_BIS_LAW.xlsx,99.09,198,0.5,gis_post_distance,0
BIS097,BIS,97,6.3-6.4,SATR12,0,2025,Re_Veg Parcels 2025 IND_BLK_TIN_BGP_BIS_LAW.xlsx,101.89,204,0.5,gis_post_distance,0
BIS097,BIS,97,6.4-6.5,SATR12,0,2025,Re_Veg Parcels 2025 IND_BLK_TIN_BGP_BIS_LAW.xlsx,100.74,201,0.5,gis_post_distance,0
BIS097,BIS,97,6.5-6.0,SATR12,1,2025,Re_Veg Parcels 2025 IND_BLK_TIN_BGP_BIS_LAW.xlsx,101.87,204,0.5,gis_post_distance,0.49019607843137253
BIS097,BIS,97,7.1-7.2,SATR12,0,2025,Re_Veg Parcels 2025 IND_BLK_TIN_BGP_BIS_LAW.xlsx,97.67,195,0.5,gis_post_distance,0
BIS097,BIS,97,7.2-7.3,SATR12,1,2025,Re_Veg Parcels 2025 IND_BLK_TIN_BGP_BIS_LAW.xlsx,100.64,201,0.5,gis_post_distance,0.4975124378109453
BIS097,BIS,97,7.3-7.4,SATR12,0,2025,Re_Veg Parcels 2025 IND_BLK_TIN_BGP_BIS_LAW.xlsx,100.63,201,0.5,gis_post_distance,0
BIS097,BIS,97,7.4-7.0,SATR12,0,2025,Re_Veg Parcels 2025 IND_BLK_TIN_BGP_BIS_LAW.xlsx,100.45,201,0.5,gis_post_distance,0
BIS097,BIS,97,1.1-1.2,MUAS,0,2025,Re_Veg Parcels 2025 IND_BLK_TIN_BGP_BIS_LAW.xlsx,101.74,203,0.5,gis_post_distance,0
BIS097,BIS,97,1.2-1.3,MUAS,0,2025,Re_Veg Parcels 2025 IND_BLK_TIN_BGP_BIS_LAW.xlsx,99.45,199,0.5,gis_post_distance,0
BIS097,BIS,97,1.3-1.4,MUAS,0,2025,Re_Veg Parcels 2025 IND_BLK_TIN_BGP_BIS_LAW.xlsx,99.53,199,0.5,gis_post_distance,0
BIS097,BIS,97,1.4-1.5,MUAS,0,2025,Re_Veg Parcels 2025 IND_BLK_TIN_BGP_BIS_LAW.xlsx,100.19,200,0.5,gis_post_distance,0
BIS097,BIS,97,1.5-1.0,MUAS,0,2025,Re_Veg Parcels 2025 IND_BLK_TIN_BGP_BIS_LAW.xlsx,100.65,201,0.5,gis_post_distance,0
BIS097,BIS,97,2.1-2.2,MUAS,0,2025,Re_Veg Parcels 2025 IND_BLK_TIN_BGP_BIS_LAW.xlsx,100.53,201,0.5,gis_post_distance,0
BIS097,BIS,97,2.2-2.3,MUAS,0,2025,Re_Veg Parcels 2025 IND_BLK_TIN_BGP_BIS_LAW.xlsx,99.22,198,0.5,gis_post_distance,0
BIS097,BIS,97,2.3-2.4,MUAS,0,2025,Re_Veg Parcels 2025 IND_BLK_TIN_BGP_BIS_LAW.xlsx,101.95,204,0.5,gis_post_distance,0
BIS097,BIS,97,2.4-2.5,MUAS,0,2025,Re_Veg Parcels 2025 IND_BLK_TIN_BGP_BIS_LAW.xlsx,99.19,198,0.5,gis_post_distance,0
BIS097,BIS,97,2.5-2.6,MUAS,0,2025,Re_Veg Parcels 2025 IND_BLK_TIN_BGP_BIS_LAW.xlsx,100.42,201,0.5,gis_post_distance,0
BIS097,BIS,97,2.6-2.7,MUAS,0,2025,Re_Veg Parcels 2025 IND_BLK_TIN_BGP_BIS_LAW.xlsx,100.97,202,0.5,gis_post_distance,0
BIS097,BIS,97,2.7-2.8,MUAS,0,2025,Re_Veg Parcels 2025 IND_BLK_TIN_BGP_BIS_LAW.xlsx,101.43,203,0.5,gis_post_distance,0
BIS097,BIS,97,2.8-2.0,MUAS,0,2025,Re_Veg Parcels 2025 IND_BLK_TIN_BGP_BIS_LAW.xlsx,98.19,196,0.5,gis_post_distance,0
BIS097,BIS,97,3.1-3.2,MUAS,0,2025,Re_Veg Parcels 2025 IND_BLK_TIN_BGP_BIS_LAW.xlsx,97.75,196,0.5,gis_post_distance,0
BIS097,BIS,97,3.2-3.3,MUAS,4,2025,Re_Veg Parcels 2025 IND_BLK_TIN_BGP_BIS_LAW.xlsx,100.85,202,0.5,gis_post_distance,1.9801980198019802
BIS097,BIS,97,3.3-3.4,MUAS,0,2025,Re_Veg Parcels 2025 IND_BLK_TIN_BGP_BIS_LAW.xlsx,100.56,201,0.5,gis_post_distance,0
BIS097,BIS,97,3.4-3.5,MUAS,0,2025,Re_Veg Parcels 2025 IND_BLK_TIN_BGP_BIS_LAW.xlsx,103.19,206,0.5,gis_post_distance,0
BIS097,BIS,97,3.6-3.7,MUAS,0,2025,Re_Veg Parcels 2025 IND_BLK_TIN_BGP_BIS_LAW.xlsx,99.23,198,0.5,gis_post_distance,0
BIS097,BIS,97,3.7-3.0,MUAS,0,2025,Re_Veg Parcels 2025 IND_BLK_TIN_BGP_BIS_LAW.xlsx,100.52,201,0.5,gis_post_distance,0
BIS097,BIS,97,4.1-4.2,MUAS,0,2025,Re_Veg Parcels 2025 IND_BLK_TIN_BGP_BIS_LAW.xlsx,101.75,204,0.5,gis_post_distance,0
BIS097,BIS,97,4.2-4.3,MUAS,0,2025,Re_Veg Parcels 2025 IND_BLK_TIN_BGP_BIS_LAW.xlsx,99.09,198,0.5,gis_post_distance,0
BIS097,BIS,97,4.3-4.4,MUAS,0,2025,Re_Veg Parcels 2025 IND_BLK_TIN_BGP_BIS_LAW.xlsx,99.2,198,0.5,gis_post_distance,0
BIS097,BIS,97,4.4-4.5,MUAS,0,2025,Re_Veg Parcels 2025 IND_BLK_TIN_BGP_BIS_LAW.xlsx,100.86,202,0.5,gis_post_distance,0
BIS097,BIS,97,4.5-4.6,MUAS,0,2025,Re_Veg Parcels 2025 IND_BLK_TIN_BGP_BIS_LAW.xlsx,99.97,200,0.5,gis_post_distance,0
BIS097,BIS,97,4.6-4.7,MUAS,0,2025,Re_Veg Parcels 2025 IND_BLK_TIN_BGP_BIS_LAW.xlsx,99.53,199,0.5,gis_post_distance,0
BIS097,BIS,97,4.7-4.0,MUAS,0,2025,Re_Veg Parcels 2025 IND_BLK_TIN_BGP_BIS_LAW.xlsx,101.9,204,0.5,gis_post_distance,0
BIS097,BIS,97,5.1-5.2,MUAS,0,2025,Re_Veg Parcels 2025 IND_BLK_TIN_BGP_BIS_LAW.xlsx,100.78,202,0.5,gis_post_distance,0
BIS097,BIS,97,5.2-5.3,MUAS,0,2025,Re_Veg Parcels 2025 IND_BLK_TIN_BGP_BIS_LAW.xlsx,100.56,201,0.5,gis_post_distance,0
BIS097,BIS,97,5.3-5.4,MUAS,0,2025,Re_Veg Parcels 2025 IND_BLK_TIN_BGP_BIS_LAW.xlsx,99.19,198,0.5,gis_post_distance,0
BIS097,BIS,97,5.4-5.5,MUAS,0,2025,Re_Veg Parcels 2025 IND_BLK_TIN_BGP_BIS_LAW.xlsx,100.54,201,0.5,gis_post_distance,0
BIS097,BIS,97,5.5-5.6,MUAS,0,2025,Re_Veg Parcels 2025 IND_BLK_TIN_BGP_BIS_LAW.xlsx,99.2,198,0.5,gis_post_distance,0
BIS097,BIS,97,5.6-5.0,MUAS,0,2025,Re_Veg Parcels 2025 IND_BLK_TIN_BGP_BIS_LAW.xlsx,101.85,204,0.5,gis_post_distance,0
BIS097,BIS,97,6.1-6.2,MUAS,0,2025,Re_Veg Parcels 2025 IND_BLK_TIN_BGP_BIS_LAW.xlsx,100.64,201,0.5,gis_post_distance,0
BIS097,BIS,97,6.2-6.3,MUAS,0,2025,Re_Veg Parcels 2025 IND_BLK_TIN_BGP_BIS_LAW.xlsx,99.09,198,0.5,gis_post_distance,0
BIS097,BIS,97,6.3-6.4,MUAS,0,2025,Re_Veg Parcels 2025 IND_BLK_TIN_BGP_BIS_LAW.xlsx,101.89,204,0.5,gis_post_distance,0
BIS097,BIS,97,6.4-6.5,MUAS,0,2025,Re_Veg Parcels 2025 IND_BLK_TIN_BGP_BIS_LAW.xlsx,100.74,201,0.5,gis_post_distance,0
BIS097,BIS,97,6.5-6.0,MUAS,0,2025,Re_Veg Parcels 2025 IND_BLK_TIN_BGP_BIS_LAW.xlsx,101.87,204,0.5,gis_post_distance,0
BIS097,BIS,97,7.1-7.2,MUAS,0,2025,Re_Veg Parcels 2025 IND_BLK_TIN_BGP_BIS_LAW.xlsx,97.67,195,0.5,gis_post_distance,0
BIS097,BIS,97,7.2-7.3,MUAS,0,2025,Re_Veg Parcels 2025 IND_BLK_TIN_BGP_BIS_LAW.xlsx,100.64,201,0.5,gis_post_distance,0
BIS097,BIS,97,7.3-7.4,MUAS,0,2025,Re_Veg Parcels 2025 IND_BLK_TIN_BGP_BIS_LAW.xlsx,100.63,201,0.5,gis_post_distance,0
BIS097,BIS,97,7.4-7.0,MUAS,0,2025,Re_Veg Parcels 2025 IND_BLK_TIN_BGP_BIS_LAW.xlsx,100.45,201,0.5,gis_post_distance,0
BIS097,BIS,97,1.1-1.2,AMARA,0,2025,Re_Veg Parcels 2025 IND_BLK_TIN_BGP_BIS_LAW.xlsx,101.74,203,0.5,gis_post_distance,0
BIS097,BIS,97,1.2-1.3,AMARA,0,2025,Re_Veg Parcels 2025 IND_BLK_TIN_BGP_BIS_LAW.xlsx,99.45,199,0.5,gis_post_distance,0
BIS097,BIS,97,1.3-1.4,AMARA,0,2025,Re_Veg Parcels 2025 IND_BLK_TIN_BGP_BIS_LAW.xlsx,99.53,199,0.5,gis_post_distance,0
BIS097,BIS,97,1.4-1.5,AMARA,0,2025,Re_Veg Parcels 2025 IND_BLK_TIN_BGP_BIS_LAW.xlsx,100.19,200,0.5,gis_post_distance,0
BIS097,BIS,97,1.5-1.0,AMARA,0,2025,Re_Veg Parcels 2025 IND_BLK_TIN_BGP_BIS_LAW.xlsx,100.65,201,0.5,gis_post_distance,0
BIS097,BIS,97,2.1-2.2,AMARA,0,2025,Re_Veg Parcels 2025 IND_BLK_TIN_BGP_BIS_LAW.xlsx,100.53,201,0.5,gis_post_distance,0
BIS097,BIS,97,2.2-2.3,AMARA,0,2025,Re_Veg Parcels 2025 IND_BLK_TIN_BGP_BIS_LAW.xlsx,99.22,198,0.5,gis_post_distance,0
BIS097,BIS,97,2.3-2.4,AMARA,0,2025,Re_Veg Parcels 2025 IND_BLK_TIN_BGP_BIS_LAW.xlsx,101.95,204,0.5,gis_post_distance,0
BIS097,BIS,97,2.4-2.5,AMARA,0,2025,Re_Veg Parcels 2025 IND_BLK_TIN_BGP_BIS_LAW.xlsx,99.19,198,0.5,gis_post_distance,0
BIS097,BIS,97,2.5-2.6,AMARA,0,2025,Re_Veg Parcels 2025 IND_BLK_TIN_BGP_BIS_LAW.xlsx,100.42,201,0.5,gis_post_distance,0
BIS097,BIS,97,2.6-2.7,AMARA,0,2025,Re_Veg Parcels 2025 IND_BLK_TIN_BGP_BIS_LAW.xlsx,100.97,202,0.5,gis_post_distance,0
BIS097,BIS,97,2.7-2.8,AMARA,0,2025,Re_Veg Parcels 2025 IND_BLK_TIN_BGP_BIS_LAW.xlsx,101.43,203,0.5,gis_post_distance,0
BIS097,BIS,97,2.8-2.0,AMARA,0,2025,Re_Veg Parcels 2025 IND_BLK_TIN_BGP_BIS_LAW.xlsx,98.19,196,0.5,gis_post_distance,0
BIS097,BIS,97,3.1-3.2,AMARA,0,2025,Re_Veg Parcels 2025 IND_BLK_TIN_BGP_BIS_LAW.xlsx,97.75,196,0.5,gis_post_distance,0
BIS097,BIS,97,3.2-3.3,AMARA,2,2025,Re_Veg Parcels 2025 IND_BLK_TIN_BGP_BIS_LAW.xlsx,100.85,202,0.5,gis_post_distance,0.9900990099009901
BIS097,BIS,97,3.3-3.4,AMARA,0,2025,Re_Veg Parcels 2025 IND_BLK_TIN_BGP_BIS_LAW.xlsx,100.56,201,0.5,gis_post_distance,0
BIS097,BIS,97,3.4-3.5,AMARA,1,2025,Re_Veg Parcels 2025 IND_BLK_TIN_BGP_BIS_LAW.xlsx,103.19,206,0.5,gis_post_distance,0.48543689320388345
BIS097,BIS,97,3.6-3.7,AMARA,0,2025,Re_Veg Parcels 2025 IND_BLK_TIN_BGP_BIS_LAW.xlsx,99.23,198,0.5,gis_post_distance,0
BIS097,BIS,97,3.7-3.0,AMARA,0,2025,Re_Veg Parcels 2025 IND_BLK_TIN_BGP_BIS_LAW.xlsx,100.52,201,0.5,gis_post_distance,0
BIS097,BIS,97,4.1-4.2,AMARA,0,2025,Re_Veg Parcels 2025 IND_BLK_TIN_BGP_BIS_LAW.xlsx,101.75,204,0.5,gis_post_distance,0
BIS097,BIS,97,4.2-4.3,AMARA,0,2025,Re_Veg Parcels 2025 IND_BLK_TIN_BGP_BIS_LAW.xlsx,99.09,198,0.5,gis_post_distance,0
BIS097,BIS,97,4.3-4.4,AMARA,0,2025,Re_Veg Parcels 2025 IND_BLK_TIN_BGP_BIS_LAW.xlsx,99.2,198,0.5,gis_post_distance,0
BIS097,BIS,97,4.4-4.5,AMARA,0,2025,Re_Veg Parcels 2025 IND_BLK_TIN_BGP_BIS_LAW.xlsx,100.86,202,0.5,gis_post_distance,0
BIS097,BIS,97,4.5-4.6,AMARA,0,2025,Re_Veg Parcels 2025 IND_BLK_TIN_BGP_BIS_LAW.xlsx,99.97,200,0.5,gis_post_distance,0
BIS097,BIS,97,4.6-4.7,AMARA,0,2025,Re_Veg Parcels 2025 IND_BLK_TIN_BGP_BIS_LAW.xlsx,99.53,199,0.5,gis_post_distance,0
BIS097,BIS,97,4.7-4.0,AMARA,0,2025,Re_Veg Parcels 2025 IND_BLK_TIN_BGP_BIS_LAW.xlsx,101.9,204,0.5,gis_post_distance,0
BIS097,BIS,97,5.1-5.2,AMARA,0,2025,Re_Veg Parcels 2025 IND_BLK_TIN_BGP_BIS_LAW.xlsx,100.78,202,0.5,gis_post_distance,0
BIS097,BIS,97,5.2-5.3,AMARA,0,2025,Re_Veg Parcels 2025 IND_BLK_TIN_BGP_BIS_LAW.xlsx,100.56,201,0.5,gis_post_distance,0
BIS097,BIS,97,5.3-5.4,AMARA,0,2025,Re_Veg Parcels 2025 IND_BLK_TIN_BGP_BIS_LAW.xlsx,99.19,198,0.5,gis_post_distance,0
BIS097,BIS,97,5.4-5.5,AMARA,0,2025,Re_Veg Parcels 2025 IND_BLK_TIN_BGP_BIS_LAW.xlsx,100.54,201,0.5,gis_post_distance,0
BIS097,BIS,97,5.5-5.6,AMARA,0,2025,Re_Veg Parcels 2025 IND_BLK_TIN_BGP_BIS_LAW.xlsx,99.2,198,0.5,gis_post_distance,0
BIS097,BIS,97,5.6-5.0,AMARA,0,2025,Re_Veg Parcels 2025 IND_BLK_TIN_BGP_BIS_LAW.xlsx,101.85,204,0.5,gis_post_distance,0
BIS097,BIS,97,6.1-6.2,AMARA,0,2025,Re_Veg Parcels 2025 IND_BLK_TIN_BGP_BIS_LAW.xlsx,100.64,201,0.5,gis_post_distance,0
BIS097,BIS,97,6.2-6.3,AMARA,0,2025,Re_Veg Parcels 2025 IND_BLK_TIN_BGP_BIS_LAW.xlsx,99.09,198,0.5,gis_post_distance,0
BIS097,BIS,97,6.3-6.4,AMARA,0,2025,Re_Veg Parcels 2025 IND_BLK_TIN_BGP_BIS_LAW.xlsx,101.89,204,0.5,gis_post_distance,0
BIS097,BIS,97,6.4-6.5,AMARA,0,2025,Re_Veg Parcels 2025 IND_BLK_TIN_BGP_BIS_LAW.xlsx,100.74,201,0.5,gis_post_distance,0
BIS097,BIS,97,6.5-6.0,AMARA,0,2025,Re_Veg Parcels 2025 IND_BLK_TIN_BGP_BIS_LAW.xlsx,101.87,204,0.5,gis_post_distance,0
BIS097,BIS,97,7.1-7.2,AMARA,0,2025,Re_Veg Parcels 2025 IND_BLK_TIN_BGP_BIS_LAW.xlsx,97.67,195,0.5,gis_post_distance,0
BIS097,BIS,97,7.2-7.3,AMARA,0,2025,Re_Veg Parcels 2025 IND_BLK_TIN_BGP_BIS_LAW.xlsx,100.64,201,0.5,gis_post_distance,0
BIS097,BIS,97,7.3-7.4,AMARA,0,2025,Re_Veg Parcels 2025 IND_BLK_TIN_BGP_BIS_LAW.xlsx,100.63,201,0.5,gis_post_distance,0
BIS097,BIS,97,7.4-7.0,AMARA,0,2025,Re_Veg Parcels 2025 IND_BLK_TIN_BGP_BIS_LAW.xlsx,100.45,201,0.5,gis_post_distance,0
BIS097,BIS,97,1.1-1.2,ATCO,0,2025,Re_Veg Parcels 2025 IND_BLK_TIN_BGP_BIS_LAW.xlsx,101.74,203,0.5,gis_post_distance,0
BIS097,BIS,97,1.2-1.3,ATCO,0,2025,Re_Veg Parcels 2025 IND_BLK_TIN_BGP_BIS_LAW.xlsx,99.45,199,0.5,gis_post_distance,0
BIS097,BIS,97,1.3-1.4,ATCO,0,2025,Re_Veg Parcels 2025 IND_BLK_TIN_BGP_BIS_LAW.xlsx,99.53,199,0.5,gis_post_distance,0
BIS097,BIS,97,1.4-1.5,ATCO,0,2025,Re_Veg Parcels 2025 IND_BLK_TIN_BGP_BIS_LAW.xlsx,100.19,200,0.5,gis_post_distance,0
BIS097,BIS,97,1.5-1.0,ATCO,0,2025,Re_Veg Parcels 2025 IND_BLK_TIN_BGP_BIS_LAW.xlsx,100.65,201,0.5,gis_post_distance,0
BIS097,BIS,97,2.1-2.2,ATCO,0,2025,Re_Veg Parcels 2025 IND_BLK_TIN_BGP_BIS_LAW.xlsx,100.53,201,0.5,gis_post_distance,0
BIS097,BIS,97,2.2-2.3,ATCO,0,2025,Re_Veg Parcels 2025 IND_BLK_TIN_BGP_BIS_LAW.xlsx,99.22,198,0.5,gis_post_distance,0
BIS097,BIS,97,2.3-2.4,ATCO,0,2025,Re_Veg Parcels 2025 IND_BLK_TIN_BGP_BIS_LAW.xlsx,101.95,204,0.5,gis_post_distance,0
BIS097,BIS,97,2.4-2.5,ATCO,0,2025,Re_Veg Parcels 2025 IND_BLK_TIN_BGP_BIS_LAW.xlsx,99.19,198,0.5,gis_post_distance,0
BIS097,BIS,97,2.5-2.6,ATCO,0,2025,Re_Veg Parcels 2025 IND_BLK_TIN_BGP_BIS_LAW.xlsx,100.42,201,0.5,gis_post_distance,0
BIS097,BIS,97,2.6-2.7,ATCO,0,2025,Re_Veg Parcels 2025 IND_BLK_TIN_BGP_BIS_LAW.xlsx,100.97,202,0.5,gis_post_distance,0
BIS097,BIS,97,2.7-2.8,ATCO,0,2025,Re_Veg Parcels 2025 IND_BLK_TIN_BGP_BIS_LAW.xlsx,101.43,203,0.5,gis_post_distance,0
BIS097,BIS,97,2.8-2.0,ATCO,0,2025,Re_Veg Parcels 2025 IND_BLK_TIN_BGP_BIS_LAW.xlsx,98.19,196,0.5,gis_post_distance,0
BIS097,BIS,97,3.1-3.2,ATCO,0,2025,Re_Veg Parcels 2025 IND_BLK_TIN_BGP_BIS_LAW.xlsx,97.75,196,0.5,gis_post_distance,0
BIS097,BIS,97,3.2-3.3,ATCO,0,2025,Re_Veg Parcels 2025 IND_BLK_TIN_BGP_BIS_LAW.xlsx,100.85,202,0.5,gis_post_distance,0
BIS097,BIS,97,3.3-3.4,ATCO,0,2025,Re_Veg Parcels 2025 IND_BLK_TIN_BGP_BIS_LAW.xlsx,100.56,201,0.5,gis_post_distance,0
BIS097,BIS,97,3.4-3.5,ATCO,0,2025,Re_Veg Parcels 2025 IND_BLK_TIN_BGP_BIS_LAW.xlsx,103.19,206,0.5,gis_post_distance,0
BIS097,BIS,97,3.6-3.7,ATCO,0,2025,Re_Veg Parcels 2025 IND_BLK_TIN_BGP_BIS_LAW.xlsx,99.23,198,0.5,gis_post_distance,0
BIS097,BIS,97,3.7-3.0,ATCO,2,2025,Re_Veg Parcels 2025 IND_BLK_TIN_BGP_BIS_LAW.xlsx,100.52,201,0.5,gis_post_distance,0.9950248756218906
BIS097,BIS,97,4.1-4.2,ATCO,0,2025,Re_Veg Parcels 2025 IND_BLK_TIN_BGP_BIS_LAW.xlsx,101.75,204,0.5,gis_post_distance,0
BIS097,BIS,97,4.2-4.3,ATCO,0,2025,Re_Veg Parcels 2025 IND_BLK_TIN_BGP_BIS_LAW.xlsx,99.09,198,0.5,gis_post_distance,0
BIS097,BIS,97,4.3-4.4,ATCO,0,2025,Re_Veg Parcels 2025 IND_BLK_TIN_BGP_BIS_LAW.xlsx,99.2,198,0.5,gis_post_distance,0
BIS097,BIS,97,4.4-4.5,ATCO,0,2025,Re_Veg Parcels 2025 IND_BLK_TIN_BGP_BIS_LAW.xlsx,100.86,202,0.5,gis_post_distance,0
BIS097,BIS,97,4.5-4.6,ATCO,0,2025,Re_Veg Parcels 2025 IND_BLK_TIN_BGP_BIS_LAW.xlsx,99.97,200,0.5,gis_post_distance,0
BIS097,BIS,97,4.6-4.7,ATCO,0,2025,Re_Veg Parcels 2025 IND_BLK_TIN_BGP_BIS_LAW.xlsx,99.53,199,0.5,gis_post_distance,0
BIS097,BIS,97,4.7-4.0,ATCO,0,2025,Re_Veg Parcels 2025 IND_BLK_TIN_BGP_BIS_LAW.xlsx,101.9,204,0.5,gis_post_distance,0
BIS097,BIS,97,5.1-5.2,ATCO,0,2025,Re_Veg Parcels 2025 IND_BLK_TIN_BGP_BIS_LAW.xlsx,100.78,202,0.5,gis_post_distance,0
BIS097,BIS,97,5.2-5.3,ATCO,0,2025,Re_Veg Parcels 2025 IND_BLK_TIN_BGP_BIS_LAW.xlsx,100.56,201,0.5,gis_post_distance,0
BIS097,BIS,97,5.3-5.4,ATCO,0,2025,Re_Veg Parcels 2025 IND_BLK_TIN_BGP_BIS_LAW.xlsx,99.19,198,0.5,gis_post_distance,0
BIS097,BIS,97,5.4-5.5,ATCO,0,2025,Re_Veg Parcels 2025 IND_BLK_TIN_BGP_BIS_LAW.xlsx,100.54,201,0.5,gis_post_distance,0
BIS097,BIS,97,5.5-5.6,ATCO,0,2025,Re_Veg Parcels 2025 IND_BLK_TIN_BGP_BIS_LAW.xlsx,99.2,198,0.5,gis_post_distance,0
BIS097,BIS,97,5.6-5.0,ATCO,0,2025,Re_Veg Parcels 2025 IND_BLK_TIN_BGP_BIS_LAW.xlsx,101.85,204,0.5,gis_post_distance,0
BIS097,BIS,97,6.1-6.2,ATCO,0,2025,Re_Veg Parcels 2025 IND_BLK_TIN_BGP_BIS_LAW.xlsx,100.64,201,0.5,gis_post_distance,0
BIS097,BIS,97,6.2-6.3,ATCO,0,2025,Re_Veg Parcels 2025 IND_BLK_TIN_BGP_BIS_LAW.xlsx,99.09,198,0.5,gis_post_distance,0
BIS097,BIS,97,6.3-6.4,ATCO,0,2025,Re_Veg Parcels 2025 IND_BLK_TIN_BGP_BIS_LAW.xlsx,101.89,204,0.5,gis_post_distance,0
BIS097,BIS,97,6.4-6.5,ATCO,0,2025,Re_Veg Parcels 2025 IND_BLK_TIN_BGP_BIS_LAW.xlsx,100.74,201,0.5,gis_post_distance,0
BIS097,BIS,97,6.5-6.0,ATCO,0,2025,Re_Veg Parcels 2025 IND_BLK_TIN_BGP_BIS_LAW.xlsx,101.87,204,0.5,gis_post_distance,0
BIS097,BIS,97,7.1-7.2,ATCO,0,2025,Re_Veg Parcels 2025 IND_BLK_TIN_BGP_BIS_LAW.xlsx,97.67,195,0.5,gis_post_distance,0
BIS097,BIS,97,7.2-7.3,ATCO,0,2025,Re_Veg Parcels 2025 IND_BLK_TIN_BGP_BIS_LAW.xlsx,100.64,201,0.5,gis_post_distance,0
BIS097,BIS,97,7.3-7.4,ATCO,0,2025,Re_Veg Parcels 2025 IND_BLK_TIN_BGP_BIS_LAW.xlsx,100.63,201,0.5,gis_post_distance,0
BIS097,BIS,97,7.4-7.0,ATCO,0,2025,Re_Veg Parcels 2025 IND_BLK_TIN_BGP_BIS_LAW.xlsx,100.45,201,0.5,gis_post_distance,0
BIS097,BIS,97,1.1-1.2,ELCI2,0,2025,Re_Veg Parcels 2025 IND_BLK_TIN_BGP_BIS_LAW.xlsx,101.74,203,0.5,gis_post_distance,0
BIS097,BIS,97,1.2-1.3,ELCI2,0,2025,Re_Veg Parcels 2025 IND_BLK_TIN_BGP_BIS_LAW.xlsx,99.45,199,0.5,gis_post_distance,0
BIS097,BIS,97,1.3-1.4,ELCI2,0,2025,Re_Veg Parcels 2025 IND_BLK_TIN_BGP_BIS_LAW.xlsx,99.53,199,0.5,gis_post_distance,0
BIS097,BIS,97,1.4-1.5,ELCI2,2,2025,Re_Veg Parcels 2025 IND_BLK_TIN_BGP_BIS_LAW.xlsx,100.19,200,0.5,gis_post_distance,1
BIS097,BIS,97,1.5-1.0,ELCI2,0,2025,Re_Veg Parcels 2025 IND_BLK_TIN_BGP_BIS_LAW.xlsx,100.65,201,0.5,gis_post_distance,0
BIS097,BIS,97,2.1-2.2,ELCI2,0,2025,Re_Veg Parcels 2025 IND_BLK_TIN_BGP_BIS_LAW.xlsx,100.53,201,0.5,gis_post_distance,0
BIS097,BIS,97,2.2-2.3,ELCI2,0,2025,Re_Veg Parcels 2025 IND_BLK_TIN_BGP_BIS_LAW.xlsx,99.22,198,0.5,gis_post_distance,0
BIS097,BIS,97,2.3-2.4,ELCI2,0,2025,Re_Veg Parcels 2025 IND_BLK_TIN_BGP_BIS_LAW.xlsx,101.95,204,0.5,gis_post_distance,0
BIS097,BIS,97,2.4-2.5,ELCI2,0,2025,Re_Veg Parcels 2025 IND_BLK_TIN_BGP_BIS_LAW.xlsx,99.19,198,0.5,gis_post_distance,0
BIS097,BIS,97,2.5-2.6,ELCI2,0,2025,Re_Veg Parcels 2025 IND_BLK_TIN_BGP_BIS_LAW.xlsx,100.42,201,0.5,gis_post_distance,0
BIS097,BIS,97,2.6-2.7,ELCI2,0,2025,Re_Veg Parcels 2025 IND_BLK_TIN_BGP_BIS_LAW.xlsx,100.97,202,0.5,gis_post_distance,0
BIS097,BIS,97,2.7-2.8,ELCI2,0,2025,Re_Veg Parcels 2025 IND_BLK_TIN_BGP_BIS_LAW.xlsx,101.43,203,0.5,gis_post_distance,0
BIS097,BIS,97,2.8-2.0,ELCI2,0,2025,Re_Veg Parcels 2025 IND_BLK_TIN_BGP_BIS_LAW.xlsx,98.19,196,0.5,gis_post_distance,0
BIS097,BIS,97,3.1-3.2,ELCI2,0,2025,Re_Veg Parcels 2025 IND_BLK_TIN_BGP_BIS_LAW.xlsx,97.75,196,0.5,gis_post_distance,0
BIS097,BIS,97,3.2-3.3,ELCI2,0,2025,Re_Veg Parcels 2025 IND_BLK_TIN_BGP_BIS_LAW.xlsx,100.85,202,0.5,gis_post_distance,0
BIS097,BIS,97,3.3-3.4,ELCI2,0,2025,Re_Veg Parcels 2025 IND_BLK_TIN_BGP_BIS_LAW.xlsx,100.56,201,0.5,gis_post_distance,0
BIS097,BIS,97,3.4-3.5,ELCI2,0,2025,Re_Veg Parcels 2025 IND_BLK_TIN_BGP_BIS_LAW.xlsx,103.19,206,0.5,gis_post_distance,0
BIS097,BIS,97,3.6-3.7,ELCI2,0,2025,Re_Veg Parcels 2025 IND_BLK_TIN_BGP_BIS_LAW.xlsx,99.23,198,0.5,gis_post_distance,0
BIS097,BIS,97,3.7-3.0,ELCI2,0,2025,Re_Veg Parcels 2025 IND_BLK_TIN_BGP_BIS_LAW.xlsx,100.52,201,0.5,gis_post_distance,0
BIS097,BIS,97,4.1-4.2,ELCI2,0,2025,Re_Veg Parcels 2025 IND_BLK_TIN_BGP_BIS_LAW.xlsx,101.75,204,0.5,gis_post_distance,0
BIS097,BIS,97,4.2-4.3,ELCI2,0,2025,Re_Veg Parcels 2025 IND_BLK_TIN_BGP_BIS_LAW.xlsx,99.09,198,0.5,gis_post_distance,0
BIS097,BIS,97,4.3-4.4,ELCI2,0,2025,Re_Veg Parcels 2025 IND_BLK_TIN_BGP_BIS_LAW.xlsx,99.2,198,0.5,gis_post_distance,0
BIS097,BIS,97,4.4-4.5,ELCI2,0,2025,Re_Veg Parcels 2025 IND_BLK_TIN_BGP_BIS_LAW.xlsx,100.86,202,0.5,gis_post_distance,0
BIS097,BIS,97,4.5-4.6,ELCI2,0,2025,Re_Veg Parcels 2025 IND_BLK_TIN_BGP_BIS_LAW.xlsx,99.97,200,0.5,gis_post_distance,0
BIS097,BIS,97,4.6-4.7,ELCI2,0,2025,Re_Veg Parcels 2025 IND_BLK_TIN_BGP_BIS_LAW.xlsx,99.53,199,0.5,gis_post_distance,0
BIS097,BIS,97,4.7-4.0,ELCI2,0,2025,Re_Veg Parcels 2025 IND_BLK_TIN_BGP_BIS_LAW.xlsx,101.9,204,0.5,gis_post_distance,0
BIS097,BIS,97,5.1-5.2,ELCI2,0,2025,Re_Veg Parcels 2025 IND_BLK_TIN_BGP_BIS_LAW.xlsx,100.78,202,0.5,gis_post_distance,0
BIS097,BIS,97,5.2-5.3,ELCI2,0,2025,Re_Veg Parcels 2025 IND_BLK_TIN_BGP_BIS_LAW.xlsx,100.56,201,0.5,gis_post_distance,0
BIS097,BIS,97,5.3-5.4,ELCI2,0,2025,Re_Veg Parcels 2025 IND_BLK_TIN_BGP_BIS_LAW.xlsx,99.19,198,0.5,gis_post_distance,0
BIS097,BIS,97,5.4-5.5,ELCI2,0,2025,Re_Veg Parcels 2025 IND_BLK_TIN_BGP_BIS_LAW.xlsx,100.54,201,0.5,gis_post_distance,0
BIS097,BIS,97,5.5-5.6,ELCI2,0,2025,Re_Veg Parcels 2025 IND_BLK_TIN_BGP_BIS_LAW.xlsx,99.2,198,0.5,gis_post_distance,0
BIS097,BIS,97,5.6-5.0,ELCI2,0,2025,Re_Veg Parcels 2025 IND_BLK_TIN_BGP_BIS_LAW.xlsx,101.85,204,0.5,gis_post_distance,0
BIS097,BIS,97,6.1-6.2,ELCI2,0,2025,Re_Veg Parcels 2025 IND_BLK_TIN_BGP_BIS_LAW.xlsx,100.64,201,0.5,gis_post_distance,0
BIS097,BIS,97,6.2-6.3,ELCI2,0,2025,Re_Veg Parcels 2025 IND_BLK_TIN_BGP_BIS_LAW.xlsx,99.09,198,0.5,gis_post_distance,0
BIS097,BIS,97,6.3-6.4,ELCI2,0,2025,Re_Veg Parcels 2025 IND_BLK_TIN_BGP_BIS_LAW.xlsx,101.89,204,0.5,gis_post_distance,0
BIS097,BIS,97,6.4-6.5,ELCI2,0,2025,Re_Veg Parcels 2025 IND_BLK_TIN_BGP_BIS_LAW.xlsx,100.74,201,0.5,gis_post_distance,0
BIS097,BIS,97,6.5-6.0,ELCI2,0,2025,Re_Veg Parcels 2025 IND_BLK_TIN_BGP_BIS_LAW.xlsx,101.87,204,0.5,gis_post_distance,0
BIS097,BIS,97,7.1-7.2,ELCI2,0,2025,Re_Veg Parcels 2025 IND_BLK_TIN_BGP_BIS_LAW.xlsx,97.67,195,0.5,gis_post_distance,0
BIS097,BIS,97,7.2-7.3,ELCI2,0,2025,Re_Veg Parcels 2025 IND_BLK_TIN_BGP_BIS_LAW.xlsx,100.64,201,0.5,gis_post_distance,0
BIS097,BIS,97,7.3-7.4,ELCI2,0,2025,Re_Veg Parcels 2025 IND_BLK_TIN_BGP_BIS_LAW.xlsx,100.63,201,0.5,gis_post_distance,0
BIS097,BIS,97,7.4-7.0,ELCI2,0,2025,Re_Veg Parcels 2025 IND_BLK_TIN_BGP_BIS_LAW.xlsx,100.45,201,0.5,gis_post_distance,0
BIS097,BIS,97,1.1-1.2,LACO13,0,2025,Re_Veg Parcels 2025 IND_BLK_TIN_BGP_BIS_LAW.xlsx,101.74,203,0.5,gis_post_distance,0
BIS097,BIS,97,1.2-1.3,LACO13,0,2025,Re_Veg Parcels 2025 IND_BLK_TIN_BGP_BIS_LAW.xlsx,99.45,199,0.5,gis_post_distance,0
BIS097,BIS,97,1.3-1.4,LACO13,0,2025,Re_Veg Parcels 2025 IND_BLK_TIN_BGP_BIS_LAW.xlsx,99.53,199,0.5,gis_post_distance,0
BIS097,BIS,97,1.4-1.5,LACO13,0,2025,Re_Veg Parcels 2025 IND_BLK_TIN_BGP_BIS_LAW.xlsx,100.19,200,0.5,gis_post_distance,0
BIS097,BIS,97,1.5-1.0,LACO13,0,2025,Re_Veg Parcels 2025 IND_BLK_TIN_BGP_BIS_LAW.xlsx,100.65,201,0.5,gis_post_distance,0
BIS097,BIS,97,2.1-2.2,LACO13,0,2025,Re_Veg Parcels 2025 IND_BLK_TIN_BGP_BIS_LAW.xlsx,100.53,201,0.5,gis_post_distance,0
BIS097,BIS,97,2.2-2.3,LACO13,0,2025,Re_Veg Parcels 2025 IND_BLK_TIN_BGP_BIS_LAW.xlsx,99.22,198,0.5,gis_post_distance,0
BIS097,BIS,97,2.3-2.4,LACO13,0,2025,Re_Veg Parcels 2025 IND_BLK_TIN_BGP_BIS_LAW.xlsx,101.95,204,0.5,gis_post_distance,0
BIS097,BIS,97,2.4-2.5,LACO13,0,2025,Re_Veg Parcels 2025 IND_BLK_TIN_BGP_BIS_LAW.xlsx,99.19,198,0.5,gis_post_distance,0
BIS097,BIS,97,2.5-2.6,LACO13,0,2025,Re_Veg Parcels 2025 IND_BLK_TIN_BGP_BIS_LAW.xlsx,100.42,201,0.5,gis_post_distance,0
BIS097,BIS,97,2.6-2.7,LACO13,0,2025,Re_Veg Parcels 2025 IND_BLK_TIN_BGP_BIS_LAW.xlsx,100.97,202,0.5,gis_post_distance,0
BIS097,BIS,97,2.7-2.8,LACO13,0,2025,Re_Veg Parcels 2025 IND_BLK_TIN_BGP_BIS_LAW.xlsx,101.43,203,0.5,gis_post_distance,0
BIS097,BIS,97,2.8-2.0,LACO13,0,2025,Re_Veg Parcels 2025 IND_BLK_TIN_BGP_BIS_LAW.xlsx,98.19,196,0.5,gis_post_distance,0
BIS097,BIS,97,3.1-3.2,LACO13,0,2025,Re_Veg Parcels 2025 IND_BLK_TIN_BGP_BIS_LAW.xlsx,97.75,196,0.5,gis_post_distance,0
BIS097,BIS,97,3.2-3.3,LACO13,0,2025,Re_Veg Parcels 2025 IND_BLK_TIN_BGP_BIS_LAW.xlsx,100.85,202,0.5,gis_post_distance,0
BIS097,BIS,97,3.3-3.4,LACO13,0,2025,Re_Veg Parcels 2025 IND_BLK_TIN_BGP_BIS_LAW.xlsx,100.56,201,0.5,gis_post_distance,0
BIS097,BIS,97,3.4-3.5,LACO13,2,2025,Re_Veg Parcels 2025 IND_BLK_TIN_BGP_BIS_LAW.xlsx,103.19,206,0.5,gis_post_distance,0.9708737864077669
BIS097,BIS,97,3.6-3.7,LACO13,0,2025,Re_Veg Parcels 2025 IND_BLK_TIN_BGP_BIS_LAW.xlsx,99.23,198,0.5,gis_post_distance,0
BIS097,BIS,97,3.7-3.0,LACO13,0,2025,Re_Veg Parcels 2025 IND_BLK_TIN_BGP_BIS_LAW.xlsx,100.52,201,0.5,gis_post_distance,0
BIS097,BIS,97,4.1-4.2,LACO13,0,2025,Re_Veg Parcels 2025 IND_BLK_TIN_BGP_BIS_LAW.xlsx,101.75,204,0.5,gis_post_distance,0
BIS097,BIS,97,4.2-4.3,LACO13,0,2025,Re_Veg Parcels 2025 IND_BLK_TIN_BGP_BIS_LAW.xlsx,99.09,198,0.5,gis_post_distance,0
BIS097,BIS,97,4.3-4.4,LACO13,0,2025,Re_Veg Parcels 2025 IND_BLK_TIN_BGP_BIS_LAW.xlsx,99.2,198,0.5,gis_post_distance,0
BIS097,BIS,97,4.4-4.5,LACO13,0,2025,Re_Veg Parcels 2025 IND_BLK_TIN_BGP_BIS_LAW.xlsx,100.86,202,0.5,gis_post_distance,0
BIS097,BIS,97,4.5-4.6,LACO13,0,2025,Re_Veg Parcels 2025 IND_BLK_TIN_BGP_BIS_LAW.xlsx,99.97,200,0.5,gis_post_distance,0
BIS097,BIS,97,4.6-4.7,LACO13,0,2025,Re_Veg Parcels 2025 IND_BLK_TIN_BGP_BIS_LAW.xlsx,99.53,199,0.5,gis_post_distance,0
BIS097,BIS,97,4.7-4.0,LACO13,0,2025,Re_Veg Parcels 2025 IND_BLK_TIN_BGP_BIS_LAW.xlsx,101.9,204,0.5,gis_post_distance,0
BIS097,BIS,97,5.1-5.2,LACO13,0,2025,Re_Veg Parcels 2025 IND_BLK_TIN_BGP_BIS_LAW.xlsx,100.78,202,0.5,gis_post_distance,0
BIS097,BIS,97,5.2-5.3,LACO13,0,2025,Re_Veg Parcels 2025 IND_BLK_TIN_BGP_BIS_LAW.xlsx,100.56,201,0.5,gis_post_distance,0
BIS097,BIS,97,5.3-5.4,LACO13,0,2025,Re_Veg Parcels 2025 IND_BLK_TIN_BGP_BIS_LAW.xlsx,99.19,198,0.5,gis_post_distance,0
BIS097,BIS,97,5.4-5.5,LACO13,0,2025,Re_Veg Parcels 2025 IND_BLK_TIN_BGP_BIS_LAW.xlsx,100.54,201,0.5,gis_post_distance,0
BIS097,BIS,97,5.5-5.6,LACO13,0,2025,Re_Veg Parcels 2025 IND_BLK_TIN_BGP_BIS_LAW.xlsx,99.2,198,0.5,gis_post_distance,0
BIS097,BIS,97,5.6-5.0,LACO13,0,2025,Re_Veg Parcels 2025 IND_BLK_TIN_BGP_BIS_LAW.xlsx,101.85,204,0.5,gis_post_distance,0
BIS097,BIS,97,6.1-6.2,LACO13,0,2025,Re_Veg Parcels 2025 IND_BLK_TIN_BGP_BIS_LAW.xlsx,100.64,201,0.5,gis_post_distance,0
BIS097,BIS,97,6.2-6.3,LACO13,0,2025,Re_Veg Parcels 2025 IND_BLK_TIN_BGP_BIS_LAW.xlsx,99.09,198,0.5,gis_post_distance,0
BIS097,BIS,97,6.3-6.4,LACO13,0,2025,Re_Veg Parcels 2025 IND_BLK_TIN_BGP_BIS_LAW.xlsx,101.89,204,0.5,gis_post_distance,0
BIS097,BIS,97,6.4-6.5,LACO13,0,2025,Re_Veg Parcels 2025 IND_BLK_TIN_BGP_BIS_LAW.xlsx,100.74,201,0.5,gis_post_distance,0
BIS097,BIS,97,6.5-6.0,LACO13,0,2025,Re_Veg Parcels 2025 IND_BLK_TIN_BGP_BIS_LAW.xlsx,101.87,204,0.5,gis_post_distance,0
BIS097,BIS,97,7.1-7.2,LACO13,0,2025,Re_Veg Parcels 2025 IND_BLK_TIN_BGP_BIS_LAW.xlsx,97.67,195,0.5,gis_post_distance,0
BIS097,BIS,97,7.2-7.3,LACO13,0,2025,Re_Veg Parcels 2025 IND_BLK_TIN_BGP_BIS_LAW.xlsx,100.64,201,0.5,gis_post_distance,0
BIS097,BIS,97,7.3-7.4,LACO13,0,2025,Re_Veg Parcels 2025 IND_BLK_TIN_BGP_BIS_LAW.xlsx,100.63,201,0.5,gis_post_distance,0
BIS097,BIS,97,7.4-7.0,LACO13,0,2025,Re_Veg Parcels 2025 IND_BLK_TIN_BGP_BIS_LAW.xlsx,100.45,201,0.5,gis_post_distance,0
BIS097,BIS,97,1.1-1.2,JUBA,0,2025,Re_Veg Parcels 2025 IND_BLK_TIN_BGP_BIS_LAW.xlsx,101.74,203,0.5,gis_post_distance,0
BIS097,BIS,97,1.2-1.3,JUBA,0,2025,Re_Veg Parcels 2025 IND_BLK_TIN_BGP_BIS_LAW.xlsx,99.45,199,0.5,gis_post_distance,0
BIS097,BIS,97,1.3-1.4,JUBA,0,2025,Re_Veg Parcels 2025 IND_BLK_TIN_BGP_BIS_LAW.xlsx,99.53,199,0.5,gis_post_distance,0
BIS097,BIS,97,1.4-1.5,JUBA,0,2025,Re_Veg Parcels 2025 IND_BLK_TIN_BGP_BIS_LAW.xlsx,100.19,200,0.5,gis_post_distance,0
BIS097,BIS,97,1.5-1.0,JUBA,0,2025,Re_Veg Parcels 2025 IND_BLK_TIN_BGP_BIS_LAW.xlsx,100.65,201,0.5,gis_post_distance,0
BIS097,BIS,97,2.1-2.2,JUBA,0,2025,Re_Veg Parcels 2025 IND_BLK_TIN_BGP_BIS_LAW.xlsx,100.53,201,0.5,gis_post_distance,0
BIS097,BIS,97,2.2-2.3,JUBA,0,2025,Re_Veg Parcels 2025 IND_BLK_TIN_BGP_BIS_LAW.xlsx,99.22,198,0.5,gis_post_distance,0
BIS097,BIS,97,2.3-2.4,JUBA,0,2025,Re_Veg Parcels 2025 IND_BLK_TIN_BGP_BIS_LAW.xlsx,101.95,204,0.5,gis_post_distance,0
BIS097,BIS,97,2.4-2.5,JUBA,0,2025,Re_Veg Parcels 2025 IND_BLK_TIN_BGP_BIS_LAW.xlsx,99.19,198,0.5,gis_post_distance,0
BIS097,BIS,97,2.5-2.6,JUBA,0,2025,Re_Veg Parcels 2025 IND_BLK_TIN_BGP_BIS_LAW.xlsx,100.42,201,0.5,gis_post_distance,0
BIS097,BIS,97,2.6-2.7,JUBA,0,2025,Re_Veg Parcels 2025 IND_BLK_TIN_BGP_BIS_LAW.xlsx,100.97,202,0.5,gis_post_distance,0
BIS097,BIS,97,2.7-2.8,JUBA,1,2025,Re_Veg Parcels 2025 IND_BLK_TIN_BGP_BIS_LAW.xlsx,101.43,203,0.5,gis_post_distance,0.49261083743842365
BIS097,BIS,97,2.8-2.0,JUBA,0,2025,Re_Veg Parcels 2025 IND_BLK_TIN_BGP_BIS_LAW.xlsx,98.19,196,0.5,gis_post_distance,0
BIS097,BIS,97,3.1-3.2,JUBA,0,2025,Re_Veg Parcels 2025 IND_BLK_TIN_BGP_BIS_LAW.xlsx,97.75,196,0.5,gis_post_distance,0
BIS097,BIS,97,3.2-3.3,JUBA,0,2025,Re_Veg Parcels 2025 IND_BLK_TIN_BGP_BIS_LAW.xlsx,100.85,202,0.5,gis_post_distance,0
BIS097,BIS,97,3.3-3.4,JUBA,0,2025,Re_Veg Parcels 2025 IND_BLK_TIN_BGP_BIS_LAW.xlsx,100.56,201,0.5,gis_post_distance,0
BIS097,BIS,97,3.4-3.5,JUBA,0,2025,Re_Veg Parcels 2025 IND_BLK_TIN_BGP_BIS_LAW.xlsx,103.19,206,0.5,gis_post_distance,0
BIS097,BIS,97,3.6-3.7,JUBA,0,2025,Re_Veg Parcels 2025 IND_BLK_TIN_BGP_BIS_LAW.xlsx,99.23,198,0.5,gis_post_distance,0
BIS097,BIS,97,3.7-3.0,JUBA,0,2025,Re_Veg Parcels 2025 IND_BLK_TIN_BGP_BIS_LAW.xlsx,100.52,201,0.5,gis_post_distance,0
BIS097,BIS,97,4.1-4.2,JUBA,0,2025,Re_Veg Parcels 2025 IND_BLK_TIN_BGP_BIS_LAW.xlsx,101.75,204,0.5,gis_post_distance,0
BIS097,BIS,97,4.2-4.3,JUBA,0,2025,Re_Veg Parcels 2025 IND_BLK_TIN_BGP_BIS_LAW.xlsx,99.09,198,0.5,gis_post_distance,0
BIS097,BIS,97,4.3-4.4,JUBA,0,2025,Re_Veg Parcels 2025 IND_BLK_TIN_BGP_BIS_LAW.xlsx,99.2,198,0.5,gis_post_distance,0
BIS097,BIS,97,4.4-4.5,JUBA,0,2025,Re_Veg Parcels 2025 IND_BLK_TIN_BGP_BIS_LAW.xlsx,100.86,202,0.5,gis_post_distance,0
BIS097,BIS,97,4.5-4.6,JUBA,0,2025,Re_Veg Parcels 2025 IND_BLK_TIN_BGP_BIS_LAW.xlsx,99.97,200,0.5,gis_post_distance,0
BIS097,BIS,97,4.6-4.7,JUBA,0,2025,Re_Veg Parcels 2025 IND_BLK_TIN_BGP_BIS_LAW.xlsx,99.53,199,0.5,gis_post_distance,0
BIS097,BIS,97,4.7-4.0,JUBA,0,2025,Re_Veg Parcels 2025 IND_BLK_TIN_BGP_BIS_LAW.xlsx,101.9,204,0.5,gis_post_distance,0
BIS097,BIS,97,5.1-5.2,JUBA,0,2025,Re_Veg Parcels 2025 IND_BLK_TIN_BGP_BIS_LAW.xlsx,100.78,202,0.5,gis_post_distance,0
BIS097,BIS,97,5.2-5.3,JUBA,0,2025,Re_Veg Parcels 2025 IND_BLK_TIN_BGP_BIS_LAW.xlsx,100.56,201,0.5,gis_post_distance,0
BIS097,BIS,97,5.3-5.4,JUBA,0,2025,Re_Veg Parcels 2025 IND_BLK_TIN_BGP_BIS_LAW.xlsx,99.19,198,0.5,gis_post_distance,0
BIS097,BIS,97,5.4-5.5,JUBA,0,2025,Re_Veg Parcels 2025 IND_BLK_TIN_BGP_BIS_LAW.xlsx,100.54,201,0.5,gis_post_distance,0
BIS097,BIS,97,5.5-5.6,JUBA,0,2025,Re_Veg Parcels 2025 IND_BLK_TIN_BGP_BIS_LAW.xlsx,99.2,198,0.5,gis_post_distance,0
BIS097,BIS,97,5.6-5.0,JUBA,0,2025,Re_Veg Parcels 2025 IND_BLK_TIN_BGP_BIS_LAW.xlsx,101.85,204,0.5,gis_post_distance,0
BIS097,BIS,97,6.1-6.2,JUBA,0,2025,Re_Veg Parcels 2025 IND_BLK_TIN_BGP_BIS_LAW.xlsx,100.64,201,0.5,gis_post_distance,0
BIS097,BIS,97,6.2-6.3,JUBA,0,2025,Re_Veg Parcels 2025 IND_BLK_TIN_BGP_BIS_LAW.xlsx,99.09,198,0.5,gis_post_distance,0
BIS097,BIS,97,6.3-6.4,JUBA,0,2025,Re_Veg Parcels 2025 IND_BLK_TIN_BGP_BIS_LAW.xlsx,101.89,204,0.5,gis_post_distance,0
BIS097,BIS,97,6.4-6.5,JUBA,0,2025,Re_Veg Parcels 2025 IND_BLK_TIN_BGP_BIS_LAW.xlsx,100.74,201,0.5,gis_post_distance,0
BIS097,BIS,97,6.5-6.0,JUBA,0,2025,Re_Veg Parcels 2025 IND_BLK_TIN_BGP_BIS_LAW.xlsx,101.87,204,0.5,gis_post_distance,0
BIS097,BIS,97,7.1-7.2,JUBA,0,2025,Re_Veg Parcels 2025 IND_BLK_TIN_BGP_BIS_LAW.xlsx,97.67,195,0.5,gis_post_distance,0
BIS097,BIS,97,7.2-7.3,JUBA,0,2025,Re_Veg Parcels 2025 IND_BLK_TIN_BGP_BIS_LAW.xlsx,100.64,201,0.5,gis_post_distance,0
BIS097,BIS,97,7.3-7.4,JUBA,0,2025,Re_Veg Parcels 2025 IND_BLK_TIN_BGP_BIS_LAW.xlsx,100.63,201,0.5,gis_post_distance,0
BIS097,BIS,97,7.4-7.0,JUBA,0,2025,Re_Veg Parcels 2025 IND_BLK_TIN_BGP_BIS_LAW.xlsx,100.45,201,0.5,gis_post_distance,0
LAW118,LAW,118,A1.2-A1.0,ERNA10,39,2025,Re_Veg Parcels 2025 IND_BLK_TIN_BGP_BIS_LAW.xlsx,98.68,197,0.5,gis_post_distance,19.796954314720814
LAW118,LAW,118,A2.2-A2.0,ERNA10,14,2025,Re_Veg Parcels 2025 IND_BLK_TIN_BGP_BIS_LAW.xlsx,96.4,193,0.5,gis_post_distance,7.253886010362693
LAW118,LAW,118,A3.2-A3.0,ERNA10,30,2025,Re_Veg Parcels 2025 IND_BLK_TIN_BGP_BIS_LAW.xlsx,100.55,201,0.5,gis_post_distance,14.925373134328357
LAW118,LAW,118,A4.1-A4.2,ERNA10,42,2025,Re_Veg Parcels 2025 IND_BLK_TIN_BGP_BIS_LAW.xlsx,98.89,198,0.5,gis_post_distance,21.21212121212121
LAW118,LAW,118,A4.2-A4.0,ERNA10,29,2025,Re_Veg Parcels 2025 IND_BLK_TIN_BGP_BIS_LAW.xlsx,98.52,197,0.5,gis_post_distance,14.720812182741117
LAW118,LAW,118,1.1-1.0,ERNA10,18,2025,Re_Veg Parcels 2025 IND_BLK_TIN_BGP_BIS_LAW.xlsx,57.81,116,0.5,gis_post_distance,15.517241379310345
LAW118,LAW,118,2.1-2.0,ERNA10,36,2025,Re_Veg Parcels 2025 IND_BLK_TIN_BGP_BIS_LAW.xlsx,74.94,150,0.5,gis_post_distance,24
LAW118,LAW,118,3.1-3.0,ERNA10,31,2025,Re_Veg Parcels 2025 IND_BLK_TIN_BGP_BIS_LAW.xlsx,100.51,201,0.5,gis_post_distance,15.422885572139302
LAW118,LAW,118,4.1-4.0,ERNA10,0,2025,Re_Veg Parcels 2025 IND_BLK_TIN_BGP_BIS_LAW.xlsx,101.43,203,0.5,gis_post_distance,0
LAW118,LAW,118,5.1-5.2,ERNA10,0,2025,Re_Veg Parcels 2025 IND_BLK_TIN_BGP_BIS_LAW.xlsx,100.47,201,0.5,gis_post_distance,0
LAW118,LAW,118,5.2-5.0,ERNA10,7,2025,Re_Veg Parcels 2025 IND_BLK_TIN_BGP_BIS_LAW.xlsx,100.11,200,0.5,gis_post_distance,3.5000000000000004
LAW118,LAW,118,6.1-6.2,ERNA10,0,2025,Re_Veg Parcels 2025 IND_BLK_TIN_BGP_BIS_LAW.xlsx,97.2,194,0.5,gis_post_distance,0
LAW118,LAW,118,6.2-6.0,ERNA10,1,2025,Re_Veg Parcels 2025 IND_BLK_TIN_BGP_BIS_LAW.xlsx,104.44,209,0.5,gis_post_distance,0.4784688995215311
LAW118,LAW,118,7.1-7.2,ERNA10,4,2025,Re_Veg Parcels 2025 IND_BLK_TIN_BGP_BIS_LAW.xlsx,99.34,199,0.5,gis_post_distance,2.0100502512562812
LAW118,LAW,118,7.2-7.0,ERNA10,11,2025,Re_Veg Parcels 2025 IND_BLK_TIN_BGP_BIS_LAW.xlsx,100.52,201,0.5,gis_post_distance,5.472636815920398
LAW118,LAW,118,8.1-8.2,ERNA10,9,2025,Re_Veg Parcels 2025 IND_BLK_TIN_BGP_BIS_LAW.xlsx,100.08,200,0.5,gis_post_distance,4.5
LAW118,LAW,118,8.2-8.0,ERNA10,12,2025,Re_Veg Parcels 2025 IND_BLK_TIN_BGP_BIS_LAW.xlsx,101.13,202,0.5,gis_post_distance,5.9405940594059405
LAW118,LAW,118,9.1-9.2,ERNA10,13,2025,Re_Veg Parcels 2025 IND_BLK_TIN_BGP_BIS_LAW.xlsx,98.92,198,0.5,gis_post_distance,6.565656565656567
LAW118,LAW,118,9.2-9.0,ERNA10,24,2025,Re_Veg Parcels 2025 IND_BLK_TIN_BGP_BIS_LAW.xlsx,100.36,201,0.5,gis_post_distance,11.940298507462686
LAW118,LAW,118,10.1-10.2,ERNA10,0,2025,Re_Veg Parcels 2025 IND_BLK_TIN_BGP_BIS_LAW.xlsx,100.47,201,0.5,gis_post_distance,0
LAW118,LAW,118,10.2-10.0,ERNA10,0,2025,Re_Veg Parcels 2025 IND_BLK_TIN_BGP_BIS_LAW.xlsx,98.9,198,0.5,gis_post_distance,0
LAW118,LAW,118,A1.2-A1.0,CYDA,0,2025,Re_Veg Parcels 2025 IND_BLK_TIN_BGP_BIS_LAW.xlsx,98.68,197,0.5,gis_post_distance,0
LAW118,LAW,118,A2.2-A2.0,CYDA,0,2025,Re_Veg Parcels 2025 IND_BLK_TIN_BGP_BIS_LAW.xlsx,96.4,193,0.5,gis_post_distance,0
LAW118,LAW,118,A3.2-A3.0,CYDA,0,2025,Re_Veg Parcels 2025 IND_BLK_TIN_BGP_BIS_LAW.xlsx,100.55,201,0.5,gis_post_distance,0
LAW118,LAW,118,A4.1-A4.2,CYDA,0,2025,Re_Veg Parcels 2025 IND_BLK_TIN_BGP_BIS_LAW.xlsx,98.89,198,0.5,gis_post_distance,0
LAW118,LAW,118,A4.2-A4.0,CYDA,0,2025,Re_Veg Parcels 2025 IND_BLK_TIN_BGP_BIS_LAW.xlsx,98.52,197,0.5,gis_post_distance,0
LAW118,LAW,118,1.1-1.0,CYDA,0,2025,Re_Veg Parcels 2025 IND_BLK_TIN_BGP_BIS_LAW.xlsx,57.81,116,0.5,gis_post_distance,0
LAW118,LAW,118,2.1-2.0,CYDA,0,2025,Re_Veg Parcels 2025 IND_BLK_TIN_BGP_BIS_LAW.xlsx,74.94,150,0.5,gis_post_distance,0
LAW118,LAW,118,3.1-3.0,CYDA,0,2025,Re_Veg Parcels 2025 IND_BLK_TIN_BGP_BIS_LAW.xlsx,100.51,201,0.5,gis_post_distance,0
LAW118,LAW,118,4.1-4.0,CYDA,0,2025,Re_Veg Parcels 2025 IND_BLK_TIN_BGP_BIS_LAW.xlsx,101.43,203,0.5,gis_post_distance,0
LAW118,LAW,118,5.1-5.2,CYDA,0,2025,Re_Veg Parcels 2025 IND_BLK_TIN_BGP_BIS_LAW.xlsx,100.47,201,0.5,gis_post_distance,0
LAW118,LAW,118,5.2-5.0,CYDA,0,2025,Re_Veg Parcels 2025 IND_BLK_TIN_BGP_BIS_LAW.xlsx,100.11,200,0.5,gis_post_distance,0
LAW118,LAW,118,6.1-6.2,CYDA,0,2025,Re_Veg Parcels 2025 IND_BLK_TIN_BGP_BIS_LAW.xlsx,97.2,194,0.5,gis_post_distance,0
LAW118,LAW,118,6.2-6.0,CYDA,0,2025,Re_Veg Parcels 2025 IND_BLK_TIN_BGP_BIS_LAW.xlsx,104.44,209,0.5,gis_post_distance,0
LAW118,LAW,118,7.1-7.2,CYDA,0,2025,Re_Veg Parcels 2025 IND_BLK_TIN_BGP_BIS_LAW.xlsx,99.34,199,0.5,gis_post_distance,0
LAW118,LAW,118,7.2-7.0,CYDA,0,2025,Re_Veg Parcels 2025 IND_BLK_TIN_BGP_BIS_LAW.xlsx,100.52,201,0.5,gis_post_distance,0
LAW118,LAW,118,8.1-8.2,CYDA,0,2025,Re_Veg Parcels 2025 IND_BLK_TIN_BGP_BIS_LAW.xlsx,100.08,200,0.5,gis_post_distance,0
LAW118,LAW,118,8.2-8.0,CYDA,0,2025,Re_Veg Parcels 2025 IND_BLK_TIN_BGP_BIS_LAW.xlsx,101.13,202,0.5,gis_post_distance,0
LAW118,LAW,118,9.1-9.2,CYDA,0,2025,Re_Veg Parcels 2025 IND_BLK_TIN_BGP_BIS_LAW.xlsx,98.92,198,0.5,gis_post_distance,0
LAW118,LAW,118,9.2-9.0,CYDA,0,2025,Re_Veg Parcels 2025 IND_BLK_TIN_BGP_BIS_LAW.xlsx,100.36,201,0.5,gis_post_distance,0
LAW118,LAW,118,10.1-10.2,CYDA,57,2025,Re_Veg Parcels 2025 IND_BLK_TIN_BGP_BIS_LAW.xlsx,100.47,201,0.5,gis_post_distance,28.35820895522388
LAW118,LAW,118,10.2-10.0,CYDA,115,2025,Re_Veg Parcels 2025 IND_BLK_TIN_BGP_BIS_LAW.xlsx,98.9,198,0.5,gis_post_distance,58.080808080808076
LAW118,LAW,118,A1.2-A1.0,ATCA2,3,2025,Re_Veg Parcels 2025 IND_BLK_TIN_BGP_BIS_LAW.xlsx,98.68,197,0.5,gis_post_distance,1.5228426395939088
LAW118,LAW,118,A2.2-A2.0,ATCA2,9,2025,Re_Veg Parcels 2025 IND_BLK_TIN_BGP_BIS_LAW.xlsx,96.4,193,0.5,gis_post_distance,4.66321243523316
LAW118,LAW,118,A3.2-A3.0,ATCA2,1,2025,Re_Veg Parcels 2025 IND_BLK_TIN_BGP_BIS_LAW.xlsx,100.55,201,0.5,gis_post_distance,0.4975124378109453
LAW118,LAW,118,A4.1-A4.2,ATCA2,1,2025,Re_Veg Parcels 2025 IND_BLK_TIN_BGP_BIS_LAW.xlsx,98.89,198,0.5,gis_post_distance,0.5050505050505051
LAW118,LAW,118,A4.2-A4.0,ATCA2,3,2025,Re_Veg Parcels 2025 IND_BLK_TIN_BGP_BIS_LAW.xlsx,98.52,197,0.5,gis_post_distance,1.5228426395939088
LAW118,LAW,118,1.1-1.0,ATCA2,0,2025,Re_Veg Parcels 2025 IND_BLK_TIN_BGP_BIS_LAW.xlsx,57.81,116,0.5,gis_post_distance,0
LAW118,LAW,118,2.1-2.0,ATCA2,0,2025,Re_Veg Parcels 2025 IND_BLK_TIN_BGP_BIS_LAW.xlsx,74.94,150,0.5,gis_post_distance,0
LAW118,LAW,118,3.1-3.0,ATCA2,5,2025,Re_Veg Parcels 2025 IND_BLK_TIN_BGP_BIS_LAW.xlsx,100.51,201,0.5,gis_post_distance,2.4875621890547266
LAW118,LAW,118,4.1-4.0,ATCA2,10,2025,Re_Veg Parcels 2025 IND_BLK_TIN_BGP_BIS_LAW.xlsx,101.43,203,0.5,gis_post_distance,4.926108374384237
LAW118,LAW,118,5.1-5.2,ATCA2,33,2025,Re_Veg Parcels 2025 IND_BLK_TIN_BGP_BIS_LAW.xlsx,100.47,201,0.5,gis_post_distance,16.417910447761194
LAW118,LAW,118,5.2-5.0,ATCA2,12,2025,Re_Veg Parcels 2025 IND_BLK_TIN_BGP_BIS_LAW.xlsx,100.11,200,0.5,gis_post_distance,6
LAW118,LAW,118,6.1-6.2,ATCA2,24,2025,Re_Veg Parcels 2025 IND_BLK_TIN_BGP_BIS_LAW.xlsx,97.2,194,0.5,gis_post_distance,12.371134020618557
LAW118,LAW,118,6.2-6.0,ATCA2,24,2025,Re_Veg Parcels 2025 IND_BLK_TIN_BGP_BIS_LAW.xlsx,104.44,209,0.5,gis_post_distance,11.483253588516746
LAW118,LAW,118,7.1-7.2,ATCA2,0,2025,Re_Veg Parcels 2025 IND_BLK_TIN_BGP_BIS_LAW.xlsx,99.34,199,0.5,gis_post_distance,0
LAW118,LAW,118,7.2-7.0,ATCA2,2,2025,Re_Veg Parcels 2025 IND_BLK_TIN_BGP_BIS_LAW.xlsx,100.52,201,0.5,gis_post_distance,0.9950248756218906
LAW118,LAW,118,8.1-8.2,ATCA2,5,2025,Re_Veg Parcels 2025 IND_BLK_TIN_BGP_BIS_LAW.xlsx,100.08,200,0.5,gis_post_distance,2.5
LAW118,LAW,118,8.2-8.0,ATCA2,4,2025,Re_Veg Parcels 2025 IND_BLK_TIN_BGP_BIS_LAW.xlsx,101.13,202,0.5,gis_post_distance,1.9801980198019802
LAW118,LAW,118,9.1-9.2,ATCA2,0,2025,Re_Veg Parcels 2025 IND_BLK_TIN_BGP_BIS_LAW.xlsx,98.92,198,0.5,gis_post_distance,0
LAW118,LAW,118,9.2-9.0,ATCA2,0,2025,Re_Veg Parcels 2025 IND_BLK_TIN_BGP_BIS_LAW.xlsx,100.36,201,0.5,gis_post_distance,0
LAW118,LAW,118,10.1-10.2,ATCA2,0,2025,Re_Veg Parcels 2025 IND_BLK_TIN_BGP_BIS_LAW.xlsx,100.47,201,0.5,gis_post_distance,0
LAW118,LAW,118,10.2-10.0,ATCA2,0,2025,Re_Veg Parcels 2025 IND_BLK_TIN_BGP_BIS_LAW.xlsx,98.9,198,0.5,gis_post_distance,0
LAW118,LAW,118,A1.2-A1.0,MUAS,0,2025,Re_Veg Parcels 2025 IND_BLK_TIN_BGP_BIS_LAW.xlsx,98.68,197,0.5,gis_post_distance,0
LAW118,LAW,118,A2.2-A2.0,MUAS,0,2025,Re_Veg Parcels 2025 IND_BLK_TIN_BGP_BIS_LAW.xlsx,96.4,193,0.5,gis_post_distance,0
LAW118,LAW,118,A3.2-A3.0,MUAS,0,2025,Re_Veg Parcels 2025 IND_BLK_TIN_BGP_BIS_LAW.xlsx,100.55,201,0.5,gis_post_distance,0
LAW118,LAW,118,A4.1-A4.2,MUAS,0,2025,Re_Veg Parcels 2025 IND_BLK_TIN_BGP_BIS_LAW.xlsx,98.89,198,0.5,gis_post_distance,0
LAW118,LAW,118,A4.2-A4.0,MUAS,0,2025,Re_Veg Parcels 2025 IND_BLK_TIN_BGP_BIS_LAW.xlsx,98.52,197,0.5,gis_post_distance,0
LAW118,LAW,118,1.1-1.0,MUAS,0,2025,Re_Veg Parcels 2025 IND_BLK_TIN_BGP_BIS_LAW.xlsx,57.81,116,0.5,gis_post_distance,0
LAW118,LAW,118,2.1-2.0,MUAS,0,2025,Re_Veg Parcels 2025 IND_BLK_TIN_BGP_BIS_LAW.xlsx,74.94,150,0.5,gis_post_distance,0
LAW118,LAW,118,3.1-3.0,MUAS,0,2025,Re_Veg Parcels 2025 IND_BLK_TIN_BGP_BIS_LAW.xlsx,100.51,201,0.5,gis_post_distance,0
LAW118,LAW,118,4.1-4.0,MUAS,0,2025,Re_Veg Parcels 2025 IND_BLK_TIN_BGP_BIS_LAW.xlsx,101.43,203,0.5,gis_post_distance,0
LAW118,LAW,118,5.1-5.2,MUAS,0,2025,Re_Veg Parcels 2025 IND_BLK_TIN_BGP_BIS_LAW.xlsx,100.47,201,0.5,gis_post_distance,0
LAW118,LAW,118,5.2-5.0,MUAS,0,2025,Re_Veg Parcels 2025 IND_BLK_TIN_BGP_BIS_LAW.xlsx,100.11,200,0.5,gis_post_distance,0
LAW118,LAW,118,6.1-6.2,MUAS,0,2025,Re_Veg Parcels 2025 IND_BLK_TIN_BGP_BIS_LAW.xlsx,97.2,194,0.5,gis_post_distance,0
LAW118,LAW,118,6.2-6.0,MUAS,0,2025,Re_Veg Parcels 2025 IND_BLK_TIN_BGP_BIS_LAW.xlsx,104.44,209,0.5,gis_post_distance,0
LAW118,LAW,118,7.1-7.2,MUAS,0,2025,Re_Veg Parcels 2025 IND_BLK_TIN_BGP_BIS_LAW.xlsx,99.34,199,0.5,gis_post_distance,0
LAW118,LAW,118,7.2-7.0,MUAS,0,2025,Re_Veg Parcels 2025 IND_BLK_TIN_BGP_BIS_LAW.xlsx,100.52,201,0.5,gis_post_distance,0
LAW118,LAW,118,8.1-8.2,MUAS,0,2025,Re_Veg Parcels 2025 IND_BLK_TIN_BGP_BIS_LAW.xlsx,100.08,200,0.5,gis_post_distance,0
LAW118,LAW,118,8.2-8.0,MUAS,6,2025,Re_Veg Parcels 2025 IND_BLK_TIN_BGP_BIS_LAW.xlsx,101.13,202,0.5,gis_post_distance,2.9702970297029703
LAW118,LAW,118,9.1-9.2,MUAS,52,2025,Re_Veg Parcels 2025 IND_BLK_TIN_BGP_BIS_LAW.xlsx,98.92,198,0.5,gis_post_distance,26.262626262626267
LAW118,LAW,118,9.2-9.0,MUAS,19,2025,Re_Veg Parcels 2025 IND_BLK_TIN_BGP_BIS_LAW.xlsx,100.36,201,0.5,gis_post_distance,9.45273631840796
LAW118,LAW,118,10.1-10.2,MUAS,22,2025,Re_Veg Parcels 2025 IND_BLK_TIN_BGP_BIS_LAW.xlsx,100.47,201,0.5,gis_post_distance,10.945273631840797
LAW118,LAW,118,10.2-10.0,MUAS,29,2025,Re_Veg Parcels 2025 IND_BLK_TIN_BGP_BIS_LAW.xlsx,98.9,198,0.5,gis_post_distance,14.646464646464647
LAW118,LAW,118,A1.2-A1.0,SATR12,1,2025,Re_Veg Parcels 2025 IND_BLK_TIN_BGP_BIS_LAW.xlsx,98.68,197,0.5,gis_post_distance,0.5076142131979695
LAW118,LAW,118,A2.2-A2.0,SATR12,0,2025,Re_Veg Parcels 2025 IND_BLK_TIN_BGP_BIS_LAW.xlsx,96.4,193,0.5,gis_post_distance,0
LAW118,LAW,118,A3.2-A3.0,SATR12,2,2025,Re_Veg Parcels 2025 IND_BLK_TIN_BGP_BIS_LAW.xlsx,100.55,201,0.5,gis_post_distance,0.9950248756218906
LAW118,LAW,118,A4.1-A4.2,SATR12,0,2025,Re_Veg Parcels 2025 IND_BLK_TIN_BGP_BIS_LAW.xlsx,98.89,198,0.5,gis_post_distance,0
LAW118,LAW,118,A4.2-A4.0,SATR12,0,2025,Re_Veg Parcels 2025 IND_BLK_TIN_BGP_BIS_LAW.xlsx,98.52,197,0.5,gis_post_distance,0
LAW118,LAW,118,1.1-1.0,SATR12,1,2025,Re_Veg Parcels 2025 IND_BLK_TIN_BGP_BIS_LAW.xlsx,57.81,116,0.5,gis_post_distance,0.8620689655172413
LAW118,LAW,118,2.1-2.0,SATR12,0,2025,Re_Veg Parcels 2025 IND_BLK_TIN_BGP_BIS_LAW.xlsx,74.94,150,0.5,gis_post_distance,0
LAW118,LAW,118,3.1-3.0,SATR12,7,2025,Re_Veg Parcels 2025 IND_BLK_TIN_BGP_BIS_LAW.xlsx,100.51,201,0.5,gis_post_distance,3.482587064676617
LAW118,LAW,118,4.1-4.0,SATR12,1,2025,Re_Veg Parcels 2025 IND_BLK_TIN_BGP_BIS_LAW.xlsx,101.43,203,0.5,gis_post_distance,0.49261083743842365
LAW118,LAW,118,5.1-5.2,SATR12,1,2025,Re_Veg Parcels 2025 IND_BLK_TIN_BGP_BIS_LAW.xlsx,100.47,201,0.5,gis_post_distance,0.4975124378109453
LAW118,LAW,118,5.2-5.0,SATR12,3,2025,Re_Veg Parcels 2025 IND_BLK_TIN_BGP_BIS_LAW.xlsx,100.11,200,0.5,gis_post_distance,1.5
LAW118,LAW,118,6.1-6.2,SATR12,0,2025,Re_Veg Parcels 2025 IND_BLK_TIN_BGP_BIS_LAW.xlsx,97.2,194,0.5,gis_post_distance,0
LAW118,LAW,118,6.2-6.0,SATR12,10,2025,Re_Veg Parcels 2025 IND_BLK_TIN_BGP_BIS_LAW.xlsx,104.44,209,0.5,gis_post_distance,4.784688995215311
LAW118,LAW,118,7.1-7.2,SATR12,35,2025,Re_Veg Parcels 2025 IND_BLK_TIN_BGP_BIS_LAW.xlsx,99.34,199,0.5,gis_post_distance,17.587939698492463
LAW118,LAW,118,7.2-7.0,SATR12,9,2025,Re_Veg Parcels 2025 IND_BLK_TIN_BGP_BIS_LAW.xlsx,100.52,201,0.5,gis_post_distance,4.477611940298507
LAW118,LAW,118,8.1-8.2,SATR12,0,2025,Re_Veg Parcels 2025 IND_BLK_TIN_BGP_BIS_LAW.xlsx,100.08,200,0.5,gis_post_distance,0
LAW118,LAW,118,8.2-8.0,SATR12,4,2025,Re_Veg Parcels 2025 IND_BLK_TIN_BGP_BIS_LAW.xlsx,101.13,202,0.5,gis_post_distance,1.9801980198019802
LAW118,LAW,118,9.1-9.2,SATR12,0,2025,Re_Veg Parcels 2025 IND_BLK_TIN_BGP_BIS_LAW.xlsx,98.92,198,0.5,gis_post_distance,0
LAW118,LAW,118,9.2-9.0,SATR12,1,2025,Re_Veg Parcels 2025 IND_BLK_TIN_BGP_BIS_LAW.xlsx,100.36,201,0.5,gis_post_distance,0.4975124378109453
LAW118,LAW,118,10.1-10.2,SATR12,0,2025,Re_Veg Parcels 2025 IND_BLK_TIN_BGP_BIS_LAW.xlsx,100.47,201,0.5,gis_post_distance,0
LAW118,LAW,118,10.2-10.0,SATR12,0,2025,Re_Veg Parcels 2025 IND_BLK_TIN_BGP_BIS_LAW.xlsx,98.9,198,0.5,gis_post_distance,0
LAW118,LAW,118,A1.2-A1.0,DISP,0,2025,Re_Veg Parcels 2025 IND_BLK_TIN_BGP_BIS_LAW.xlsx,98.68,197,0.5,gis_post_distance,0
LAW118,LAW,118,A2.2-A2.0,DISP,0,2025,Re_Veg Parcels 2025 IND_BLK_TIN_BGP_BIS_LAW.xlsx,96.4,193,0.5,gis_post_distance,0
LAW118,LAW,118,A3.2-A3.0,DISP,0,2025,Re_Veg Parcels 2025 IND_BLK_TIN_BGP_BIS_LAW.xlsx,100.55,201,0.5,gis_post_distance,0
LAW118,LAW,118,A4.1-A4.2,DISP,4,2025,Re_Veg Parcels 2025 IND_BLK_TIN_BGP_BIS_LAW.xlsx,98.89,198,0.5,gis_post_distance,2.0202020202020203
LAW118,LAW,118,A4.2-A4.0,DISP,0,2025,Re_Veg Parcels 2025 IND_BLK_TIN_BGP_BIS_LAW.xlsx,98.52,197,0.5,gis_post_distance,0
LAW118,LAW,118,1.1-1.0,DISP,0,2025,Re_Veg Parcels 2025 IND_BLK_TIN_BGP_BIS_LAW.xlsx,57.81,116,0.5,gis_post_distance,0
LAW118,LAW,118,2.1-2.0,DISP,0,2025,Re_Veg Parcels 2025 IND_BLK_TIN_BGP_BIS_LAW.xlsx,74.94,150,0.5,gis_post_distance,0
LAW118,LAW,118,3.1-3.0,DISP,0,2025,Re_Veg Parcels 2025 IND_BLK_TIN_BGP_BIS_LAW.xlsx,100.51,201,0.5,gis_post_distance,0
LAW118,LAW,118,4.1-4.0,DISP,0,2025,Re_Veg Parcels 2025 IND_BLK_TIN_BGP_BIS_LAW.xlsx,101.43,203,0.5,gis_post_distance,0
LAW118,LAW,118,5.1-5.2,DISP,0,2025,Re_Veg Parcels 2025 IND_BLK_TIN_BGP_BIS_LAW.xlsx,100.47,201,0.5,gis_post_distance,0
LAW118,LAW,118,5.2-5.0,DISP,0,2025,Re_Veg Parcels 2025 IND_BLK_TIN_BGP_BIS_LAW.xlsx,100.11,200,0.5,gis_post_distance,0
LAW118,LAW,118,6.1-6.2,DISP,0,2025,Re_Veg Parcels 2025 IND_BLK_TIN_BGP_BIS_LAW.xlsx,97.2,194,0.5,gis_post_distance,0
LAW118,LAW,118,6.2-6.0,DISP,0,2025,Re_Veg Parcels 2025 IND_BLK_TIN_BGP_BIS_LAW.xlsx,104.44,209,0.5,gis_post_distance,0
LAW118,LAW,118,7.1-7.2,DISP,0,2025,Re_Veg Parcels 2025 IND_BLK_TIN_BGP_BIS_LAW.xlsx,99.34,199,0.5,gis_post_distance,0
LAW118,LAW,118,7.2-7.0,DISP,0,2025,Re_Veg Parcels 2025 IND_BLK_TIN_BGP_BIS_LAW.xlsx,100.52,201,0.5,gis_post_distance,0
LAW118,LAW,118,8.1-8.2,DISP,0,2025,Re_Veg Parcels 2025 IND_BLK_TIN_BGP_BIS_LAW.xlsx,100.08,200,0.5,gis_post_distance,0
LAW118,LAW,118,8.2-8.0,DISP,1,2025,Re_Veg Parcels 2025 IND_BLK_TIN_BGP_BIS_LAW.xlsx,101.13,202,0.5,gis_post_distance,0.49504950495049505
LAW118,LAW,118,9.1-9.2,DISP,45,2025,Re_Veg Parcels 2025 IND_BLK_TIN_BGP_BIS_LAW.xlsx,98.92,198,0.5,gis_post_distance,22.727272727272727
LAW118,LAW,118,9.2-9.0,DISP,2,2025,Re_Veg Parcels 2025 IND_BLK_TIN_BGP_BIS_LAW.xlsx,100.36,201,0.5,gis_post_distance,0.9950248756218906
LAW118,LAW,118,10.1-10.2,DISP,5,2025,Re_Veg Parcels 2025 IND_BLK_TIN_BGP_BIS_LAW.xlsx,100.47,201,0.5,gis_post_distance,2.4875621890547266
LAW118,LAW,118,10.2-10.0,DISP,0,2025,Re_Veg Parcels 2025 IND_BLK_TIN_BGP_BIS_LAW.xlsx,98.9,198,0.5,gis_post_distance,0
LAW118,LAW,118,A1.2-A1.0,POFR2,0,2025,Re_Veg Parcels 2025 IND_BLK_TIN_BGP_BIS_LAW.xlsx,98.68,197,0.5,gis_post_distance,0
LAW118,LAW,118,A2.2-A2.0,POFR2,0,2025,Re_Veg Parcels 2025 IND_BLK_TIN_BGP_BIS_LAW.xlsx,96.4,193,0.5,gis_post_distance,0
LAW118,LAW,118,A3.2-A3.0,POFR2,0,2025,Re_Veg Parcels 2025 IND_BLK_TIN_BGP_BIS_LAW.xlsx,100.55,201,0.5,gis_post_distance,0
LAW118,LAW,118,A4.1-A4.2,POFR2,0,2025,Re_Veg Parcels 2025 IND_BLK_TIN_BGP_BIS_LAW.xlsx,98.89,198,0.5,gis_post_distance,0
LAW118,LAW,118,A4.2-A4.0,POFR2,0,2025,Re_Veg Parcels 2025 IND_BLK_TIN_BGP_BIS_LAW.xlsx,98.52,197,0.5,gis_post_distance,0
LAW118,LAW,118,1.1-1.0,POFR2,0,2025,Re_Veg Parcels 2025 IND_BLK_TIN_BGP_BIS_LAW.xlsx,57.81,116,0.5,gis_post_distance,0
LAW118,LAW,118,2.1-2.0,POFR2,0,2025,Re_Veg Parcels 2025 IND_BLK_TIN_BGP_BIS_LAW.xlsx,74.94,150,0.5,gis_post_distance,0
LAW118,LAW,118,3.1-3.0,POFR2,0,2025,Re_Veg Parcels 2025 IND_BLK_TIN_BGP_BIS_LAW.xlsx,100.51,201,0.5,gis_post_distance,0
LAW118,LAW,118,4.1-4.0,POFR2,0,2025,Re_Veg Parcels 2025 IND_BLK_TIN_BGP_BIS_LAW.xlsx,101.43,203,0.5,gis_post_distance,0
LAW118,LAW,118,5.1-5.2,POFR2,0,2025,Re_Veg Parcels 2025 IND_BLK_TIN_BGP_BIS_LAW.xlsx,100.47,201,0.5,gis_post_distance,0
LAW118,LAW,118,5.2-5.0,POFR2,0,2025,Re_Veg Parcels 2025 IND_BLK_TIN_BGP_BIS_LAW.xlsx,100.11,200,0.5,gis_post_distance,0
LAW118,LAW,118,6.1-6.2,POFR2,0,2025,Re_Veg Parcels 2025 IND_BLK_TIN_BGP_BIS_LAW.xlsx,97.2,194,0.5,gis_post_distance,0
LAW118,LAW,118,6.2-6.0,POFR2,0,2025,Re_Veg Parcels 2025 IND_BLK_TIN_BGP_BIS_LAW.xlsx,104.44,209,0.5,gis_post_distance,0
LAW118,LAW,118,7.1-7.2,POFR2,0,2025,Re_Veg Parcels 2025 IND_BLK_TIN_BGP_BIS_LAW.xlsx,99.34,199,0.5,gis_post_distance,0
LAW118,LAW,118,7.2-7.0,POFR2,0,2025,Re_Veg Parcels 2025 IND_BLK_TIN_BGP_BIS_LAW.xlsx,100.52,201,0.5,gis_post_distance,0
LAW118,LAW,118,8.1-8.2,POFR2,14,2025,Re_Veg Parcels 2025 IND_BLK_TIN_BGP_BIS_LAW.xlsx,100.08,200,0.5,gis_post_distance,7.000000000000001
LAW118,LAW,118,8.2-8.0,POFR2,0,2025,Re_Veg Parcels 2025 IND_BLK_TIN_BGP_BIS_LAW.xlsx,101.13,202,0.5,gis_post_distance,0
LAW118,LAW,118,9.1-9.2,POFR2,0,2025,Re_Veg Parcels 2025 IND_BLK_TIN_BGP_BIS_LAW.xlsx,98.92,198,0.5,gis_post_distance,0
LAW118,LAW,118,9.2-9.0,POFR2,19,2025,Re_Veg Parcels 2025 IND_BLK_TIN_BGP_BIS_LAW.xlsx,100.36,201,0.5,gis_post_distance,9.45273631840796
LAW118,LAW,118,10.1-10.2,POFR2,2,2025,Re_Veg Parcels 2025 IND_BLK_TIN_BGP_BIS_LAW.xlsx,100.47,201,0.5,gis_post_distance,0.9950248756218906
LAW118,LAW,118,10.2-10.0,POFR2,2,2025,Re_Veg Parcels 2025 IND_BLK_TIN_BGP_BIS_LAW.xlsx,98.9,198,0.5,gis_post_distance,1.0101010101010102
LAW118,LAW,118,A1.2-A1.0,ELTR3,0,2025,Re_Veg Parcels 2025 IND_BLK_TIN_BGP_BIS_LAW.xlsx,98.68,197,0.5,gis_post_distance,0
LAW118,LAW,118,A2.2-A2.0,ELTR3,0,2025,Re_Veg Parcels 2025 IND_BLK_TIN_BGP_BIS_LAW.xlsx,96.4,193,0.5,gis_post_distance,0
LAW118,LAW,118,A3.2-A3.0,ELTR3,0,2025,Re_Veg Parcels 2025 IND_BLK_TIN_BGP_BIS_LAW.xlsx,100.55,201,0.5,gis_post_distance,0
LAW118,LAW,118,A4.1-A4.2,ELTR3,0,2025,Re_Veg Parcels 2025 IND_BLK_TIN_BGP_BIS_LAW.xlsx,98.89,198,0.5,gis_post_distance,0
LAW118,LAW,118,A4.2-A4.0,ELTR3,0,2025,Re_Veg Parcels 2025 IND_BLK_TIN_BGP_BIS_LAW.xlsx,98.52,197,0.5,gis_post_distance,0
LAW118,LAW,118,1.1-1.0,ELTR3,0,2025,Re_Veg Parcels 2025 IND_BLK_TIN_BGP_BIS_LAW.xlsx,57.81,116,0.5,gis_post_distance,0
LAW118,LAW,118,2.1-2.0,ELTR3,0,2025,Re_Veg Parcels 2025 IND_BLK_TIN_BGP_BIS_LAW.xlsx,74.94,150,0.5,gis_post_distance,0
LAW118,LAW,118,3.1-3.0,ELTR3,0,2025,Re_Veg Parcels 2025 IND_BLK_TIN_BGP_BIS_LAW.xlsx,100.51,201,0.5,gis_post_distance,0
LAW118,LAW,118,4.1-4.0,ELTR3,0,2025,Re_Veg Parcels 2025 IND_BLK_TIN_BGP_BIS_LAW.xlsx,101.43,203,0.5,gis_post_distance,0
LAW118,LAW,118,5.1-5.2,ELTR3,0,2025,Re_Veg Parcels 2025 IND_BLK_TIN_BGP_BIS_LAW.xlsx,100.47,201,0.5,gis_post_distance,0
LAW118,LAW,118,5.2-5.0,ELTR3,0,2025,Re_Veg Parcels 2025 IND_BLK_TIN_BGP_BIS_LAW.xlsx,100.11,200,0.5,gis_post_distance,0
LAW118,LAW,118,6.1-6.2,ELTR3,0,2025,Re_Veg Parcels 2025 IND_BLK_TIN_BGP_BIS_LAW.xlsx,97.2,194,0.5,gis_post_distance,0
LAW118,LAW,118,6.2-6.0,ELTR3,0,2025,Re_Veg Parcels 2025 IND_BLK_TIN_BGP_BIS_LAW.xlsx,104.44,209,0.5,gis_post_distance,0
LAW118,LAW,118,7.1-7.2,ELTR3,0,2025,Re_Veg Parcels 2025 IND_BLK_TIN_BGP_BIS_LAW.xlsx,99.34,199,0.5,gis_post_distance,0
LAW118,LAW,118,7.2-7.0,ELTR3,0,2025,Re_Veg Parcels 2025 IND_BLK_TIN_BGP_BIS_LAW.xlsx,100.52,201,0.5,gis_post_distance,0
LAW118,LAW,118,8.1-8.2,ELTR3,0,2025,Re_Veg Parcels 2025 IND_BLK_TIN_BGP_BIS_LAW.xlsx,100.08,200,0.5,gis_post_distance,0
LAW118,LAW,118,8.2-8.0,ELTR3,0,2025,Re_Veg Parcels 2025 IND_BLK_TIN_BGP_BIS_LAW.xlsx,101.13,202,0.5,gis_post_distance,0
LAW118,LAW,118,9.1-9.2,ELTR3,4,2025,Re_Veg Parcels 2025 IND_BLK_TIN_BGP_BIS_LAW.xlsx,98.92,198,0.5,gis_post_distance,2.0202020202020203
LAW118,LAW,118,9.2-9.0,ELTR3,0,2025,Re_Veg Parcels 2025 IND_BLK_TIN_BGP_BIS_LAW.xlsx,100.36,201,0.5,gis_post_distance,0
LAW118,LAW,118,10.1-10.2,ELTR3,24,2025,Re_Veg Parcels 2025 IND_BLK_TIN_BGP_BIS_LAW.xlsx,100.47,201,0.5,gis_post_distance,11.940298507462686
LAW118,LAW,118,10.2-10.0,ELTR3,2,2025,Re_Veg Parcels 2025 IND_BLK_TIN_BGP_BIS_LAW.xlsx,98.9,198,0.5,gis_post_distance,1.0101010101010102
LAW118,LAW,118,A1.2-A1.0,MESA,0,2025,Re_Veg Parcels 2025 IND_BLK_TIN_BGP_BIS_LAW.xlsx,98.68,197,0.5,gis_post_distance,0
LAW118,LAW,118,A2.2-A2.0,MESA,0,2025,Re_Veg Parcels 2025 IND_BLK_TIN_BGP_BIS_LAW.xlsx,96.4,193,0.5,gis_post_distance,0
LAW118,LAW,118,A3.2-A3.0,MESA,0,2025,Re_Veg Parcels 2025 IND_BLK_TIN_BGP_BIS_LAW.xlsx,100.55,201,0.5,gis_post_distance,0
LAW118,LAW,118,A4.1-A4.2,MESA,0,2025,Re_Veg Parcels 2025 IND_BLK_TIN_BGP_BIS_LAW.xlsx,98.89,198,0.5,gis_post_distance,0
LAW118,LAW,118,A4.2-A4.0,MESA,0,2025,Re_Veg Parcels 2025 IND_BLK_TIN_BGP_BIS_LAW.xlsx,98.52,197,0.5,gis_post_distance,0
LAW118,LAW,118,1.1-1.0,MESA,0,2025,Re_Veg Parcels 2025 IND_BLK_TIN_BGP_BIS_LAW.xlsx,57.81,116,0.5,gis_post_distance,0
LAW118,LAW,118,2.1-2.0,MESA,0,2025,Re_Veg Parcels 2025 IND_BLK_TIN_BGP_BIS_LAW.xlsx,74.94,150,0.5,gis_post_distance,0
LAW118,LAW,118,3.1-3.0,MESA,0,2025,Re_Veg Parcels 2025 IND_BLK_TIN_BGP_BIS_LAW.xlsx,100.51,201,0.5,gis_post_distance,0
LAW118,LAW,118,4.1-4.0,MESA,0,2025,Re_Veg Parcels 2025 IND_BLK_TIN_BGP_BIS_LAW.xlsx,101.43,203,0.5,gis_post_distance,0
LAW118,LAW,118,5.1-5.2,MESA,0,2025,Re_Veg Parcels 2025 IND_BLK_TIN_BGP_BIS_LAW.xlsx,100.47,201,0.5,gis_post_distance,0
LAW118,LAW,118,5.2-5.0,MESA,0,2025,Re_Veg Parcels 2025 IND_BLK_TIN_BGP_BIS_LAW.xlsx,100.11,200,0.5,gis_post_distance,0
LAW118,LAW,118,6.1-6.2,MESA,0,2025,Re_Veg Parcels 2025 IND_BLK_TIN_BGP_BIS_LAW.xlsx,97.2,194,0.5,gis_post_distance,0
LAW118,LAW,118,6.2-6.0,MESA,0,2025,Re_Veg Parcels 2025 IND_BLK_TIN_BGP_BIS_LAW.xlsx,104.44,209,0.5,gis_post_distance,0
LAW118,LAW,118,7.1-7.2,MESA,0,2025,Re_Veg Parcels 2025 IND_BLK_TIN_BGP_BIS_LAW.xlsx,99.34,199,0.5,gis_post_distance,0
LAW118,LAW,118,7.2-7.0,MESA,0,2025,Re_Veg Parcels 2025 IND_BLK_TIN_BGP_BIS_LAW.xlsx,100.52,201,0.5,gis_post_distance,0
LAW118,LAW,118,8.1-8.2,MESA,0,2025,Re_Veg Parcels 2025 IND_BLK_TIN_BGP_BIS_LAW.xlsx,100.08,200,0.5,gis_post_distance,0
LAW118,LAW,118,8.2-8.0,MESA,0,2025,Re_Veg Parcels 2025 IND_BLK_TIN_BGP_BIS_LAW.xlsx,101.13,202,0.5,gis_post_distance,0
LAW118,LAW,118,9.1-9.2,MESA,0,2025,Re_Veg Parcels 2025 IND_BLK_TIN_BGP_BIS_LAW.xlsx,98.92,198,0.5,gis_post_distance,0
LAW118,LAW,118,9.2-9.0,MESA,1,2025,Re_Veg Parcels 2025 IND_BLK_TIN_BGP_BIS_LAW.xlsx,100.36,201,0.5,gis_post_distance,0.4975124378109453
LAW118,LAW,118,10.1-10.2,MESA,0,2025,Re_Veg Parcels 2025 IND_BLK_TIN_BGP_BIS_LAW.xlsx,100.47,201,0.5,gis_post_distance,0
LAW118,LAW,118,10.2-10.0,MESA,24,2025,Re_Veg Parcels 2025 IND_BLK_TIN_BGP_BIS_LAW.xlsx,98.9,198,0.5,gis_post_distance,12.121212121212121
LAW118,LAW,118,A1.2-A1.0,BAHY,4,2025,Re_Veg Parcels 2025 IND_BLK_TIN_BGP_BIS_LAW.xlsx,98.68,197,0.5,gis_post_distance,2.030456852791878
LAW118,LAW,118,A2.2-A2.0,BAHY,0,2025,Re_Veg Parcels 2025 IND_BLK_TIN_BGP_BIS_LAW.xlsx,96.4,193,0.5,gis_post_distance,0
LAW118,LAW,118,A3.2-A3.0,BAHY,0,2025,Re_Veg Parcels 2025 IND_BLK_TIN_BGP_BIS_LAW.xlsx,100.55,201,0.5,gis_post_distance,0
LAW118,LAW,118,A4.1-A4.2,BAHY,7,2025,Re_Veg Parcels 2025 IND_BLK_TIN_BGP_BIS_LAW.xlsx,98.89,198,0.5,gis_post_distance,3.535353535353535
LAW118,LAW,118,A4.2-A4.0,BAHY,0,2025,Re_Veg Parcels 2025 IND_BLK_TIN_BGP_BIS_LAW.xlsx,98.52,197,0.5,gis_post_distance,0
LAW118,LAW,118,1.1-1.0,BAHY,0,2025,Re_Veg Parcels 2025 IND_BLK_TIN_BGP_BIS_LAW.xlsx,57.81,116,0.5,gis_post_distance,0
LAW118,LAW,118,2.1-2.0,BAHY,0,2025,Re_Veg Parcels 2025 IND_BLK_TIN_BGP_BIS_LAW.xlsx,74.94,150,0.5,gis_post_distance,0
LAW118,LAW,118,3.1-3.0,BAHY,0,2025,Re_Veg Parcels 2025 IND_BLK_TIN_BGP_BIS_LAW.xlsx,100.51,201,0.5,gis_post_distance,0
LAW118,LAW,118,4.1-4.0,BAHY,0,2025,Re_Veg Parcels 2025 IND_BLK_TIN_BGP_BIS_LAW.xlsx,101.43,203,0.5,gis_post_distance,0
LAW118,LAW,118,5.1-5.2,BAHY,0,2025,Re_Veg Parcels 2025 IND_BLK_TIN_BGP_BIS_LAW.xlsx,100.47,201,0.5,gis_post_distance,0
LAW118,LAW,118,5.2-5.0,BAHY,0,2025,Re_Veg Parcels 2025 IND_BLK_TIN_BGP_BIS_LAW.xlsx,100.11,200,0.5,gis_post_distance,0
LAW118,LAW,118,6.1-6.2,BAHY,0,2025,Re_Veg Parcels 2025 IND_BLK_TIN_BGP_BIS_LAW.xlsx,97.2,194,0.5,gis_post_distance,0
LAW118,LAW,118,6.2-6.0,BAHY,0,2025,Re_Veg Parcels 2025 IND_BLK_TIN_BGP_BIS_LAW.xlsx,104.44,209,0.5,gis_post_distance,0
LAW118,LAW,118,7.1-7.2,BAHY,1,2025,Re_Veg Parcels 2025 IND_BLK_TIN_BGP_BIS_LAW.xlsx,99.34,199,0.5,gis_post_distance,0.5025125628140703
LAW118,LAW,118,7.2-7.0,BAHY,1,2025,Re_Veg Parcels 2025 IND_BLK_TIN_BGP_BIS_LAW.xlsx,100.52,201,0.5,gis_post_distance,0.4975124378109453
LAW118,LAW,118,8.1-8.2,BAHY,0,2025,Re_Veg Parcels 2025 IND_BLK_TIN_BGP_BIS_LAW.xlsx,100.08,200,0.5,gis_post_distance,0
LAW118,LAW,118,8.2-8.0,BAHY,1,2025,Re_Veg Parcels 2025 IND_BLK_TIN_BGP_BIS_LAW.xlsx,101.13,202,0.5,gis_post_distance,0.49504950495049505
LAW118,LAW,118,9.1-9.2,BAHY,0,2025,Re_Veg Parcels 2025 IND_BLK_TIN_BGP_BIS_LAW.xlsx,98.92,198,0.5,gis_post_distance,0
LAW118,LAW,118,9.2-9.0,BAHY,4,2025,Re_Veg Parcels 2025 IND_BLK_TIN_BGP_BIS_LAW.xlsx,100.36,201,0.5,gis_post_distance,1.9900497512437811
LAW118,LAW,118,10.1-10.2,BAHY,0,2025,Re_Veg Parcels 2025 IND_BLK_TIN_BGP_BIS_LAW.xlsx,100.47,201,0.5,gis_post_distance,0
LAW118,LAW,118,10.2-10.0,BAHY,0,2025,Re_Veg Parcels 2025 IND_BLK_TIN_BGP_BIS_LAW.xlsx,98.9,198,0.5,gis_post_distance,0
LAW118,LAW,118,A1.2-A1.0,ROPS,11,2025,Re_Veg Parcels 2025 IND_BLK_TIN_BGP_BIS_LAW.xlsx,98.68,197,0.5,gis_post_distance,5.583756345177665
LAW118,LAW,118,A2.2-A2.0,ROPS,0,2025,Re_Veg Parcels 2025 IND_BLK_TIN_BGP_BIS_LAW.xlsx,96.4,193,0.5,gis_post_distance,0
LAW118,LAW,118,A3.2-A3.0,ROPS,0,2025,Re_Veg Parcels 2025 IND_BLK_TIN_BGP_BIS_LAW.xlsx,100.55,201,0.5,gis_post_distance,0
LAW118,LAW,118,A4.1-A4.2,ROPS,0,2025,Re_Veg Parcels 2025 IND_BLK_TIN_BGP_BIS_LAW.xlsx,98.89,198,0.5,gis_post_distance,0
LAW118,LAW,118,A4.2-A4.0,ROPS,0,2025,Re_Veg Parcels 2025 IND_BLK_TIN_BGP_BIS_LAW.xlsx,98.52,197,0.5,gis_post_distance,0
LAW118,LAW,118,1.1-1.0,ROPS,0,2025,Re_Veg Parcels 2025 IND_BLK_TIN_BGP_BIS_LAW.xlsx,57.81,116,0.5,gis_post_distance,0
LAW118,LAW,118,2.1-2.0,ROPS,0,2025,Re_Veg Parcels 2025 IND_BLK_TIN_BGP_BIS_LAW.xlsx,74.94,150,0.5,gis_post_distance,0
LAW118,LAW,118,3.1-3.0,ROPS,0,2025,Re_Veg Parcels 2025 IND_BLK_TIN_BGP_BIS_LAW.xlsx,100.51,201,0.5,gis_post_distance,0
LAW118,LAW,118,4.1-4.0,ROPS,0,2025,Re_Veg Parcels 2025 IND_BLK_TIN_BGP_BIS_LAW.xlsx,101.43,203,0.5,gis_post_distance,0
LAW118,LAW,118,5.1-5.2,ROPS,0,2025,Re_Veg Parcels 2025 IND_BLK_TIN_BGP_BIS_LAW.xlsx,100.47,201,0.5,gis_post_distance,0
LAW118,LAW,118,5.2-5.0,ROPS,0,2025,Re_Veg Parcels 2025 IND_BLK_TIN_BGP_BIS_LAW.xlsx,100.11,200,0.5,gis_post_distance,0
LAW118,LAW,118,6.1-6.2,ROPS,0,2025,Re_Veg Parcels 2025 IND_BLK_TIN_BGP_BIS_LAW.xlsx,97.2,194,0.5,gis_post_distance,0
LAW118,LAW,118,6.2-6.0,ROPS,0,2025,Re_Veg Parcels 2025 IND_BLK_TIN_BGP_BIS_LAW.xlsx,104.44,209,0.5,gis_post_distance,0
LAW118,LAW,118,7.1-7.2,ROPS,0,2025,Re_Veg Parcels 2025 IND_BLK_TIN_BGP_BIS_LAW.xlsx,99.34,199,0.5,gis_post_distance,0
LAW118,LAW,118,7.2-7.0,ROPS,0,2025,Re_Veg Parcels 2025 IND_BLK_TIN_BGP_BIS_LAW.xlsx,100.52,201,0.5,gis_post_distance,0
LAW118,LAW,118,8.1-8.2,ROPS,0,2025,Re_Veg Parcels 2025 IND_BLK_TIN_BGP_BIS_LAW.xlsx,100.08,200,0.5,gis_post_distance,0
LAW118,LAW,118,8.2-8.0,ROPS,0,2025,Re_Veg Parcels 2025 IND_BLK_TIN_BGP_BIS_LAW.xlsx,101.13,202,0.5,gis_post_distance,0
LAW118,LAW,118,9.1-9.2,ROPS,0,2025,Re_Veg Parcels 2025 IND_BLK_TIN_BGP_BIS_LAW.xlsx,98.92,198,0.5,gis_post_distance,0
LAW118,LAW,118,9.2-9.0,ROPS,0,2025,Re_Veg Parcels 2025 IND_BLK_TIN_BGP_BIS_LAW.xlsx,100.36,201,0.5,gis_post_distance,0
LAW118,LAW,118,10.1-10.2,ROPS,0,2025,Re_Veg Parcels 2025 IND_BLK_TIN_BGP_BIS_LAW.xlsx,100.47,201,0.5,gis_post_distance,0
LAW118,LAW,118,10.2-10.0,ROPS,0,2025,Re_Veg Parcels 2025 IND_BLK_TIN_BGP_BIS_LAW.xlsx,98.9,198,0.5,gis_post_distance,0
LAW118,LAW,118,A1.2-A1.0,SYAS3,0,2025,Re_Veg Parcels 2025 IND_BLK_TIN_BGP_BIS_LAW.xlsx,98.68,197,0.5,gis_post_distance,0
LAW118,LAW,118,A2.2-A2.0,SYAS3,0,2025,Re_Veg Parcels 2025 IND_BLK_TIN_BGP_BIS_LAW.xlsx,96.4,193,0.5,gis_post_distance,0
LAW118,LAW,118,A3.2-A3.0,SYAS3,0,2025,Re_Veg Parcels 2025 IND_BLK_TIN_BGP_BIS_LAW.xlsx,100.55,201,0.5,gis_post_distance,0
LAW118,LAW,118,A4.1-A4.2,SYAS3,0,2025,Re_Veg Parcels 2025 IND_BLK_TIN_BGP_BIS_LAW.xlsx,98.89,198,0.5,gis_post_distance,0
LAW118,LAW,118,A4.2-A4.0,SYAS3,0,2025,Re_Veg Parcels 2025 IND_BLK_TIN_BGP_BIS_LAW.xlsx,98.52,197,0.5,gis_post_distance,0
LAW118,LAW,118,1.1-1.0,SYAS3,0,2025,Re_Veg Parcels 2025 IND_BLK_TIN_BGP_BIS_LAW.xlsx,57.81,116,0.5,gis_post_distance,0
LAW118,LAW,118,2.1-2.0,SYAS3,0,2025,Re_Veg Parcels 2025 IND_BLK_TIN_BGP_BIS_LAW.xlsx,74.94,150,0.5,gis_post_distance,0
LAW118,LAW,118,3.1-3.0,SYAS3,0,2025,Re_Veg Parcels 2025 IND_BLK_TIN_BGP_BIS_LAW.xlsx,100.51,201,0.5,gis_post_distance,0
LAW118,LAW,118,4.1-4.0,SYAS3,0,2025,Re_Veg Parcels 2025 IND_BLK_TIN_BGP_BIS_LAW.xlsx,101.43,203,0.5,gis_post_distance,0
LAW118,LAW,118,5.1-5.2,SYAS3,0,2025,Re_Veg Parcels 2025 IND_BLK_TIN_BGP_BIS_LAW.xlsx,100.47,201,0.5,gis_post_distance,0
LAW118,LAW,118,5.2-5.0,SYAS3,0,2025,Re_Veg Parcels 2025 IND_BLK_TIN_BGP_BIS_LAW.xlsx,100.11,200,0.5,gis_post_distance,0
LAW118,LAW,118,6.1-6.2,SYAS3,0,2025,Re_Veg Parcels 2025 IND_BLK_TIN_BGP_BIS_LAW.xlsx,97.2,194,0.5,gis_post_distance,0
LAW118,LAW,118,6.2-6.0,SYAS3,0,2025,Re_Veg Parcels 2025 IND_BLK_TIN_BGP_BIS_LAW.xlsx,104.44,209,0.5,gis_post_distance,0
LAW118,LAW,118,7.1-7.2,SYAS3,0,2025,Re_Veg Parcels 2025 IND_BLK_TIN_BGP_BIS_LAW.xlsx,99.34,199,0.5,gis_post_distance,0
LAW118,LAW,118,7.2-7.0,SYAS3,0,2025,Re_Veg Parcels 2025 IND_BLK_TIN_BGP_BIS_LAW.xlsx,100.52,201,0.5,gis_post_distance,0
LAW118,LAW,118,8.1-8.2,SYAS3,0,2025,Re_Veg Parcels 2025 IND_BLK_TIN_BGP_BIS_LAW.xlsx,100.08,200,0.5,gis_post_distance,0
LAW118,LAW,118,8.2-8.0,SYAS3,0,2025,Re_Veg Parcels 2025 IND_BLK_TIN_BGP_BIS_LAW.xlsx,101.13,202,0.5,gis_post_distance,0
LAW118,LAW,118,9.1-9.2,SYAS3,0,2025,Re_Veg Parcels 2025 IND_BLK_TIN_BGP_BIS_LAW.xlsx,98.92,198,0.5,gis_post_distance,0
LAW118,LAW,118,9.2-9.0,SYAS3,0,2025,Re_Veg Parcels 2025 IND_BLK_TIN_BGP_BIS_LAW.xlsx,100.36,201,0.5,gis_post_distance,0
LAW118,LAW,118,10.1-10.2,SYAS3,7,2025,Re_Veg Parcels 2025 IND_BLK_TIN_BGP_BIS_LAW.xlsx,100.47,201,0.5,gis_post_distance,3.482587064676617
LAW118,LAW,118,10.2-10.0,SYAS3,4,2025,Re_Veg Parcels 2025 IND_BLK_TIN_BGP_BIS_LAW.xlsx,98.9,198,0.5,gis_post_distance,2.0202020202020203
LAW118,LAW,118,A1.2-A1.0,ATPO,1,2025,Re_Veg Parcels 2025 IND_BLK_TIN_BGP_BIS_LAW.xlsx,98.68,197,0.5,gis_post_distance,0.5076142131979695
LAW118,LAW,118,A2.2-A2.0,ATPO,0,2025,Re_Veg Parcels 2025 IND_BLK_TIN_BGP_BIS_LAW.xlsx,96.4,193,0.5,gis_post_distance,0
LAW118,LAW,118,A3.2-A3.0,ATPO,0,2025,Re_Veg Parcels 2025 IND_BLK_TIN_BGP_BIS_LAW.xlsx,100.55,201,0.5,gis_post_distance,0
LAW118,LAW,118,A4.1-A4.2,ATPO,0,2025,Re_Veg Parcels 2025 IND_BLK_TIN_BGP_BIS_LAW.xlsx,98.89,198,0.5,gis_post_distance,0
LAW118,LAW,118,A4.2-A4.0,ATPO,0,2025,Re_Veg Parcels 2025 IND_BLK_TIN_BGP_BIS_LAW.xlsx,98.52,197,0.5,gis_post_distance,0
LAW118,LAW,118,1.1-1.0,ATPO,0,2025,Re_Veg Parcels 2025 IND_BLK_TIN_BGP_BIS_LAW.xlsx,57.81,116,0.5,gis_post_distance,0
LAW118,LAW,118,2.1-2.0,ATPO,0,2025,Re_Veg Parcels 2025 IND_BLK_TIN_BGP_BIS_LAW.xlsx,74.94,150,0.5,gis_post_distance,0
LAW118,LAW,118,3.1-3.0,ATPO,2,2025,Re_Veg Parcels 2025 IND_BLK_TIN_BGP_BIS_LAW.xlsx,100.51,201,0.5,gis_post_distance,0.9950248756218906
LAW118,LAW,118,4.1-4.0,ATPO,4,2025,Re_Veg Parcels 2025 IND_BLK_TIN_BGP_BIS_LAW.xlsx,101.43,203,0.5,gis_post_distance,1.9704433497536946
LAW118,LAW,118,5.1-5.2,ATPO,0,2025,Re_Veg Parcels 2025 IND_BLK_TIN_BGP_BIS_LAW.xlsx,100.47,201,0.5,gis_post_distance,0
LAW118,LAW,118,5.2-5.0,ATPO,0,2025,Re_Veg Parcels 2025 IND_BLK_TIN_BGP_BIS_LAW.xlsx,100.11,200,0.5,gis_post_distance,0
LAW118,LAW,118,6.1-6.2,ATPO,0,2025,Re_Veg Parcels 2025 IND_BLK_TIN_BGP_BIS_LAW.xlsx,97.2,194,0.5,gis_post_distance,0
LAW118,LAW,118,6.2-6.0,ATPO,0,2025,Re_Veg Parcels 2025 IND_BLK_TIN_BGP_BIS_LAW.xlsx,104.44,209,0.5,gis_post_distance,0
LAW118,LAW,118,7.1-7.2,ATPO,0,2025,Re_Veg Parcels 2025 IND_BLK_TIN_BGP_BIS_LAW.xlsx,99.34,199,0.5,gis_post_distance,0
LAW118,LAW,118,7.2-7.0,ATPO,0,2025,Re_Veg Parcels 2025 IND_BLK_TIN_BGP_BIS_LAW.xlsx,100.52,201,0.5,gis_post_distance,0
LAW118,LAW,118,8.1-8.2,ATPO,0,2025,Re_Veg Parcels 2025 IND_BLK_TIN_BGP_BIS_LAW.xlsx,100.08,200,0.5,gis_post_distance,0
LAW118,LAW,118,8.2-8.0,ATPO,0,2025,Re_Veg Parcels 2025 IND_BLK_TIN_BGP_BIS_LAW.xlsx,101.13,202,0.5,gis_post_distance,0
LAW118,LAW,118,9.1-9.2,ATPO,0,2025,Re_Veg Parcels 2025 IND_BLK_TIN_BGP_BIS_LAW.xlsx,98.92,198,0.5,gis_post_distance,0
LAW118,LAW,118,9.2-9.0,ATPO,0,2025,Re_Veg Parcels 2025 IND_BLK_TIN_BGP_BIS_LAW.xlsx,100.36,201,0.5,gis_post_distance,0
LAW118,LAW,118,10.1-10.2,ATPO,0,2025,Re_Veg Parcels 2025 IND_BLK_TIN_BGP_BIS_LAW.xlsx,100.47,201,0.5,gis_post_distance,0
LAW118,LAW,118,10.2-10.0,ATPO,0,2025,Re_Veg Parcels 2025 IND_BLK_TIN_BGP_BIS_LAW.xlsx,98.9,198,0.5,gis_post_distance,0
LAW118,LAW,118,A1.2-A1.0,IVAX,0,2025,Re_Veg Parcels 2025 IND_BLK_TIN_BGP_BIS_LAW.xlsx,98.68,197,0.5,gis_post_distance,0
LAW118,LAW,118,A2.2-A2.0,IVAX,0,2025,Re_Veg Parcels 2025 IND_BLK_TIN_BGP_BIS_LAW.xlsx,96.4,193,0.5,gis_post_distance,0
LAW118,LAW,118,A3.2-A3.0,IVAX,0,2025,Re_Veg Parcels 2025 IND_BLK_TIN_BGP_BIS_LAW.xlsx,100.55,201,0.5,gis_post_distance,0
LAW118,LAW,118,A4.1-A4.2,IVAX,0,2025,Re_Veg Parcels 2025 IND_BLK_TIN_BGP_BIS_LAW.xlsx,98.89,198,0.5,gis_post_distance,0
LAW118,LAW,118,A4.2-A4.0,IVAX,0,2025,Re_Veg Parcels 2025 IND_BLK_TIN_BGP_BIS_LAW.xlsx,98.52,197,0.5,gis_post_distance,0
LAW118,LAW,118,1.1-1.0,IVAX,0,2025,Re_Veg Parcels 2025 IND_BLK_TIN_BGP_BIS_LAW.xlsx,57.81,116,0.5,gis_post_distance,0
LAW118,LAW,118,2.1-2.0,IVAX,0,2025,Re_Veg Parcels 2025 IND_BLK_TIN_BGP_BIS_LAW.xlsx,74.94,150,0.5,gis_post_distance,0
LAW118,LAW,118,3.1-3.0,IVAX,0,2025,Re_Veg Parcels 2025 IND_BLK_TIN_BGP_BIS_LAW.xlsx,100.51,201,0.5,gis_post_distance,0
LAW118,LAW,118,4.1-4.0,IVAX,0,2025,Re_Veg Parcels 2025 IND_BLK_TIN_BGP_BIS_LAW.xlsx,101.43,203,0.5,gis_post_distance,0
LAW118,LAW,118,5.1-5.2,IVAX,1,2025,Re_Veg Parcels 2025 IND_BLK_TIN_BGP_BIS_LAW.xlsx,100.47,201,0.5,gis_post_distance,0.4975124378109453
LAW118,LAW,118,5.2-5.0,IVAX,0,2025,Re_Veg Parcels 2025 IND_BLK_TIN_BGP_BIS_LAW.xlsx,100.11,200,0.5,gis_post_distance,0
LAW118,LAW,118,6.1-6.2,IVAX,0,2025,Re_Veg Parcels 2025 IND_BLK_TIN_BGP_BIS_LAW.xlsx,97.2,194,0.5,gis_post_distance,0
LAW118,LAW,118,6.2-6.0,IVAX,0,2025,Re_Veg Parcels 2025 IND_BLK_TIN_BGP_BIS_LAW.xlsx,104.44,209,0.5,gis_post_distance,0
LAW118,LAW,118,7.1-7.2,IVAX,0,2025,Re_Veg Parcels 2025 IND_BLK_TIN_BGP_BIS_LAW.xlsx,99.34,199,0.5,gis_post_distance,0
LAW118,LAW,118,7.2-7.0,IVAX,0,2025,Re_Veg Parcels 2025 IND_BLK_TIN_BGP_BIS_LAW.xlsx,100.52,201,0.5,gis_post_distance,0
LAW118,LAW,118,8.1-8.2,IVAX,0,2025,Re_Veg Parcels 2025 IND_BLK_TIN_BGP_BIS_LAW.xlsx,100.08,200,0.5,gis_post_distance,0
LAW118,LAW,118,8.2-8.0,IVAX,2,2025,Re_Veg Parcels 2025 IND_BLK_TIN_BGP_BIS_LAW.xlsx,101.13,202,0.5,gis_post_distance,0.9900990099009901
LAW118,LAW,118,9.1-9.2,IVAX,0,2025,Re_Veg Parcels 2025 IND_BLK_TIN_BGP_BIS_LAW.xlsx,98.92,198,0.5,gis_post_distance,0
LAW118,LAW,118,9.2-9.0,IVAX,4,2025,Re_Veg Parcels 2025 IND_BLK_TIN_BGP_BIS_LAW.xlsx,100.36,201,0.5,gis_post_distance,1.9900497512437811
LAW118,LAW,118,10.1-10.2,IVAX,0,2025,Re_Veg Parcels 2025 IND_BLK_TIN_BGP_BIS_LAW.xlsx,100.47,201,0.5,gis_post_distance,0
LAW118,LAW,118,10.2-10.0,IVAX,0,2025,Re_Veg Parcels 2025 IND_BLK_TIN_BGP_BIS_LAW.xlsx,98.9,198,0.5,gis_post_distance,0
LAW118,LAW,118,A1.2-A1.0,ASFA,0,2025,Re_Veg Parcels 2025 IND_BLK_TIN_BGP_BIS_LAW.xlsx,98.68,197,0.5,gis_post_distance,0
LAW118,LAW,118,A2.2-A2.0,ASFA,0,2025,Re_Veg Parcels 2025 IND_BLK_TIN_BGP_BIS_LAW.xlsx,96.4,193,0.5,gis_post_distance,0
LAW118,LAW,118,A3.2-A3.0,ASFA,0,2025,Re_Veg Parcels 2025 IND_BLK_TIN_BGP_BIS_LAW.xlsx,100.55,201,0.5,gis_post_distance,0
LAW118,LAW,118,A4.1-A4.2,ASFA,0,2025,Re_Veg Parcels 2025 IND_BLK_TIN_BGP_BIS_LAW.xlsx,98.89,198,0.5,gis_post_distance,0
LAW118,LAW,118,A4.2-A4.0,ASFA,0,2025,Re_Veg Parcels 2025 IND_BLK_TIN_BGP_BIS_LAW.xlsx,98.52,197,0.5,gis_post_distance,0
LAW118,LAW,118,1.1-1.0,ASFA,0,2025,Re_Veg Parcels 2025 IND_BLK_TIN_BGP_BIS_LAW.xlsx,57.81,116,0.5,gis_post_distance,0
LAW118,LAW,118,2.1-2.0,ASFA,0,2025,Re_Veg Parcels 2025 IND_BLK_TIN_BGP_BIS_LAW.xlsx,74.94,150,0.5,gis_post_distance,0
LAW118,LAW,118,3.1-3.0,ASFA,0,2025,Re_Veg Parcels 2025 IND_BLK_TIN_BGP_BIS_LAW.xlsx,100.51,201,0.5,gis_post_distance,0
LAW118,LAW,118,4.1-4.0,ASFA,0,2025,Re_Veg Parcels 2025 IND_BLK_TIN_BGP_BIS_LAW.xlsx,101.43,203,0.5,gis_post_distance,0
LAW118,LAW,118,5.1-5.2,ASFA,0,2025,Re_Veg Parcels 2025 IND_BLK_TIN_BGP_BIS_LAW.xlsx,100.47,201,0.5,gis_post_distance,0
LAW118,LAW,118,5.2-5.0,ASFA,0,2025,Re_Veg Parcels 2025 IND_BLK_TIN_BGP_BIS_LAW.xlsx,100.11,200,0.5,gis_post_distance,0
LAW118,LAW,118,6.1-6.2,ASFA,0,2025,Re_Veg Parcels 2025 IND_BLK_TIN_BGP_BIS_LAW.xlsx,97.2,194,0.5,gis_post_distance,0
LAW118,LAW,118,6.2-6.0,ASFA,0,2025,Re_Veg Parcels 2025 IND_BLK_TIN_BGP_BIS_LAW.xlsx,104.44,209,0.5,gis_post_distance,0
LAW118,LAW,118,7.1-7.2,ASFA,0,2025,Re_Veg Parcels 2025 IND_BLK_TIN_BGP_BIS_LAW.xlsx,99.34,199,0.5,gis_post_distance,0
LAW118,LAW,118,7.2-7.0,ASFA,0,2025,Re_Veg Parcels 2025 IND_BLK_TIN_BGP_BIS_LAW.xlsx,100.52,201,0.5,gis_post_distance,0
LAW118,LAW,118,8.1-8.2,ASFA,0,2025,Re_Veg Parcels 2025 IND_BLK_TIN_BGP_BIS_LAW.xlsx,100.08,200,0.5,gis_post_distance,0
LAW118,LAW,118,8.2-8.0,ASFA,0,2025,Re_Veg Parcels 2025 IND_BLK_TIN_BGP_BIS_LAW.xlsx,101.13,202,0.5,gis_post_distance,0
LAW118,LAW,118,9.1-9.2,ASFA,4,2025,Re_Veg Parcels 2025 IND_BLK_TIN_BGP_BIS_LAW.xlsx,98.92,198,0.5,gis_post_distance,2.0202020202020203
LAW118,LAW,118,9.2-9.0,ASFA,0,2025,Re_Veg Parcels 2025 IND_BLK_TIN_BGP_BIS_LAW.xlsx,100.36,201,0.5,gis_post_distance,0
LAW118,LAW,118,10.1-10.2,ASFA,2,2025,Re_Veg Parcels 2025 IND_BLK_TIN_BGP_BIS_LAW.xlsx,100.47,201,0.5,gis_post_distance,0.9950248756218906
LAW118,LAW,118,10.2-10.0,ASFA,0,2025,Re_Veg Parcels 2025 IND_BLK_TIN_BGP_BIS_LAW.xlsx,98.9,198,0.5,gis_post_distance,0
LAW118,LAW,118,A1.2-A1.0,GRASS,0,2025,Re_Veg Parcels 2025 IND_BLK_TIN_BGP_BIS_LAW.xlsx,98.68,197,0.5,gis_post_distance,0
LAW118,LAW,118,A2.2-A2.0,GRASS,0,2025,Re_Veg Parcels 2025 IND_BLK_TIN_BGP_BIS_LAW.xlsx,96.4,193,0.5,gis_post_distance,0
LAW118,LAW,118,A3.2-A3.0,GRASS,0,2025,Re_Veg Parcels 2025 IND_BLK_TIN_BGP_BIS_LAW.xlsx,100.55,201,0.5,gis_post_distance,0
LAW118,LAW,118,A4.1-A4.2,GRASS,0,2025,Re_Veg Parcels 2025 IND_BLK_TIN_BGP_BIS_LAW.xlsx,98.89,198,0.5,gis_post_distance,0
LAW118,LAW,118,A4.2-A4.0,GRASS,0,2025,Re_Veg Parcels 2025 IND_BLK_TIN_BGP_BIS_LAW.xlsx,98.52,197,0.5,gis_post_distance,0
LAW118,LAW,118,1.1-1.0,GRASS,0,2025,Re_Veg Parcels 2025 IND_BLK_TIN_BGP_BIS_LAW.xlsx,57.81,116,0.5,gis_post_distance,0
LAW118,LAW,118,2.1-2.0,GRASS,0,2025,Re_Veg Parcels 2025 IND_BLK_TIN_BGP_BIS_LAW.xlsx,74.94,150,0.5,gis_post_distance,0
LAW118,LAW,118,3.1-3.0,GRASS,0,2025,Re_Veg Parcels 2025 IND_BLK_TIN_BGP_BIS_LAW.xlsx,100.51,201,0.5,gis_post_distance,0
LAW118,LAW,118,4.1-4.0,GRASS,0,2025,Re_Veg Parcels 2025 IND_BLK_TIN_BGP_BIS_LAW.xlsx,101.43,203,0.5,gis_post_distance,0
LAW118,LAW,118,5.1-5.2,GRASS,0,2025,Re_Veg Parcels 2025 IND_BLK_TIN_BGP_BIS_LAW.xlsx,100.47,201,0.5,gis_post_distance,0
LAW118,LAW,118,5.2-5.0,GRASS,0,2025,Re_Veg Parcels 2025 IND_BLK_TIN_BGP_BIS_LAW.xlsx,100.11,200,0.5,gis_post_distance,0
LAW118,LAW,118,6.1-6.2,GRASS,0,2025,Re_Veg Parcels 2025 IND_BLK_TIN_BGP_BIS_LAW.xlsx,97.2,194,0.5,gis_post_distance,0
LAW118,LAW,118,6.2-6.0,GRASS,0,2025,Re_Veg Parcels 2025 IND_BLK_TIN_BGP_BIS_LAW.xlsx,104.44,209,0.5,gis_post_distance,0
LAW118,LAW,118,7.1-7.2,GRASS,0,2025,Re_Veg Parcels 2025 IND_BLK_TIN_BGP_BIS_LAW.xlsx,99.34,199,0.5,gis_post_distance,0
LAW118,LAW,118,7.2-7.0,GRASS,0,2025,Re_Veg Parcels 2025 IND_BLK_TIN_BGP_BIS_LAW.xlsx,100.52,201,0.5,gis_post_distance,0
LAW118,LAW,118,8.1-8.2,GRASS,0,2025,Re_Veg Parcels 2025 IND_BLK_TIN_BGP_BIS_LAW.xlsx,100.08,200,0.5,gis_post_distance,0
LAW118,LAW,118,8.2-8.0,GRASS,0,2025,Re_Veg Parcels 2025 IND_BLK_TIN_BGP_BIS_LAW.xlsx,101.13,202,0.5,gis_post_distance,0
LAW118,LAW,118,9.1-9.2,GRASS,0,2025,Re_Veg Parcels 2025 IND_BLK_TIN_BGP_BIS_LAW.xlsx,98.92,198,0.5,gis_post_distance,0
LAW118,LAW,118,9.2-9.0,GRASS,0,2025,Re_Veg Parcels 2025 IND_BLK_TIN_BGP_BIS_LAW.xlsx,100.36,201,0.5,gis_post_distance,0
LAW118,LAW,118,10.1-10.2,GRASS,0,2025,Re_Veg Parcels 2025 IND_BLK_TIN_BGP_BIS_LAW.xlsx,100.47,201,0.5,gis_post_distance,0
LAW118,LAW,118,10.2-10.0,GRASS,6,2025,Re_Veg Parcels 2025 IND_BLK_TIN_BGP_BIS_LAW.xlsx,98.9,198,0.5,gis_post_distance,3.0303030303030303
LAW118,LAW,118,A1.2-A1.0,HEAN3,0,2025,Re_Veg Parcels 2025 IND_BLK_TIN_BGP_BIS_LAW.xlsx,98.68,197,0.5,gis_post_distance,0
LAW118,LAW,118,A2.2-A2.0,HEAN3,0,2025,Re_Veg Parcels 2025 IND_BLK_TIN_BGP_BIS_LAW.xlsx,96.4,193,0.5,gis_post_distance,0
LAW118,LAW,118,A3.2-A3.0,HEAN3,0,2025,Re_Veg Parcels 2025 IND_BLK_TIN_BGP_BIS_LAW.xlsx,100.55,201,0.5,gis_post_distance,0
LAW118,LAW,118,A4.1-A4.2,HEAN3,0,2025,Re_Veg Parcels 2025 IND_BLK_TIN_BGP_BIS_LAW.xlsx,98.89,198,0.5,gis_post_distance,0
LAW118,LAW,118,A4.2-A4.0,HEAN3,0,2025,Re_Veg Parcels 2025 IND_BLK_TIN_BGP_BIS_LAW.xlsx,98.52,197,0.5,gis_post_distance,0
LAW118,LAW,118,1.1-1.0,HEAN3,0,2025,Re_Veg Parcels 2025 IND_BLK_TIN_BGP_BIS_LAW.xlsx,57.81,116,0.5,gis_post_distance,0
LAW118,LAW,118,2.1-2.0,HEAN3,0,2025,Re_Veg Parcels 2025 IND_BLK_TIN_BGP_BIS_LAW.xlsx,74.94,150,0.5,gis_post_distance,0
LAW118,LAW,118,3.1-3.0,HEAN3,0,2025,Re_Veg Parcels 2025 IND_BLK_TIN_BGP_BIS_LAW.xlsx,100.51,201,0.5,gis_post_distance,0
LAW118,LAW,118,4.1-4.0,HEAN3,0,2025,Re_Veg Parcels 2025 IND_BLK_TIN_BGP_BIS_LAW.xlsx,101.43,203,0.5,gis_post_distance,0
LAW118,LAW,118,5.1-5.2,HEAN3,0,2025,Re_Veg Parcels 2025 IND_BLK_TIN_BGP_BIS_LAW.xlsx,100.47,201,0.5,gis_post_distance,0
LAW118,LAW,118,5.2-5.0,HEAN3,0,2025,Re_Veg Parcels 2025 IND_BLK_TIN_BGP_BIS_LAW.xlsx,100.11,200,0.5,gis_post_distance,0
LAW118,LAW,118,6.1-6.2,HEAN3,0,2025,Re_Veg Parcels 2025 IND_BLK_TIN_BGP_BIS_LAW.xlsx,97.2,194,0.5,gis_post_distance,0
LAW118,LAW,118,6.2-6.0,HEAN3,0,2025,Re_Veg Parcels 2025 IND_BLK_TIN_BGP_BIS_LAW.xlsx,104.44,209,0.5,gis_post_distance,0
LAW118,LAW,118,7.1-7.2,HEAN3,0,2025,Re_Veg Parcels 2025 IND_BLK_TIN_BGP_BIS_LAW.xlsx,99.34,199,0.5,gis_post_distance,0
LAW118,LAW,118,7.2-7.0,HEAN3,0,2025,Re_Veg Parcels 2025 IND_BLK_TIN_BGP_BIS_LAW.xlsx,100.52,201,0.5,gis_post_distance,0
LAW118,LAW,118,8.1-8.2,HEAN3,0,2025,Re_Veg Parcels 2025 IND_BLK_TIN_BGP_BIS_LAW.xlsx,100.08,200,0.5,gis_post_distance,0
LAW118,LAW,118,8.2-8.0,HEAN3,0,2025,Re_Veg Parcels 2025 IND_BLK_TIN_BGP_BIS_LAW.xlsx,101.13,202,0.5,gis_post_distance,0
LAW118,LAW,118,9.1-9.2,HEAN3,0,2025,Re_Veg Parcels 2025 IND_BLK_TIN_BGP_BIS_LAW.xlsx,98.92,198,0.5,gis_post_distance,0
LAW118,LAW,118,9.2-9.0,HEAN3,0,2025,Re_Veg Parcels 2025 IND_BLK_TIN_BGP_BIS_LAW.xlsx,100.36,201,0.5,gis_post_distance,0
LAW118,LAW,118,10.1-10.2,HEAN3,1,2025,Re_Veg Parcels 2025 IND_BLK_TIN_BGP_BIS_LAW.xlsx,100.47,201,0.5,gis_post_distance,0.4975124378109453
LAW118,LAW,118,10.2-10.0,HEAN3,5,2025,Re_Veg Parcels 2025 IND_BLK_TIN_BGP_BIS_LAW.xlsx,98.9,198,0.5,gis_post_distance,2.525252525252525
LAW118,LAW,118,A1.2-A1.0,LACO13,0,2025,Re_Veg Parcels 2025 IND_BLK_TIN_BGP_BIS_LAW.xlsx,98.68,197,0.5,gis_post_distance,0
LAW118,LAW,118,A2.2-A2.0,LACO13,0,2025,Re_Veg Parcels 2025 IND_BLK_TIN_BGP_BIS_LAW.xlsx,96.4,193,0.5,gis_post_distance,0
LAW118,LAW,118,A3.2-A3.0,LACO13,0,2025,Re_Veg Parcels 2025 IND_BLK_TIN_BGP_BIS_LAW.xlsx,100.55,201,0.5,gis_post_distance,0
LAW118,LAW,118,A4.1-A4.2,LACO13,0,2025,Re_Veg Parcels 2025 IND_BLK_TIN_BGP_BIS_LAW.xlsx,98.89,198,0.5,gis_post_distance,0
LAW118,LAW,118,A4.2-A4.0,LACO13,0,2025,Re_Veg Parcels 2025 IND_BLK_TIN_BGP_BIS_LAW.xlsx,98.52,197,0.5,gis_post_distance,0
LAW118,LAW,118,1.1-1.0,LACO13,0,2025,Re_Veg Parcels 2025 IND_BLK_TIN_BGP_BIS_LAW.xlsx,57.81,116,0.5,gis_post_distance,0
LAW118,LAW,118,2.1-2.0,LACO13,0,2025,Re_Veg Parcels 2025 IND_BLK_TIN_BGP_BIS_LAW.xlsx,74.94,150,0.5,gis_post_distance,0
LAW118,LAW,118,3.1-3.0,LACO13,0,2025,Re_Veg Parcels 2025 IND_BLK_TIN_BGP_BIS_LAW.xlsx,100.51,201,0.5,gis_post_distance,0
LAW118,LAW,118,4.1-4.0,LACO13,0,2025,Re_Veg Parcels 2025 IND_BLK_TIN_BGP_BIS_LAW.xlsx,101.43,203,0.5,gis_post_distance,0
LAW118,LAW,118,5.1-5.2,LACO13,0,2025,Re_Veg Parcels 2025 IND_BLK_TIN_BGP_BIS_LAW.xlsx,100.47,201,0.5,gis_post_distance,0
LAW118,LAW,118,5.2-5.0,LACO13,0,2025,Re_Veg Parcels 2025 IND_BLK_TIN_BGP_BIS_LAW.xlsx,100.11,200,0.5,gis_post_distance,0
LAW118,LAW,118,6.1-6.2,LACO13,0,2025,Re_Veg Parcels 2025 IND_BLK_TIN_BGP_BIS_LAW.xlsx,97.2,194,0.5,gis_post_distance,0
LAW118,LAW,118,6.2-6.0,LACO13,0,2025,Re_Veg Parcels 2025 IND_BLK_TIN_BGP_BIS_LAW.xlsx,104.44,209,0.5,gis_post_distance,0
LAW118,LAW,118,7.1-7.2,LACO13,1,2025,Re_Veg Parcels 2025 IND_BLK_TIN_BGP_BIS_LAW.xlsx,99.34,199,0.5,gis_post_distance,0.5025125628140703
LAW118,LAW,118,7.2-7.0,LACO13,0,2025,Re_Veg Parcels 2025 IND_BLK_TIN_BGP_BIS_LAW.xlsx,100.52,201,0.5,gis_post_distance,0
LAW118,LAW,118,8.1-8.2,LACO13,0,2025,Re_Veg Parcels 2025 IND_BLK_TIN_BGP_BIS_LAW.xlsx,100.08,200,0.5,gis_post_distance,0
LAW118,LAW,118,8.2-8.0,LACO13,0,2025,Re_Veg Parcels 2025 IND_BLK_TIN_BGP_BIS_LAW.xlsx,101.13,202,0.5,gis_post_distance,0
LAW118,LAW,118,9.1-9.2,LACO13,0,2025,Re_Veg Parcels 2025 IND_BLK_TIN_BGP_BIS_LAW.xlsx,98.92,198,0.5,gis_post_distance,0
LAW118,LAW,118,9.2-9.0,LACO13,4,2025,Re_Veg Parcels 2025 IND_BLK_TIN_BGP_BIS_LAW.xlsx,100.36,201,0.5,gis_post_distance,1.9900497512437811
LAW118,LAW,118,10.1-10.2,LACO13,0,2025,Re_Veg Parcels 2025 IND_BLK_TIN_BGP_BIS_LAW.xlsx,100.47,201,0.5,gis_post_distance,0
LAW118,LAW,118,10.2-10.0,LACO13,0,2025,Re_Veg Parcels 2025 IND_BLK_TIN_BGP_BIS_LAW.xlsx,98.9,198,0.5,gis_post_distance,0
LAW118,LAW,118,A1.2-A1.0,LELA2,0,2025,Re_Veg Parcels 2025 IND_BLK_TIN_BGP_BIS_LAW.xlsx,98.68,197,0.5,gis_post_distance,0
LAW118,LAW,118,A2.2-A2.0,LELA2,0,2025,Re_Veg Parcels 2025 IND_BLK_TIN_BGP_BIS_LAW.xlsx,96.4,193,0.5,gis_post_distance,0
LAW118,LAW,118,A3.2-A3.0,LELA2,0,2025,Re_Veg Parcels 2025 IND_BLK_TIN_BGP_BIS_LAW.xlsx,100.55,201,0.5,gis_post_distance,0
LAW118,LAW,118,A4.1-A4.2,LELA2,0,2025,Re_Veg Parcels 2025 IND_BLK_TIN_BGP_BIS_LAW.xlsx,98.89,198,0.5,gis_post_distance,0
LAW118,LAW,118,A4.2-A4.0,LELA2,0,2025,Re_Veg Parcels 2025 IND_BLK_TIN_BGP_BIS_LAW.xlsx,98.52,197,0.5,gis_post_distance,0
LAW118,LAW,118,1.1-1.0,LELA2,0,2025,Re_Veg Parcels 2025 IND_BLK_TIN_BGP_BIS_LAW.xlsx,57.81,116,0.5,gis_post_distance,0
LAW118,LAW,118,2.1-2.0,LELA2,0,2025,Re_Veg Parcels 2025 IND_BLK_TIN_BGP_BIS_LAW.xlsx,74.94,150,0.5,gis_post_distance,0
LAW118,LAW,118,3.1-3.0,LELA2,0,2025,Re_Veg Parcels 2025 IND_BLK_TIN_BGP_BIS_LAW.xlsx,100.51,201,0.5,gis_post_distance,0
LAW118,LAW,118,4.1-4.0,LELA2,0,2025,Re_Veg Parcels 2025 IND_BLK_TIN_BGP_BIS_LAW.xlsx,101.43,203,0.5,gis_post_distance,0
LAW118,LAW,118,5.1-5.2,LELA2,0,2025,Re_Veg Parcels 2025 IND_BLK_TIN_BGP_BIS_LAW.xlsx,100.47,201,0.5,gis_post_distance,0
LAW118,LAW,118,5.2-5.0,LELA2,0,2025,Re_Veg Parcels 2025 IND_BLK_TIN_BGP_BIS_LAW.xlsx,100.11,200,0.5,gis_post_distance,0
LAW118,LAW,118,6.1-6.2,LELA2,0,2025,Re_Veg Parcels 2025 IND_BLK_TIN_BGP_BIS_LAW.xlsx,97.2,194,0.5,gis_post_distance,0
LAW118,LAW,118,6.2-6.0,LELA2,0,2025,Re_Veg Parcels 2025 IND_BLK_TIN_BGP_BIS_LAW.xlsx,104.44,209,0.5,gis_post_distance,0
LAW118,LAW,118,7.1-7.2,LELA2,1,2025,Re_Veg Parcels 2025 IND_BLK_TIN_BGP_BIS_LAW.xlsx,99.34,199,0.5,gis_post_distance,0.5025125628140703
LAW118,LAW,118,7.2-7.0,LELA2,0,2025,Re_Veg Parcels 2025 IND_BLK_TIN_BGP_BIS_LAW.xlsx,100.52,201,0.5,gis_post_distance,0
LAW118,LAW,118,8.1-8.2,LELA2,0,2025,Re_Veg Parcels 2025 IND_BLK_TIN_BGP_BIS_LAW.xlsx,100.08,200,0.5,gis_post_distance,0
LAW118,LAW,118,8.2-8.0,LELA2,4,2025,Re_Veg Parcels 2025 IND_BLK_TIN_BGP_BIS_LAW.xlsx,101.13,202,0.5,gis_post_distance,1.9801980198019802
LAW118,LAW,118,9.1-9.2,LELA2,0,2025,Re_Veg Parcels 2025 IND_BLK_TIN_BGP_BIS_LAW.xlsx,98.92,198,0.5,gis_post_distance,0
LAW118,LAW,118,9.2-9.0,LELA2,0,2025,Re_Veg Parcels 2025 IND_BLK_TIN_BGP_BIS_LAW.xlsx,100.36,201,0.5,gis_post_distance,0
LAW118,LAW,118,10.1-10.2,LELA2,0,2025,Re_Veg Parcels 2025 IND_BLK_TIN_BGP_BIS_LAW.xlsx,100.47,201,0.5,gis_post_distance,0
LAW118,LAW,118,10.2-10.0,LELA2,0,2025,Re_Veg Parcels 2025 IND_BLK_TIN_BGP_BIS_LAW.xlsx,98.9,198,0.5,gis_post_distance,0
LAW118,LAW,118,A1.2-A1.0,TYLA,0,2025,Re_Veg Parcels 2025 IND_BLK_TIN_BGP_BIS_LAW.xlsx,98.68,197,0.5,gis_post_distance,0
LAW118,LAW,118,A2.2-A2.0,TYLA,0,2025,Re_Veg Parcels 2025 IND_BLK_TIN_BGP_BIS_LAW.xlsx,96.4,193,0.5,gis_post_distance,0
LAW118,LAW,118,A3.2-A3.0,TYLA,0,2025,Re_Veg Parcels 2025 IND_BLK_TIN_BGP_BIS_LAW.xlsx,100.55,201,0.5,gis_post_distance,0
LAW118,LAW,118,A4.1-A4.2,TYLA,0,2025,Re_Veg Parcels 2025 IND_BLK_TIN_BGP_BIS_LAW.xlsx,98.89,198,0.5,gis_post_distance,0
LAW118,LAW,118,A4.2-A4.0,TYLA,0,2025,Re_Veg Parcels 2025 IND_BLK_TIN_BGP_BIS_LAW.xlsx,98.52,197,0.5,gis_post_distance,0
LAW118,LAW,118,1.1-1.0,TYLA,0,2025,Re_Veg Parcels 2025 IND_BLK_TIN_BGP_BIS_LAW.xlsx,57.81,116,0.5,gis_post_distance,0
LAW118,LAW,118,2.1-2.0,TYLA,0,2025,Re_Veg Parcels 2025 IND_BLK_TIN_BGP_BIS_LAW.xlsx,74.94,150,0.5,gis_post_distance,0
LAW118,LAW,118,3.1-3.0,TYLA,0,2025,Re_Veg Parcels 2025 IND_BLK_TIN_BGP_BIS_LAW.xlsx,100.51,201,0.5,gis_post_distance,0
LAW118,LAW,118,4.1-4.0,TYLA,0,2025,Re_Veg Parcels 2025 IND_BLK_TIN_BGP_BIS_LAW.xlsx,101.43,203,0.5,gis_post_distance,0
LAW118,LAW,118,5.1-5.2,TYLA,0,2025,Re_Veg Parcels 2025 IND_BLK_TIN_BGP_BIS_LAW.xlsx,100.47,201,0.5,gis_post_distance,0
LAW118,LAW,118,5.2-5.0,TYLA,0,2025,Re_Veg Parcels 2025 IND_BLK_TIN_BGP_BIS_LAW.xlsx,100.11,200,0.5,gis_post_distance,0
LAW118,LAW,118,6.1-6.2,TYLA,0,2025,Re_Veg Parcels 2025 IND_BLK_TIN_BGP_BIS_LAW.xlsx,97.2,194,0.5,gis_post_distance,0
LAW118,LAW,118,6.2-6.0,TYLA,0,2025,Re_Veg Parcels 2025 IND_BLK_TIN_BGP_BIS_LAW.xlsx,104.44,209,0.5,gis_post_distance,0
LAW118,LAW,118,7.1-7.2,TYLA,0,2025,Re_Veg Parcels 2025 IND_BLK_TIN_BGP_BIS_LAW.xlsx,99.34,199,0.5,gis_post_distance,0
LAW118,LAW,118,7.2-7.0,TYLA,0,2025,Re_Veg Parcels 2025 IND_BLK_TIN_BGP_BIS_LAW.xlsx,100.52,201,0.5,gis_post_distance,0
LAW118,LAW,118,8.1-8.2,TYLA,0,2025,Re_Veg Parcels 2025 IND_BLK_TIN_BGP_BIS_LAW.xlsx,100.08,200,0.5,gis_post_distance,0
LAW118,LAW,118,8.2-8.0,TYLA,0,2025,Re_Veg Parcels 2025 IND_BLK_TIN_BGP_BIS_LAW.xlsx,101.13,202,0.5,gis_post_distance,0
LAW118,LAW,118,9.1-9.2,TYLA,2,2025,Re_Veg Parcels 2025 IND_BLK_TIN_BGP_BIS_LAW.xlsx,98.92,198,0.5,gis_post_distance,1.0101010101010102
LAW118,LAW,118,9.2-9.0,TYLA,2,2025,Re_Veg Parcels 2025 IND_BLK_TIN_BGP_BIS_LAW.xlsx,100.36,201,0.5,gis_post_distance,0.9950248756218906
LAW118,LAW,118,10.1-10.2,TYLA,0,2025,Re_Veg Parcels 2025 IND_BLK_TIN_BGP_BIS_LAW.xlsx,100.47,201,0.5,gis_post_distance,0
LAW118,LAW,118,10.2-10.0,TYLA,0,2025,Re_Veg Parcels 2025 IND_BLK_TIN_BGP_BIS_LAW.xlsx,98.9,198,0.5,gis_post_distance,0
LAW118,LAW,118,A1.2-A1.0,HOJU,0,2025,Re_Veg Parcels 2025 IND_BLK_TIN_BGP_BIS_LAW.xlsx,98.68,197,0.5,gis_post_distance,0
LAW118,LAW,118,A2.2-A2.0,HOJU,0,2025,Re_Veg Parcels 2025 IND_BLK_TIN_BGP_BIS_LAW.xlsx,96.4,193,0.5,gis_post_distance,0
LAW118,LAW,118,A3.2-A3.0,HOJU,0,2025,Re_Veg Parcels 2025 IND_BLK_TIN_BGP_BIS_LAW.xlsx,100.55,201,0.5,gis_post_distance,0
LAW118,LAW,118,A4.1-A4.2,HOJU,0,2025,Re_Veg Parcels 2025 IND_BLK_TIN_BGP_BIS_LAW.xlsx,98.89,198,0.5,gis_post_distance,0
LAW118,LAW,118,A4.2-A4.0,HOJU,0,2025,Re_Veg Parcels 2025 IND_BLK_TIN_BGP_BIS_LAW.xlsx,98.52,197,0.5,gis_post_distance,0
LAW118,LAW,118,1.1-1.0,HOJU,0,2025,Re_Veg Parcels 2025 IND_BLK_TIN_BGP_BIS_LAW.xlsx,57.81,116,0.5,gis_post_distance,0
LAW118,LAW,118,2.1-2.0,HOJU,0,2025,Re_Veg Parcels 2025 IND_BLK_TIN_BGP_BIS_LAW.xlsx,74.94,150,0.5,gis_post_distance,0
LAW118,LAW,118,3.1-3.0,HOJU,0,2025,Re_Veg Parcels 2025 IND_BLK_TIN_BGP_BIS_LAW.xlsx,100.51,201,0.5,gis_post_distance,0
LAW118,LAW,118,4.1-4.0,HOJU,0,2025,Re_Veg Parcels 2025 IND_BLK_TIN_BGP_BIS_LAW.xlsx,101.43,203,0.5,gis_post_distance,0
LAW118,LAW,118,5.1-5.2,HOJU,0,2025,Re_Veg Parcels 2025 IND_BLK_TIN_BGP_BIS_LAW.xlsx,100.47,201,0.5,gis_post_distance,0
LAW118,LAW,118,5.2-5.0,HOJU,0,2025,Re_Veg Parcels 2025 IND_BLK_TIN_BGP_BIS_LAW.xlsx,100.11,200,0.5,gis_post_distance,0
LAW118,LAW,118,6.1-6.2,HOJU,0,2025,Re_Veg Parcels 2025 IND_BLK_TIN_BGP_BIS_LAW.xlsx,97.2,194,0.5,gis_post_distance,0
LAW118,LAW,118,6.2-6.0,HOJU,0,2025,Re_Veg Parcels 2025 IND_BLK_TIN_BGP_BIS_LAW.xlsx,104.44,209,0.5,gis_post_distance,0
LAW118,LAW,118,7.1-7.2,HOJU,0,2025,Re_Veg Parcels 2025 IND_BLK_TIN_BGP_BIS_LAW.xlsx,99.34,199,0.5,gis_post_distance,0
LAW118,LAW,118,7.2-7.0,HOJU,0,2025,Re_Veg Parcels 2025 IND_BLK_TIN_BGP_BIS_LAW.xlsx,100.52,201,0.5,gis_post_distance,0
LAW118,LAW,118,8.1-8.2,HOJU,0,2025,Re_Veg Parcels 2025 IND_BLK_TIN_BGP_BIS_LAW.xlsx,100.08,200,0.5,gis_post_distance,0
LAW118,LAW,118,8.2-8.0,HOJU,0,2025,Re_Veg Parcels 2025 IND_BLK_TIN_BGP_BIS_LAW.xlsx,101.13,202,0.5,gis_post_distance,0
LAW118,LAW,118,9.1-9.2,HOJU,0,2025,Re_Veg Parcels 2025 IND_BLK_TIN_BGP_BIS_LAW.xlsx,98.92,198,0.5,gis_post_distance,0
LAW118,LAW,118,9.2-9.0,HOJU,0,2025,Re_Veg Parcels 2025 IND_BLK_TIN_BGP_BIS_LAW.xlsx,100.36,201,0.5,gis_post_distance,0
LAW118,LAW,118,10.1-10.2,HOJU,2,2025,Re_Veg Parcels 2025 IND_BLK_TIN_BGP_BIS_LAW.xlsx,100.47,201,0.5,gis_post_distance,0.9950248756218906
LAW118,LAW,118,10.2-10.0,HOJU,0,2025,Re_Veg Parcels 2025 IND_BLK_TIN_BGP_BIS_LAW.xlsx,98.9,198,0.5,gis_post_distance,0
LAW118,LAW,118,A1.2-A1.0,MEAL2,0,2025,Re_Veg Parcels 2025 IND_BLK_TIN_BGP_BIS_LAW.xlsx,98.68,197,0.5,gis_post_distance,0
LAW118,LAW,118,A2.2-A2.0,MEAL2,0,2025,Re_Veg Parcels 2025 IND_BLK_TIN_BGP_BIS_LAW.xlsx,96.4,193,0.5,gis_post_distance,0
LAW118,LAW,118,A3.2-A3.0,MEAL2,0,2025,Re_Veg Parcels 2025 IND_BLK_TIN_BGP_BIS_LAW.xlsx,100.55,201,0.5,gis_post_distance,0
LAW118,LAW,118,A4.1-A4.2,MEAL2,0,2025,Re_Veg Parcels 2025 IND_BLK_TIN_BGP_BIS_LAW.xlsx,98.89,198,0.5,gis_post_distance,0
LAW118,LAW,118,A4.2-A4.0,MEAL2,0,2025,Re_Veg Parcels 2025 IND_BLK_TIN_BGP_BIS_LAW.xlsx,98.52,197,0.5,gis_post_distance,0
LAW118,LAW,118,1.1-1.0,MEAL2,0,2025,Re_Veg Parcels 2025 IND_BLK_TIN_BGP_BIS_LAW.xlsx,57.81,116,0.5,gis_post_distance,0
LAW118,LAW,118,2.1-2.0,MEAL2,0,2025,Re_Veg Parcels 2025 IND_BLK_TIN_BGP_BIS_LAW.xlsx,74.94,150,0.5,gis_post_distance,0
LAW118,LAW,118,3.1-3.0,MEAL2,0,2025,Re_Veg Parcels 2025 IND_BLK_TIN_BGP_BIS_LAW.xlsx,100.51,201,0.5,gis_post_distance,0
LAW118,LAW,118,4.1-4.0,MEAL2,0,2025,Re_Veg Parcels 2025 IND_BLK_TIN_BGP_BIS_LAW.xlsx,101.43,203,0.5,gis_post_distance,0
LAW118,LAW,118,5.1-5.2,MEAL2,0,2025,Re_Veg Parcels 2025 IND_BLK_TIN_BGP_BIS_LAW.xlsx,100.47,201,0.5,gis_post_distance,0
LAW118,LAW,118,5.2-5.0,MEAL2,0,2025,Re_Veg Parcels 2025 IND_BLK_TIN_BGP_BIS_LAW.xlsx,100.11,200,0.5,gis_post_distance,0
LAW118,LAW,118,6.1-6.2,MEAL2,0,2025,Re_Veg Parcels 2025 IND_BLK_TIN_BGP_BIS_LAW.xlsx,97.2,194,0.5,gis_post_distance,0
LAW118,LAW,118,6.2-6.0,MEAL2,0,2025,Re_Veg Parcels 2025 IND_BLK_TIN_BGP_BIS_LAW.xlsx,104.44,209,0.5,gis_post_distance,0
LAW118,LAW,118,7.1-7.2,MEAL2,0,2025,Re_Veg Parcels 2025 IND_BLK_TIN_BGP_BIS_LAW.xlsx,99.34,199,0.5,gis_post_distance,0
LAW118,LAW,118,7.2-7.0,MEAL2,0,2025,Re_Veg Parcels 2025 IND_BLK_TIN_BGP_BIS_LAW.xlsx,100.52,201,0.5,gis_post_distance,0
LAW118,LAW,118,8.1-8.2,MEAL2,0,2025,Re_Veg Parcels 2025 IND_BLK_TIN_BGP_BIS_LAW.xlsx,100.08,200,0.5,gis_post_distance,0
LAW118,LAW,118,8.2-8.0,MEAL2,0,2025,Re_Veg Parcels 2025 IND_BLK_TIN_BGP_BIS_LAW.xlsx,101.13,202,0.5,gis_post_distance,0
LAW118,LAW,118,9.1-9.2,MEAL2,2,2025,Re_Veg Parcels 2025 IND_BLK_TIN_BGP_BIS_LAW.xlsx,98.92,198,0.5,gis_post_distance,1.0101010101010102
LAW118,LAW,118,9.2-9.0,MEAL2,0,2025,Re_Veg Parcels 2025 IND_BLK_TIN_BGP_BIS_LAW.xlsx,100.36,201,0.5,gis_post_distance,0
LAW118,LAW,118,10.1-10.2,MEAL2,0,2025,Re_Veg Parcels 2025 IND_BLK_TIN_BGP_BIS_LAW.xlsx,100.47,201,0.5,gis_post_distance,0
LAW118,LAW,118,10.2-10.0,MEAL2,0,2025,Re_Veg Parcels 2025 IND_BLK_TIN_BGP_BIS_LAW.xlsx,98.9,198,0.5,gis_post_distance,0
LAW118,LAW,118,A1.2-A1.0,PSPO,0,2025,Re_Veg Parcels 2025 IND_BLK_TIN_BGP_BIS_LAW.xlsx,98.68,197,0.5,gis_post_distance,0
LAW118,LAW,118,A2.2-A2.0,PSPO,0,2025,Re_Veg Parcels 2025 IND_BLK_TIN_BGP_BIS_LAW.xlsx,96.4,193,0.5,gis_post_distance,0
LAW118,LAW,118,A3.2-A3.0,PSPO,0,2025,Re_Veg Parcels 2025 IND_BLK_TIN_BGP_BIS_LAW.xlsx,100.55,201,0.5,gis_post_distance,0
LAW118,LAW,118,A4.1-A4.2,PSPO,0,2025,Re_Veg Parcels 2025 IND_BLK_TIN_BGP_BIS_LAW.xlsx,98.89,198,0.5,gis_post_distance,0
LAW118,LAW,118,A4.2-A4.0,PSPO,0,2025,Re_Veg Parcels 2025 IND_BLK_TIN_BGP_BIS_LAW.xlsx,98.52,197,0.5,gis_post_distance,0
LAW118,LAW,118,1.1-1.0,PSPO,0,2025,Re_Veg Parcels 2025 IND_BLK_TIN_BGP_BIS_LAW.xlsx,57.81,116,0.5,gis_post_distance,0
LAW118,LAW,118,2.1-2.0,PSPO,0,2025,Re_Veg Parcels 2025 IND_BLK_TIN_BGP_BIS_LAW.xlsx,74.94,150,0.5,gis_post_distance,0
LAW118,LAW,118,3.1-3.0,PSPO,0,2025,Re_Veg Parcels 2025 IND_BLK_TIN_BGP_BIS_LAW.xlsx,100.51,201,0.5,gis_post_distance,0
LAW118,LAW,118,4.1-4.0,PSPO,0,2025,Re_Veg Parcels 2025 IND_BLK_TIN_BGP_BIS_LAW.xlsx,101.43,203,0.5,gis_post_distance,0
LAW118,LAW,118,5.1-5.2,PSPO,2,2025,Re_Veg Parcels 2025 IND_BLK_TIN_BGP_BIS_LAW.xlsx,100.47,201,0.5,gis_post_distance,0.9950248756218906
LAW118,LAW,118,5.2-5.0,PSPO,0,2025,Re_Veg Parcels 2025 IND_BLK_TIN_BGP_BIS_LAW.xlsx,100.11,200,0.5,gis_post_distance,0
LAW118,LAW,118,6.1-6.2,PSPO,0,2025,Re_Veg Parcels 2025 IND_BLK_TIN_BGP_BIS_LAW.xlsx,97.2,194,0.5,gis_post_distance,0
LAW118,LAW,118,6.2-6.0,PSPO,0,2025,Re_Veg Parcels 2025 IND_BLK_TIN_BGP_BIS_LAW.xlsx,104.44,209,0.5,gis_post_distance,0
LAW118,LAW,118,7.1-7.2,PSPO,0,2025,Re_Veg Parcels 2025 IND_BLK_TIN_BGP_BIS_LAW.xlsx,99.34,199,0.5,gis_post_distance,0
LAW118,LAW,118,7.2-7.0,PSPO,0,2025,Re_Veg Parcels 2025 IND_BLK_TIN_BGP_BIS_LAW.xlsx,100.52,201,0.5,gis_post_distance,0
LAW118,LAW,118,8.1-8.2,PSPO,0,2025,Re_Veg Parcels 2025 IND_BLK_TIN_BGP_BIS_LAW.xlsx,100.08,200,0.5,gis_post_distance,0
LAW118,LAW,118,8.2-8.0,PSPO,0,2025,Re_Veg Parcels 2025 IND_BLK_TIN_BGP_BIS_LAW.xlsx,101.13,202,0.5,gis_post_distance,0
LAW118,LAW,118,9.1-9.2,PSPO,0,2025,Re_Veg Parcels 2025 IND_BLK_TIN_BGP_BIS_LAW.xlsx,98.92,198,0.5,gis_post_distance,0
LAW118,LAW,118,9.2-9.0,PSPO,0,2025,Re_Veg Parcels 2025 IND_BLK_TIN_BGP_BIS_LAW.xlsx,100.36,201,0.5,gis_post_distance,0
LAW118,LAW,118,10.1-10.2,PSPO,0,2025,Re_Veg Parcels 2025 IND_BLK_TIN_BGP_BIS_LAW.xlsx,100.47,201,0.5,gis_post_distance,0
LAW118,LAW,118,10.2-10.0,PSPO,0,2025,Re_Veg Parcels 2025 IND_BLK_TIN_BGP_BIS_LAW.xlsx,98.9,198,0.5,gis_post_distance,0
LAW118,LAW,118,A1.2-A1.0,ATTO,0,2025,Re_Veg Parcels 2025 IND_BLK_TIN_BGP_BIS_LAW.xlsx,98.68,197,0.5,gis_post_distance,0
LAW118,LAW,118,A2.2-A2.0,ATTO,0,2025,Re_Veg Parcels 2025 IND_BLK_TIN_BGP_BIS_LAW.xlsx,96.4,193,0.5,gis_post_distance,0
LAW118,LAW,118,A3.2-A3.0,ATTO,0,2025,Re_Veg Parcels 2025 IND_BLK_TIN_BGP_BIS_LAW.xlsx,100.55,201,0.5,gis_post_distance,0
LAW118,LAW,118,A4.1-A4.2,ATTO,1,2025,Re_Veg Parcels 2025 IND_BLK_TIN_BGP_BIS_LAW.xlsx,98.89,198,0.5,gis_post_distance,0.5050505050505051
LAW118,LAW,118,A4.2-A4.0,ATTO,0,2025,Re_Veg Parcels 2025 IND_BLK_TIN_BGP_BIS_LAW.xlsx,98.52,197,0.5,gis_post_distance,0
LAW118,LAW,118,1.1-1.0,ATTO,0,2025,Re_Veg Parcels 2025 IND_BLK_TIN_BGP_BIS_LAW.xlsx,57.81,116,0.5,gis_post_distance,0
LAW118,LAW,118,2.1-2.0,ATTO,0,2025,Re_Veg Parcels 2025 IND_BLK_TIN_BGP_BIS_LAW.xlsx,74.94,150,0.5,gis_post_distance,0
LAW118,LAW,118,3.1-3.0,ATTO,0,2025,Re_Veg Parcels 2025 IND_BLK_TIN_BGP_BIS_LAW.xlsx,100.51,201,0.5,gis_post_distance,0
LAW118,LAW,118,4.1-4.0,ATTO,0,2025,Re_Veg Parcels 2025 IND_BLK_TIN_BGP_BIS_LAW.xlsx,101.43,203,0.5,gis_post_distance,0
LAW118,LAW,118,5.1-5.2,ATTO,0,2025,Re_Veg Parcels 2025 IND_BLK_TIN_BGP_BIS_LAW.xlsx,100.47,201,0.5,gis_post_distance,0
LAW118,LAW,118,5.2-5.0,ATTO,0,2025,Re_Veg Parcels 2025 IND_BLK_TIN_BGP_BIS_LAW.xlsx,100.11,200,0.5,gis_post_distance,0
LAW118,LAW,118,6.1-6.2,ATTO,0,2025,Re_Veg Parcels 2025 IND_BLK_TIN_BGP_BIS_LAW.xlsx,97.2,194,0.5,gis_post_distance,0
LAW118,LAW,118,6.2-6.0,ATTO,0,2025,Re_Veg Parcels 2025 IND_BLK_TIN_BGP_BIS_LAW.xlsx,104.44,209,0.5,gis_post_distance,0
LAW118,LAW,118,7.1-7.2,ATTO,0,2025,Re_Veg Parcels 2025 IND_BLK_TIN_BGP_BIS_LAW.xlsx,99.34,199,0.5,gis_post_distance,0
LAW118,LAW,118,7.2-7.0,ATTO,0,2025,Re_Veg Parcels 2025 IND_BLK_TIN_BGP_BIS_LAW.xlsx,100.52,201,0.5,gis_post_distance,0
LAW118,LAW,118,8.1-8.2,ATTO,0,2025,Re_Veg Parcels 2025 IND_BLK_TIN_BGP_BIS_LAW.xlsx,100.08,200,0.5,gis_post_distance,0
LAW118,LAW,118,8.2-8.0,ATTO,0,2025,Re_Veg Parcels 2025 IND_BLK_TIN_BGP_BIS_LAW.xlsx,101.13,202,0.5,gis_post_distance,0
LAW118,LAW,118,9.1-9.2,ATTO,0,2025,Re_Veg Parcels 2025 IND_BLK_TIN_BGP_BIS_LAW.xlsx,98.92,198,0.5,gis_post_distance,0
LAW118,LAW,118,9.2-9.0,ATTO,0,2025,Re_Veg Parcels 2025 IND_BLK_TIN_BGP_BIS_LAW.xlsx,100.36,201,0.5,gis_post_distance,0
LAW118,LAW,118,10.1-10.2,ATTO,0,2025,Re_Veg Parcels 2025 IND_BLK_TIN_BGP_BIS_LAW.xlsx,100.47,201,0.5,gis_post_distance,0
LAW118,LAW,118,10.2-10.0,ATTO,0,2025,Re_Veg Parcels 2025 IND_BLK_TIN_BGP_BIS_LAW.xlsx,98.9,198,0.5,gis_post_distance,0
LAW118,LAW,118,A1.2-A1.0,ERDI4,0,2025,Re_Veg Parcels 2025 IND_BLK_TIN_BGP_BIS_LAW.xlsx,98.68,197,0.5,gis_post_distance,0
LAW118,LAW,118,A2.2-A2.0,ERDI4,0,2025,Re_Veg Parcels 2025 IND_BLK_TIN_BGP_BIS_LAW.xlsx,96.4,193,0.5,gis_post_distance,0
LAW118,LAW,118,A3.2-A3.0,ERDI4,0,2025,Re_Veg Parcels 2025 IND_BLK_TIN_BGP_BIS_LAW.xlsx,100.55,201,0.5,gis_post_distance,0
LAW118,LAW,118,A4.1-A4.2,ERDI4,0,2025,Re_Veg Parcels 2025 IND_BLK_TIN_BGP_BIS_LAW.xlsx,98.89,198,0.5,gis_post_distance,0
LAW118,LAW,118,A4.2-A4.0,ERDI4,0,2025,Re_Veg Parcels 2025 IND_BLK_TIN_BGP_BIS_LAW.xlsx,98.52,197,0.5,gis_post_distance,0
LAW118,LAW,118,1.1-1.0,ERDI4,0,2025,Re_Veg Parcels 2025 IND_BLK_TIN_BGP_BIS_LAW.xlsx,57.81,116,0.5,gis_post_distance,0
LAW118,LAW,118,2.1-2.0,ERDI4,0,2025,Re_Veg Parcels 2025 IND_BLK_TIN_BGP_BIS_LAW.xlsx,74.94,150,0.5,gis_post_distance,0
LAW118,LAW,118,3.1-3.0,ERDI4,0,2025,Re_Veg Parcels 2025 IND_BLK_TIN_BGP_BIS_LAW.xlsx,100.51,201,0.5,gis_post_distance,0
LAW118,LAW,118,4.1-4.0,ERDI4,0,2025,Re_Veg Parcels 2025 IND_BLK_TIN_BGP_BIS_LAW.xlsx,101.43,203,0.5,gis_post_distance,0
LAW118,LAW,118,5.1-5.2,ERDI4,0,2025,Re_Veg Parcels 2025 IND_BLK_TIN_BGP_BIS_LAW.xlsx,100.47,201,0.5,gis_post_distance,0
LAW118,LAW,118,5.2-5.0,ERDI4,0,2025,Re_Veg Parcels 2025 IND_BLK_TIN_BGP_BIS_LAW.xlsx,100.11,200,0.5,gis_post_distance,0
LAW118,LAW,118,6.1-6.2,ERDI4,0,2025,Re_Veg Parcels 2025 IND_BLK_TIN_BGP_BIS_LAW.xlsx,97.2,194,0.5,gis_post_distance,0
LAW118,LAW,118,6.2-6.0,ERDI4,0,2025,Re_Veg Parcels 2025 IND_BLK_TIN_BGP_BIS_LAW.xlsx,104.44,209,0.5,gis_post_distance,0
LAW118,LAW,118,7.1-7.2,ERDI4,0,2025,Re_Veg Parcels 2025 IND_BLK_TIN_BGP_BIS_LAW.xlsx,99.34,199,0.5,gis_post_distance,0
LAW118,LAW,118,7.2-7.0,ERDI4,0,2025,Re_Veg Parcels 2025 IND_BLK_TIN_BGP_BIS_LAW.xlsx,100.52,201,0.5,gis_post_distance,0
LAW118,LAW,118,8.1-8.2,ERDI4,0,2025,Re_Veg Parcels 2025 IND_BLK_TIN_BGP_BIS_LAW.xlsx,100.08,200,0.5,gis_post_distance,0
LAW118,LAW,118,8.2-8.0,ERDI4,0,2025,Re_Veg Parcels 2025 IND_BLK_TIN_BGP_BIS_LAW.xlsx,101.13,202,0.5,gis_post_distance,0
LAW118,LAW,118,9.1-9.2,ERDI4,0,2025,Re_Veg Parcels 2025 IND_BLK_TIN_BGP_BIS_LAW.xlsx,98.92,198,0.5,gis_post_distance,0
LAW118,LAW,118,9.2-9.0,ERDI4,0,2025,Re_Veg Parcels 2025 IND_BLK_TIN_BGP_BIS_LAW.xlsx,100.36,201,0.5,gis_post_distance,0
LAW118,LAW,118,10.1-10.2,ERDI4,1,2025,Re_Veg Parcels 2025 IND_BLK_TIN_BGP_BIS_LAW.xlsx,100.47,201,0.5,gis_post_distance,0.4975124378109453
LAW118,LAW,118,10.2-10.0,ERDI4,0,2025,Re_Veg Parcels 2025 IND_BLK_TIN_BGP_BIS_LAW.xlsx,98.9,198,0.5,gis_post_distance,0
LAW118,LAW,118,A1.2-A1.0,SPAI,0,2025,Re_Veg Parcels 2025 IND_BLK_TIN_BGP_BIS_LAW.xlsx,98.68,197,0.5,gis_post_distance,0
LAW118,LAW,118,A2.2-A2.0,SPAI,0,2025,Re_Veg Parcels 2025 IND_BLK_TIN_BGP_BIS_LAW.xlsx,96.4,193,0.5,gis_post_distance,0
LAW118,LAW,118,A3.2-A3.0,SPAI,0,2025,Re_Veg Parcels 2025 IND_BLK_TIN_BGP_BIS_LAW.xlsx,100.55,201,0.5,gis_post_distance,0
LAW118,LAW,118,A4.1-A4.2,SPAI,0,2025,Re_Veg Parcels 2025 IND_BLK_TIN_BGP_BIS_LAW.xlsx,98.89,198,0.5,gis_post_distance,0
LAW118,LAW,118,A4.2-A4.0,SPAI,0,2025,Re_Veg Parcels 2025 IND_BLK_TIN_BGP_BIS_LAW.xlsx,98.52,197,0.5,gis_post_distance,0
LAW118,LAW,118,1.1-1.0,SPAI,0,2025,Re_Veg Parcels 2025 IND_BLK_TIN_BGP_BIS_LAW.xlsx,57.81,116,0.5,gis_post_distance,0
LAW118,LAW,118,2.1-2.0,SPAI,0,2025,Re_Veg Parcels 2025 IND_BLK_TIN_BGP_BIS_LAW.xlsx,74.94,150,0.5,gis_post_distance,0
LAW118,LAW,118,3.1-3.0,SPAI,0,2025,Re_Veg Parcels 2025 IND_BLK_TIN_BGP_BIS_LAW.xlsx,100.51,201,0.5,gis_post_distance,0
LAW118,LAW,118,4.1-4.0,SPAI,0,2025,Re_Veg Parcels 2025 IND_BLK_TIN_BGP_BIS_LAW.xlsx,101.43,203,0.5,gis_post_distance,0
LAW118,LAW,118,5.1-5.2,SPAI,0,2025,Re_Veg Parcels 2025 IND_BLK_TIN_BGP_BIS_LAW.xlsx,100.47,201,0.5,gis_post_distance,0
LAW118,LAW,118,5.2-5.0,SPAI,0,2025,Re_Veg Parcels 2025 IND_BLK_TIN_BGP_BIS_LAW.xlsx,100.11,200,0.5,gis_post_distance,0
LAW118,LAW,118,6.1-6.2,SPAI,0,2025,Re_Veg Parcels 2025 IND_BLK_TIN_BGP_BIS_LAW.xlsx,97.2,194,0.5,gis_post_distance,0
LAW118,LAW,118,6.2-6.0,SPAI,0,2025,Re_Veg Parcels 2025 IND_BLK_TIN_BGP_BIS_LAW.xlsx,104.44,209,0.5,gis_post_distance,0
LAW118,LAW,118,7.1-7.2,SPAI,0,2025,Re_Veg Parcels 2025 IND_BLK_TIN_BGP_BIS_LAW.xlsx,99.34,199,0.5,gis_post_distance,0
LAW118,LAW,118,7.2-7.0,SPAI,0,2025,Re_Veg Parcels 2025 IND_BLK_TIN_BGP_BIS_LAW.xlsx,100.52,201,0.5,gis_post_distance,0
LAW118,LAW,118,8.1-8.2,SPAI,0,2025,Re_Veg Parcels 2025 IND_BLK_TIN_BGP_BIS_LAW.xlsx,100.08,200,0.5,gis_post_distance,0
LAW118,LAW,118,8.2-8.0,SPAI,0,2025,Re_Veg Parcels 2025 IND_BLK_TIN_BGP_BIS_LAW.xlsx,101.13,202,0.5,gis_post_distance,0
LAW118,LAW,118,9.1-9.2,SPAI,0,2025,Re_Veg Parcels 2025 IND_BLK_TIN_BGP_BIS_LAW.xlsx,98.92,198,0.5,gis_post_distance,0
LAW118,LAW,118,9.2-9.0,SPAI,0,2025,Re_Veg Parcels 2025 IND_BLK_TIN_BGP_BIS_LAW.xlsx,100.36,201,0.5,gis_post_distance,0
LAW118,LAW,118,10.1-10.2,SPAI,0,2025,Re_Veg Parcels 2025 IND_BLK_TIN_BGP_BIS_LAW.xlsx,100.47,201,0.5,gis_post_distance,0
LAW118,LAW,118,10.2-10.0,SPAI,1,2025,Re_Veg Parcels 2025 IND_BLK_TIN_BGP_BIS_LAW.xlsx,98.9,198,0.5,gis_post_distance,0.5050505050505051
