Parcel,Species,n_transects,mean_cover,sd_cover,mean_relative,sd_relative
LAW024,ERNA10,2,16.25,8.838834764831844,39.42307692307692,50.313367122888955
LAW048,ATTO,2,13.75,8.838834764831844,15.172413793103448,6.82723788731839
LAW048,ERNA10,3,26.666666666666668,11.547005383792516,27.45627186406797,7.392160867885166
