Species,n_transects,n_parcels,mean_cover,sd_cover,mean_relative,sd_relative
ATTO,2,1,13.75,8.838834764831844,15.172413793103448,6.82723788731839
ERNA10,5,2,22.5,10.897247358851684,32.24299388767155,26.51682627983775
