Species,n_transects,n_parcels,n_transects_with_species,n_transects_zero,mean_cover,sd_cover,mean_relative,sd_relative
ATTO,188,10,2,186,0.026595744680851033,0.26231202871695136,0.16140865737344098,1.6386337401246889
ERNA10,188,10,5,183,0.14893617021276614,1.0592848642888515,0.8575264331827529,6.488317547759073
