Parcel,Year,Transect,combined_hits,combined_cover,combined_relative
LAW024,2025,8,1,1,3.8461538461538463
LAW024,2025,9,9,9,75
LAW048,2025,1,2,2,20
LAW048,2025,3,2,2,20
LAW048,2025,4,11,11,37.93103448275862
LAW048,2025,5,8,8,34.78260869565217
