Parcel,Species,n_transects,mean_cover,sd_cover,mean_relative,sd_relative
LAW024,ERNA10,2,5,5.656854249492381,39.42307692307692,50.313367122888955
LAW048,ATTO,2,2.5,0.7071067811865476,15.172413793103448,6.82723788731839
LAW048,ERNA10,3,6,3.4641016151377544,27.456271864067965,7.3921608678851625
