Species,n_transects,n_parcels,mean_cover,sd_cover,mean_relative,sd_relative
ATTO,2,1,2.5,0.7071067811865476,15.172413793103448,6.82723788731839
ERNA10,5,2,5.6,3.7815340802378077,32.242993887671545,26.51682627983775
